$SPEC_ID:
No sample description was entered.
$SPEC_REM:
DET# 1
DETDESC# DLAB-PHY-L3-48 Model 928 SN 14118571
AP# Maestro Version 7.01
$DATE_MEA:
02/19/2026 14:40:49
$MEAS_TIM:
1446 1879
$DATA:
0 16383
       0
       0
       0
       0
       0
       0
       0
       0
       0
       0
       0
       0
       0
       0
       0
       0
       2
       0
       3
       0
       4
       1
       2
       2
       0
       3
       3
       2
       3
       2
       1
       2
       0
       1
       0
       0
       0
       1
       0
       1
       0
       0
       0
       0
       0
       0
       0
       0
       0
       0
       0
       0
       0
       0
       0
       0
       0
       0
       0
       0
       0
       2
       0
       4
       5
      17
      70
     185
    1243
   12579
   67596
  121790
   47467
   19543
   16324
   14929
   14197
   14269
   14300
   14553
   14646
   15173
   15753
   16011
   16271
   16887
   16939
   17387
   17752
   17696
   18245
   18464
   18622
   18799
   19301
   19138
   19155
   19452
   19485
   19565
   19765
   19592
   19871
   19809
   19772
   20071
   19969
   20130
   20254
   20419
   20540
   20570
   20530
   20797
   20770
   20973
   21283
   21170
   21520
   21502
   21649
   21991
   22246
   22263
   22455
   22476
   22810
   22748
   23130
   23548
   23469
   23798
   24154
   23973
   24360
   24671
   24983
   24879
   24976
   25431
   25745
   26217
   26398
   26464
   26587
   27216
   27386
   27455
   27919
   27954
   27971
   28161
   28570
   28521
   29289
   29256
   29465
   29598
   29821
   30099
   29899
   29637
   30247
   30362
   29696
   30288
   30223
   30474
   30261
   30196
   30315
   30560
   30154
   30091
   30007
   30208
   30282
   29546
   29797
   29712
   29653
   29443
   29482
   29007
   29067
   29299
   28809
   29108
   28495
   28782
   28594
   28442
   27897
   28083
   27777
   27944
   27894
   27748
   27586
   27362
   27131
   27490
   27340
   27146
   27335
   27270
   27137
   27019
   26808
   26842
   26994
   26791
   27005
   26836
   27079
   26898
   26494
   26612
   26319
   26880
   26484
   26744
   26687
   26653
   26628
   26391
   26787
   26887
   26467
   26508
   26637
   26501
   26907
   26974
   26983
   26757
   26971
   26724
   26733
   27014
   26739
   27045
   26752
   27147
   26814
   26928
   27087
   26870
   26934
   27045
   26702
   27198
   27014
   26701
   27082
   27361
   27345
   27179
   27098
   27545
   27634
   27159
   27385
   27495
   27132
   27209
   27505
   27839
   27167
   27676
   27533
   27586
   27640
   27648
   27368
   27783
   27579
   27463
   27356
   27421
   27665
   27449
   27579
   27696
   27735
   27837
   27741
   28012
   27782
   27777
   27736
   27780
   27835
   27716
   27890
   27797
   27951
   27842
   27852
   27673
   27718
   27729
   27917
   27797
   27905
   28094
   28022
   27911
   27965
   28088
   27733
   28082
   28203
   28017
   28046
   28057
   28175
   28151
   27975
   28256
   28182
   28134
   28350
   28226
   28252
   28103
   28243
   27967
   28383
   27895
   27963
   28203
   27724
   28100
   28107
   28261
   28165
   28472
   28412
   28180
   28195
   28135
   27882
   28018
   27822
   27946
   28199
   28063
   28188
   27984
   28097
   28264
   28456
   28160
   28183
   28149
   28305
   28285
   28013
   28122
   27882
   27683
   28235
   27982
   27863
   28024
   28033
   28347
   28252
   27849
   27924
   27874
   28491
   28268
   28188
   28094
   28179
   28351
   28107
   28566
   28296
   28404
   28143
   28475
   28277
   28206
   28549
   28684
   28445
   28729
   28426
   28599
   28353
   28722
   28506
   28865
   28762
   28869
   28733
   28753
   29159
   28957
   29154
   28642
   29227
   28904
   29465
   29223
   29251
   29257
   29409
   29261
   29463
   29321
   29592
   29338
   29384
   29571
   29968
   29644
   29845
   30037
   29767
   29784
   29893
   30267
   30317
   30375
   30464
   30267
   30131
   30548
   30938
   30782
   30641
   30655
   30849
   30747
   30992
   30817
   30812
   31052
   30576
   30930
   31149
   31006
   31176
   31302
   30847
   31359
   31442
   31523
   31336
   31193
   31258
   31485
   31385
   31396
   31360
   31493
   31678
   31491
   31281
   31571
   31313
   31370
   31569
   31661
   31479
   31178
   31226
   31390
   31309
   30809
   31253
   31136
   31402
   31118
   30907
   30829
   31311
   30820
   30614
   30917
   31030
   30999
   30367
   30807
   30498
   30577
   30576
   30613
   30328
   30423
   30339
   30176
   30097
   30109
   29957
   30024
   29903
   29910
   30118
   29621
   29684
   29401
   29471
   29733
   29291
   28962
   29139
   29074
   28991
   28653
   28969
   28612
   28520
   28155
   28398
   28198
   28297
   28137
   28076
   28005
   27931
   27962
   27850
   27380
   27307
   26954
   27108
   26995
   26950
   26878
   26656
   26128
   26428
   26403
   26263
   26377
   25745
   26138
   25852
   26205
   25676
   25602
   25475
   25615
   25388
   25232
   24773
   24624
   24951
   24717
   24894
   24309
   24319
   24097
   24094
   24123
   23961
   23981
   23744
   23676
   23315
   23240
   23032
   23098
   23083
   22661
   22473
   22462
   22527
   22343
   22412
   21977
   21989
   22025
   21858
   21527
   21856
   21316
   21561
   21297
   21108
   21198
   20934
   20952
   20186
   20613
   20512
   20610
   20304
   20019
   20233
   20074
   19826
   19650
   19400
   19448
   19500
   19380
   19341
   19043
   19079
   18619
   18806
   18872
   18262
   18697
   18318
   18638
   18199
   18090
   18082
   18054
   18109
   17824
   17664
   17774
   17425
   17566
   17433
   17224
   17238
   17215
   16930
   17058
   16811
   16740
   16526
   16716
   16625
   16440
   16483
   16316
   16201
   16004
   16208
   16068
   15900
   15929
   15695
   16000
   15807
   15586
   15777
   15515
   15500
   15650
   15187
   15358
   15283
   15255
   15157
   14750
   15207
   14931
   14891
   15024
   14875
   14863
   14866
   14542
   14724
   14657
   14575
   14416
   14466
   14281
   14157
   14248
   14166
   14201
   13902
   14132
   13817
   14084
   14004
   13814
   13833
   13750
   13712
   13871
   13503
   13492
   13562
   13745
   13529
   13350
   13383
   13461
   13482
   13474
   13193
   13356
   13414
   13363
   13055
   13264
   13041
   13032
   12878
   12936
   12978
   12720
   12832
   12890
   12988
   12840
   12593
   12686
   12596
   12486
   12739
   12609
   12396
   12617
   12539
   12401
   12726
   12315
   12582
   12484
   12389
   12331
   12199
   12241
   12240
   12363
   12344
   12417
   12148
   12226
   12315
   12234
   12100
   11940
   12052
   11967
   11774
   11974
   12152
   12051
   11623
   12018
   11839
   11983
   11819
   11691
   11658
   11665
   11961
   11815
   11742
   11884
   11818
   11576
   11679
   11691
   11902
   11575
   11531
   11588
   11506
   11306
   11391
   11384
   11599
   11398
   11261
   11533
   11396
   11394
   11284
   11403
   11374
   11446
   11254
   11435
   11459
   11375
   11030
   11455
   11279
   11353
   11224
   11344
   11229
   11225
   11242
   11055
   11123
   11249
   11071
   11107
   10862
   11311
   10985
   10868
   10916
   10974
   11006
   10805
   10864
   10826
   10858
   10833
   11027
   10711
   10815
   10749
   10777
   10854
   10932
   10954
   10702
   10833
   10813
   10760
   10589
   10692
   10823
   10749
   10595
   10751
   10640
   10720
   10597
   10627
   10794
   10703
   10675
   10618
   10693
   10610
   10580
   10496
   10583
   10701
   10544
   10413
   10594
   10514
   10411
   10307
   10491
   10493
   10470
   10490
   10426
   10452
   10399
   10489
   10484
   10353
   10254
   10280
   10481
   10236
   10170
   10393
   10329
   10284
   10292
   10150
   10240
   10248
   10390
   10290
   10312
   10211
   10203
   10147
   10169
   10077
   10271
   10151
   10091
   10267
   10214
   10224
   10045
   10140
   10154
   10064
   10205
   10221
   10258
   10115
   10133
   10142
   10042
   10183
   10158
   10106
   10013
   10010
    9976
   10019
   10232
   10007
    9788
   10185
    9914
    9822
    9946
    9881
    9827
    9796
   10057
    9990
   10113
    9920
    9686
    9900
    9947
   10012
    9748
    9819
   10040
    9869
    9973
    9854
    9875
   10034
    9995
    9800
    9739
    9819
    9904
    9855
    9865
    9971
    9755
    9790
    9559
    9832
    9801
    9832
    9742
    9805
    9872
    9670
    9828
    9668
    9650
    9662
    9699
    9741
    9871
    9743
    9709
    9875
    9515
    9723
    9706
    9763
    9856
    9571
    9573
    9745
    9799
    9681
    9603
    9654
    9816
    9553
    9596
    9493
    9848
    9642
    9604
    9649
    9598
    9748
    9615
    9588
    9625
    9640
    9682
    9439
    9590
    9724
    9535
    9585
    9422
    9425
    9379
    9578
    9485
    9599
    9252
    9224
    9550
    9418
    9392
    9379
    9461
    9377
    9449
    9185
    9382
    9228
    9376
    9388
    9347
    9195
    9458
    9335
    9305
    9361
    9303
    9161
    9450
    9285
    9295
    9207
    9161
    9370
    9057
    9090
    9266
    9385
    9295
    9220
    9189
    9296
    9407
    9205
    9174
    9265
    9014
    9297
    9272
    9207
    9243
    9222
    9186
    9195
    9140
    9241
    9060
    9109
    8880
    9160
    9008
    9092
    9078
    9047
    9051
    9149
    8966
    9111
    9240
    8891
    9034
    9111
    9028
    8857
    8989
    9059
    9058
    8905
    8894
    9114
    8853
    9073
    8768
    8945
    9073
    8862
    8838
    9057
    9062
    8803
    8805
    9058
    8939
    9018
    9033
    8996
    9132
    8885
    9019
    8981
    8893
    8939
    8901
    8840
    8775
    8769
    8898
    8861
    8754
    8975
    8782
    8776
    8900
    8964
    8917
    8908
    8678
    8700
    8757
    8928
    8862
    8794
    8851
    8758
    8821
    8923
    8832
    8744
    8820
    8727
    8808
    8894
    8911
    8883
    8699
    8679
    8750
    8728
    8797
    8801
    8755
    8691
    8707
    8755
    8819
    8805
    8638
    8722
    8682
    8693
    8589
    8651
    8632
    8723
    8539
    8546
    8784
    8781
    8671
    8714
    8652
    8745
    8484
    8770
    8641
    8566
    8600
    8672
    8644
    8672
    8592
    8603
    8635
    8509
    8650
    8570
    8676
    8758
    8651
    8570
    8520
    8549
    8734
    8625
    8617
    8555
    8572
    8562
    8493
    8574
    8749
    8696
    8530
    8616
    8601
    8542
    8734
    8685
    8511
    8626
    8524
    8554
    8620
    8692
    8692
    8680
    8610
    8526
    8559
    8434
    8586
    8503
    8691
    8592
    8516
    8572
    8430
    8431
    8448
    8369
    8720
    8462
    8394
    8486
    8682
    8518
    8511
    8617
    8469
    8355
    8726
    8558
    8430
    8633
    8524
    8397
    8455
    8613
    8716
    8458
    8381
    8274
    8631
    8565
    8703
    8562
    8317
    8347
    8594
    8374
    8681
    8419
    8653
    8548
    8438
    8412
    8579
    8454
    8478
    8468
    8460
    8643
    8405
    8519
    8539
    8502
    8620
    8635
    8566
    8494
    8593
    8547
    8552
    8580
    8551
    8487
    8425
    8499
    8606
    8475
    8691
    8600
    8495
    8554
    8547
    8435
    8663
    8447
    8400
    8410
    8484
    8555
    8355
    8461
    8550
    8563
    8672
    8543
    8366
    8510
    8718
    8585
    8489
    8457
    8650
    8397
    8575
    8198
    8443
    8629
    8627
    8642
    8593
    8379
    8449
    8445
    8534
    8407
    8649
    8517
    8628
    8421
    8578
    8615
    8533
    8590
    8467
    8613
    8507
    8558
    8472
    8469
    8524
    8539
    8541
    8413
    8400
    8481
    8362
    8488
    8655
    8402
    8640
    8486
    8448
    8663
    8598
    8437
    8558
    8404
    8651
    8575
    8425
    8552
    8739
    8504
    8613
    8553
    8510
    8666
    8616
    8609
    8672
    8600
    8663
    8601
    8470
    8497
    8542
    8565
    8408
    8537
    8413
    8512
    8537
    8540
    8546
    8783
    8502
    8697
    8618
    8768
    8596
    8614
    8685
    8594
    8523
    8530
    8561
    8518
    8789
    8515
    8694
    8558
    8641
    8481
    8672
    8541
    8667
    8772
    8540
    8548
    8598
    8565
    8605
    8687
    8607
    8486
    8437
    8570
    8665
    8720
    8489
    8680
    8627
    8507
    8628
    8553
    8853
    8677
    8581
    8709
    8623
    8631
    8688
    8804
    8652
    8681
    8643
    8643
    8802
    8751
    8775
    8723
    8676
    8704
    8567
    8756
    8523
    8646
    8603
    8719
    8719
    8770
    8790
    8816
    8717
    8628
    8634
    8676
    8638
    8712
    8669
    8762
    8698
    8727
    8746
    8573
    8799
    8674
    8713
    8821
    8668
    8917
    8720
    8871
    8719
    8711
    8844
    8645
    8813
    8667
    8763
    8715
    8908
    8930
    8955
    8904
    8940
    8828
    8916
    8990
    8702
    8808
    8989
    8767
    8929
    8784
    8927
    8781
    8841
    8832
    8872
    8977
    8883
    8986
    9051
    8803
    8727
    8763
    8762
    8986
    9014
    8875
    9021
    8961
    9042
    8857
    9048
    8784
    9048
    9052
    9003
    8805
    9143
    8802
    8920
    9002
    8967
    8781
    8931
    8980
    9080
    8980
    8982
    8983
    9049
    8902
    8978
    9184
    9051
    8880
    9058
    8941
    9054
    9187
    9000
    9099
    9212
    9050
    8903
    8982
    9040
    9163
    9179
    9106
    9071
    8918
    9236
    9201
    9030
    9145
    9123
    9089
    9078
    8978
    9067
    9178
    9064
    9088
    9138
    9153
    9153
    9139
    9083
    9230
    8922
    9187
    9119
    9223
    9131
    9137
    9192
    9120
    9184
    9215
    9071
    9176
    9138
    9087
    9201
    9261
    9119
    9294
    9083
    9120
    9249
    9348
    9234
    9227
    9401
    9105
    9213
    9292
    9233
    9188
    9027
    9120
    8888
    9248
    9264
    9178
    9244
    9179
    9086
    9230
    9156
    9174
    9524
    9349
    9202
    9300
    9385
    9151
    9206
    9194
    9179
    9330
    9242
    9330
    9425
    9342
    9271
    9349
    9238
    8992
    9199
    9198
    9334
    9438
    9205
    8973
    9195
    9212
    9134
    9229
    9109
    9177
    9344
    9188
    9198
    9030
    9104
    9219
    9267
    9105
    9084
    9121
    9176
    9292
    9189
    9337
    9139
    9187
    9173
    9257
    9286
    9085
    9113
    9115
    9024
    8981
    9167
    9144
    9218
    9351
    9425
    9277
    9062
    9143
    8941
    9030
    9121
    9184
    9098
    8947
    8979
    9100
    9320
    9117
    9132
    9158
    9045
    9130
    9106
    8952
    9094
    9047
    9071
    9119
    8980
    9172
    8807
    8844
    8912
    8933
    8788
    9003
    8713
    9065
    8878
    8880
    8857
    8928
    8937
    8986
    8819
    8963
    8851
    8885
    8982
    8912
    8793
    8807
    8951
    8726
    8820
    8903
    8722
    8997
    8724
    8799
    8721
    8598
    8802
    8717
    8683
    8614
    8572
    8786
    8611
    8754
    8471
    8531
    8725
    8623
    8613
    8610
    8615
    8819
    8754
    8879
    8452
    8528
    8500
    8515
    8451
    8428
    8374
    8573
    8595
    8452
    8365
    8508
    8314
    8351
    8407
    8318
    8497
    8288
    8367
    8440
    8430
    8310
    8183
    8274
    8213
    8397
    8272
    8082
    8217
    8331
    8039
    8199
    8012
    8117
    8159
    7929
    8269
    7986
    8338
    8011
    7958
    8009
    8119
    7955
    8062
    7817
    7967
    8001
    8035
    8005
    8006
    8048
    7770
    8009
    7877
    7880
    7841
    7808
    7864
    7738
    7883
    7880
    7881
    7704
    7658
    7722
    7728
    7601
    7743
    7755
    7574
    7733
    7640
    7656
    7659
    7535
    7528
    7542
    7482
    7548
    7722
    7444
    7487
    7542
    7508
    7532
    7432
    7464
    7486
    7518
    7306
    7382
    7422
    7368
    7244
    7312
    7213
    7283
    7162
    7223
    7341
    7167
    7315
    7157
    7250
    7237
    7275
    7268
    7057
    7239
    7203
    7169
    7140
    7224
    7208
    7053
    7018
    7010
    7129
    7063
    6856
    7037
    7098
    7035
    6917
    7057
    7006
    7040
    7109
    6814
    7059
    6988
    6848
    6893
    6960
    7031
    6866
    6960
    6890
    6923
    6849
    6826
    6779
    6799
    6807
    6806
    6864
    6945
    6817
    6862
    6626
    6766
    6739
    6792
    6886
    6819
    6774
    6861
    6710
    6597
    6736
    6377
    6567
    6749
    6762
    6704
    6640
    6756
    6611
    6628
    6703
    6730
    6649
    6600
    6590
    6521
    6719
    6695
    6662
    6796
    6663
    6634
    6625
    6485
    6441
    6581
    6593
    6719
    6544
    6679
    6455
    6449
    6688
    6626
    6551
    6635
    6498
    6551
    6470
    6553
    6502
    6428
    6589
    6513
    6452
    6630
    6488
    6585
    6609
    6410
    6496
    6545
    6539
    6488
    6559
    6551
    6570
    6689
    6415
    6579
    6561
    6697
    6697
    6689
    6532
    6549
    6589
    6497
    6540
    6640
    6592
    6774
    6697
    6567
    6621
    6558
    6716
    6655
    6478
    6731
    6545
    6520
    6785
    6632
    6823
    6841
    6892
    6768
    6842
    6790
    6846
    6695
    6768
    6778
    6776
    6785
    6729
    6908
    6886
    6865
    6884
    6798
    6876
    7113
    6940
    6816
    6887
    6980
    7015
    7054
    7024
    6954
    6959
    7003
    7068
    7067
    7183
    7125
    7071
    7186
    7149
    7353
    7145
    7284
    7265
    7318
    7317
    7422
    7421
    7399
    7362
    7386
    7541
    7440
    7512
    7657
    7652
    7609
    7632
    7577
    7579
    7722
    7712
    7747
    7815
    7671
    7816
    7926
    7927
    7999
    7969
    8064
    7927
    8093
    7959
    8234
    8187
    8151
    8144
    8165
    8116
    8296
    8481
    8567
    8333
    8388
    8422
    8566
    8737
    8692
    8734
    8787
    8797
    8727
    8799
    8923
    9079
    8793
    8942
    9012
    9062
    8974
    9113
    9201
    9176
    9304
    9438
    9096
    9342
    9344
    9365
    9461
    9600
    9521
    9582
    9674
    9714
    9824
    9931
    9686
    9986
    9991
   10010
   10081
   10229
   10019
   10110
   10228
   10229
   10428
   10319
   10190
   10263
   10488
   10402
   10464
   10663
   10669
   10644
   10665
   10856
   10800
   10910
   10976
   10790
   10974
   11026
   11149
   11225
   11188
   11188
   11301
   11320
   11347
   11491
   11567
   11554
   11374
   11826
   11327
   11788
   11609
   11826
   11938
   11694
   11772
   11856
   11839
   12128
   11793
   11750
   12169
   12233
   12168
   12340
   12137
   12203
   12177
   12241
   12288
   12494
   12296
   12548
   12360
   12511
   12642
   12545
   12427
   12464
   12674
   12768
   12830
   12524
   12771
   12723
   12625
   12788
   12668
   12634
   12591
   12803
   12667
   12622
   12728
   12958
   12853
   12956
   12723
   12806
   12762
   12845
   12929
   12886
   12949
   12905
   12778
   12884
   13006
   12940
   12881
   12878
   12969
   12759
   12902
   12994
   12887
   12699
   12820
   13058
   12848
   12748
   12781
   12792
   12873
   12745
   12704
   12507
   12931
   12546
   12752
   12658
   12442
   12278
   12421
   12414
   12483
   12783
   12585
   12400
   12278
   12497
   12434
   12425
   12401
   12229
   12022
   12130
   12119
   11967
   12136
   11937
   11998
   11781
   12051
   11458
   11898
   12019
   11707
   11727
   11791
   11787
   11624
   11638
   11369
   11293
   11197
   11436
   11307
   11272
   11256
   11313
   11151
   11130
   11054
   10954
   11010
   10734
   10846
   10583
   10725
   10676
   10557
   10573
   10317
   10561
   10544
   10152
   10384
   10541
   10162
    9987
    9996
   10116
   10004
   10015
    9983
    9885
    9774
    9755
    9606
    9665
    9536
    9479
    9444
    9444
    9452
    9354
    9504
    9295
    9249
    9207
    8990
    8967
    8988
    8812
    8800
    8853
    8723
    8808
    8890
    8662
    8749
    8390
    8750
    8630
    8587
    8491
    8532
    8435
    8560
    8189
    8405
    8295
    8155
    8194
    8234
    8119
    8107
    8029
    8191
    7993
    8147
    8090
    7947
    8106
    7937
    7959
    7880
    7878
    7859
    7669
    7769
    7923
    7872
    7847
    7810
    7731
    7587
    7624
    7515
    7717
    7609
    7626
    7604
    7396
    7595
    7729
    7654
    7686
    7581
    7542
    7687
    7599
    7423
    7473
    7361
    7587
    7626
    7540
    7546
    7655
    7674
    7627
    7567
    7845
    7742
    7714
    7649
    7812
    7629
    7722
    7500
    7637
    7703
    7737
    7730
    7856
    7772
    7880
    7811
    7697
    7747
    7933
    7778
    7915
    7796
    7929
    7917
    7876
    7914
    7923
    8120
    8078
    8006
    8024
    8238
    8202
    8246
    8026
    8192
    8190
    8383
    8239
    8222
    8436
    8298
    8345
    8366
    8540
    8461
    8606
    8386
    8468
    8570
    8626
    8834
    8804
    8745
    8485
    8746
    8696
    8778
    8800
    8759
    8900
    8941
    8877
    8921
    8887
    8887
    8814
    9127
    9012
    8814
    9117
    9011
    9080
    9117
    9078
    9189
    9088
    9261
    9146
    9234
    9107
    9230
    9237
    9295
    9083
    9180
    9402
    9364
    9422
    9298
    9453
    9333
    9469
    9340
    9278
    9288
    9340
    9312
    9216
    9467
    9290
    9414
    9517
    9479
    9398
    9145
    9520
    9307
    9462
    9410
    9561
    9507
    9534
    9540
    9330
    9379
    9461
    9525
    9358
    9654
    9385
    9543
    9623
    9420
    9521
    9267
    9255
    9421
    9133
    9223
    9338
    9366
    9274
    9157
    9319
    9256
    9222
    9284
    9089
    9047
    9142
    9063
    9057
    9066
    8942
    9041
    8855
    8768
    8887
    8785
    8828
    8841
    8803
    8765
    8533
    8655
    8454
    8532
    8693
    8488
    8604
    8511
    8511
    8262
    8489
    8211
    8383
    8217
    8245
    8162
    8061
    8074
    8222
    7803
    7973
    7917
    7916
    7873
    7859
    7745
    7741
    7715
    7524
    7484
    7497
    7350
    7339
    7332
    7289
    7244
    7082
    7155
    7238
    7178
    7039
    6998
    6822
    6808
    6659
    6867
    6639
    6788
    6523
    6488
    6570
    6433
    6468
    6461
    6289
    6278
    6242
    6005
    6171
    6231
    6008
    5990
    5863
    5782
    5610
    5632
    5792
    5612
    5478
    5653
    5430
    5310
    5280
    5287
    5198
    5172
    4982
    5121
    5004
    4841
    4822
    4825
    4970
    4784
    4776
    4613
    4576
    4633
    4526
    4509
    4443
    4182
    4239
    4209
    4235
    4100
    4126
    4001
    4109
    3924
    3853
    3703
    3886
    3709
    3750
    3629
    3569
    3545
    3427
    3518
    3423
    3487
    3494
    3317
    3309
    3221
    3255
    3262
    3086
    3099
    3078
    2982
    3038
    3002
    2828
    2910
    2862
    2795
    2791
    2664
    2832
    2672
    2580
    2567
    2517
    2462
    2510
    2466
    2486
    2497
    2348
    2284
    2224
    2379
    2226
    2246
    2225
    2090
    2103
    2133
    2092
    2045
    2039
    1959
    1968
    1970
    1948
    1961
    1887
    1850
    1813
    1791
    1818
    1738
    1746
    1676
    1706
    1708
    1644
    1766
    1624
    1640
    1624
    1623
    1509
    1623
    1571
    1456
    1494
    1454
    1462
    1452
    1455
    1368
    1373
    1364
    1329
    1369
    1329
    1340
    1369
    1256
    1371
    1289
    1298
    1280
    1213
    1177
    1182
    1181
    1170
    1190
    1179
    1169
    1157
    1133
    1145
    1136
    1168
    1148
    1100
    1109
    1063
    1067
    1126
    1106
    1030
    1103
    1098
    1039
    1042
    1020
    1001
    1008
    1017
     984
    1053
     988
     970
     958
     986
    1016
     980
     950
     960
     976
     970
     912
     981
     956
     934
     927
     914
     905
     865
     911
     887
     920
     853
     895
     963
     918
     883
     916
     876
     852
     909
     898
     855
     839
     869
     901
     890
     847
     817
     839
     820
     892
     802
     837
     804
     824
     845
     923
     857
     822
     846
     804
     783
     776
     755
     759
     832
     822
     843
     835
     827
     795
     746
     811
     812
     770
     773
     815
     842
     744
     709
     741
     794
     751
     750
     809
     775
     785
     746
     768
     749
     736
     752
     791
     763
     753
     771
     748
     706
     761
     753
     749
     772
     726
     745
     749
     721
     713
     754
     734
     751
     695
     768
     715
     732
     684
     693
     739
     746
     724
     689
     737
     707
     678
     677
     687
     702
     690
     731
     672
     749
     690
     702
     683
     664
     704
     696
     699
     650
     679
     698
     699
     693
     679
     734
     710
     660
     653
     701
     666
     657
     677
     669
     720
     616
     682
     681
     713
     674
     704
     659
     674
     675
     691
     687
     641
     636
     674
     694
     690
     653
     654
     664
     643
     670
     640
     632
     668
     660
     667
     612
     672
     668
     622
     628
     637
     629
     653
     652
     585
     660
     594
     652
     620
     650
     620
     617
     620
     667
     622
     608
     644
     636
     609
     596
     612
     622
     585
     620
     576
     650
     588
     603
     614
     598
     603
     597
     586
     624
     559
     582
     601
     598
     604
     623
     565
     574
     584
     562
     567
     561
     602
     591
     560
     605
     594
     571
     588
     592
     595
     572
     572
     559
     600
     562
     550
     568
     564
     533
     621
     594
     598
     545
     589
     603
     538
     549
     544
     555
     543
     594
     541
     532
     541
     567
     532
     574
     533
     553
     558
     546
     543
     498
     560
     554
     556
     523
     557
     530
     548
     530
     548
     584
     548
     488
     558
     533
     544
     539
     553
     514
     534
     516
     551
     521
     529
     504
     538
     496
     537
     498
     518
     511
     506
     501
     541
     519
     511
     508
     550
     489
     529
     484
     479
     510
     515
     491
     526
     537
     497
     464
     510
     493
     546
     501
     475
     510
     520
     492
     492
     477
     465
     503
     493
     457
     491
     506
     491
     485
     479
     463
     514
     452
     492
     453
     474
     460
     453
     450
     515
     512
     477
     459
     496
     471
     443
     412
     463
     496
     456
     468
     430
     486
     478
     476
     455
     451
     492
     505
     456
     451
     483
     451
     443
     473
     440
     469
     454
     451
     483
     474
     480
     449
     449
     454
     463
     516
     448
     473
     447
     438
     413
     408
     444
     416
     433
     431
     441
     430
     435
     452
     424
     442
     452
     423
     406
     458
     437
     468
     435
     470
     454
     434
     429
     443
     457
     395
     409
     419
     427
     407
     379
     420
     395
     398
     441
     439
     384
     382
     387
     413
     412
     408
     449
     429
     417
     396
     449
     414
     426
     414
     410
     465
     410
     423
     415
     446
     416
     390
     407
     417
     404
     397
     420
     425
     426
     393
     398
     418
     381
     397
     412
     387
     425
     366
     405
     428
     443
     390
     417
     356
     367
     404
     413
     376
     362
     396
     390
     387
     388
     394
     351
     415
     382
     374
     378
     381
     393
     371
     380
     338
     394
     374
     395
     400
     353
     402
     399
     404
     382
     343
     375
     384
     351
     377
     382
     405
     368
     367
     379
     363
     387
     384
     353
     392
     378
     358
     385
     407
     362
     404
     364
     404
     343
     389
     377
     409
     385
     353
     356
     340
     379
     333
     392
     349
     377
     353
     362
     337
     390
     356
     389
     386
     360
     350
     335
     386
     379
     382
     358
     377
     343
     373
     350
     343
     339
     365
     325
     372
     311
     341
     341
     355
     347
     354
     376
     346
     393
     357
     351
     318
     361
     372
     360
     375
     355
     342
     335
     330
     303
     359
     325
     340
     354
     327
     350
     336
     327
     362
     356
     355
     341
     342
     374
     324
     320
     326
     338
     340
     343
     339
     332
     320
     363
     339
     339
     333
     361
     333
     353
     331
     331
     322
     343
     350
     336
     332
     321
     353
     312
     332
     373
     336
     324
     334
     324
     334
     339
     345
     353
     372
     329
     340
     378
     349
     314
     296
     320
     302
     328
     327
     320
     322
     325
     310
     313
     327
     338
     331
     318
     285
     361
     330
     303
     331
     299
     337
     317
     323
     345
     288
     331
     298
     322
     340
     318
     312
     301
     318
     299
     301
     331
     288
     298
     293
     290
     301
     342
     306
     311
     289
     300
     298
     299
     323
     325
     298
     317
     317
     305
     302
     307
     331
     303
     314
     314
     332
     317
     318
     287
     277
     290
     278
     308
     311
     281
     303
     298
     297
     332
     300
     294
     307
     334
     283
     325
     313
     295
     295
     300
     309
     287
     296
     314
     284
     343
     290
     273
     288
     296
     258
     285
     252
     314
     297
     273
     296
     320
     310
     288
     289
     275
     304
     289
     295
     295
     273
     299
     302
     284
     320
     278
     289
     296
     269
     271
     314
     275
     275
     283
     280
     265
     300
     286
     280
     298
     283
     272
     298
     313
     298
     302
     261
     278
     277
     273
     305
     282
     285
     262
     265
     253
     306
     260
     275
     259
     255
     275
     266
     271
     273
     252
     283
     291
     282
     273
     305
     287
     282
     278
     263
     267
     297
     293
     291
     252
     269
     256
     275
     277
     248
     273
     291
     256
     248
     282
     267
     247
     282
     272
     287
     266
     257
     268
     240
     272
     268
     282
     283
     247
     258
     264
     245
     253
     267
     257
     259
     255
     265
     253
     281
     274
     225
     236
     263
     255
     238
     280
     252
     284
     285
     250
     268
     251
     265
     267
     261
     232
     250
     276
     245
     253
     253
     252
     275
     248
     251
     279
     272
     227
     274
     264
     255
     278
     272
     252
     276
     251
     255
     245
     272
     236
     234
     257
     237
     252
     238
     239
     232
     229
     249
     270
     270
     247
     275
     264
     244
     249
     243
     231
     244
     232
     261
     248
     249
     233
     242
     245
     265
     216
     211
     240
     223
     234
     270
     268
     261
     241
     240
     236
     230
     235
     239
     233
     240
     224
     228
     251
     279
     251
     241
     235
     222
     221
     233
     234
     229
     218
     223
     261
     228
     244
     250
     241
     227
     241
     249
     222
     238
     224
     224
     248
     246
     254
     234
     219
     250
     219
     235
     224
     227
     215
     234
     262
     217
     206
     236
     227
     209
     216
     201
     242
     196
     232
     195
     195
     207
     220
     246
     234
     204
     239
     210
     244
     233
     248
     202
     241
     229
     222
     234
     220
     201
     237
     221
     210
     205
     219
     199
     202
     209
     221
     223
     251
     196
     223
     228
     219
     227
     211
     220
     237
     227
     217
     244
     218
     243
     218
     196
     223
     230
     197
     227
     208
     241
     215
     198
     209
     186
     238
     187
     202
     208
     232
     217
     212
     222
     213
     206
     214
     203
     208
     215
     198
     221
     192
     199
     200
     189
     188
     196
     214
     201
     207
     216
     215
     213
     219
     219
     203
     211
     209
     228
     197
     205
     213
     215
     195
     192
     217
     203
     193
     220
     215
     197
     199
     187
     222
     200
     212
     220
     203
     219
     215
     201
     213
     207
     182
     206
     210
     230
     206
     216
     193
     184
     198
     169
     196
     203
     222
     205
     199
     200
     194
     214
     207
     193
     217
     190
     210
     175
     181
     199
     200
     186
     206
     204
     185
     186
     192
     210
     197
     184
     218
     189
     186
     173
     206
     194
     196
     217
     213
     190
     199
     199
     198
     200
     176
     194
     210
     192
     185
     189
     175
     194
     188
     179
     206
     185
     193
     170
     153
     190
     184
     199
     189
     189
     193
     170
     191
     180
     186
     171
     194
     177
     176
     184
     186
     175
     183
     188
     165
     194
     167
     178
     206
     186
     201
     169
     175
     189
     185
     196
     150
     174
     171
     185
     181
     214
     171
     169
     148
     176
     185
     196
     197
     163
     169
     186
     185
     175
     189
     168
     162
     180
     193
     173
     175
     177
     188
     166
     165
     169
     171
     160
     181
     167
     173
     153
     180
     176
     152
     170
     172
     171
     175
     142
     159
     180
     144
     195
     137
     162
     176
     183
     162
     154
     162
     182
     188
     180
     176
     153
     171
     165
     150
     165
     177
     171
     133
     159
     157
     156
     172
     151
     160
     176
     171
     178
     170
     154
     146
     153
     141
     147
     174
     152
     174
     189
     161
     181
     157
     160
     143
     180
     143
     170
     154
     184
     164
     148
     152
     146
     149
     167
     141
     156
     163
     170
     165
     163
     157
     169
     139
     152
     164
     164
     140
     174
     186
     178
     169
     151
     143
     155
     145
     163
     149
     157
     159
     154
     169
     142
     156
     142
     170
     133
     172
     162
     151
     146
     156
     148
     158
     144
     172
     143
     114
     152
     126
     166
     133
     135
     150
     143
     157
     155
     144
     141
     139
     142
     156
     150
     159
     164
     155
     130
     150
     141
     129
     141
     137
     138
     138
     130
     142
     125
     142
     131
     136
     146
     150
     127
     157
     131
     146
     161
     143
     145
     135
     146
     145
     142
     135
     150
     154
     135
     132
     145
     150
     148
     143
     141
     139
     132
     143
     143
     169
     163
     135
     139
     142
     134
     171
     159
     145
     156
     146
     146
     136
     123
     136
     138
     142
     154
     143
     143
     127
     141
     152
     112
     145
     157
     122
     141
     116
     140
     128
     156
     157
     172
     146
     136
     135
     127
     125
     109
     127
     141
     153
     139
     128
     127
     121
     138
     113
     122
     123
     128
     128
     133
     142
     142
     122
     132
     141
     130
     115
     131
     108
     131
     114
     118
     109
     142
     128
     134
     108
     112
     114
     113
     114
     128
     123
     131
     120
     121
     126
     141
     108
     129
     129
     114
     121
     121
     126
     133
     137
     131
     142
     115
     102
     124
     123
     114
     112
     124
     119
     150
     125
     129
     124
     109
     116
     113
     111
      95
     115
     137
     118
      99
     119
     102
     111
     122
     134
     105
     122
     126
     109
     113
      95
     137
     108
     107
     117
     121
     127
     117
     102
     105
     125
     112
     125
     115
     100
     112
     103
     109
     127
     130
     112
     116
     114
     113
     108
     101
      90
      90
     125
      96
      97
     111
     101
     113
     124
     103
     119
     113
      95
     116
     101
      97
     109
      97
     112
     112
     129
     102
      95
     109
     121
     109
     102
     128
      96
     112
     111
     100
     105
     102
      97
      97
     109
     106
     112
     101
     132
     101
     120
     109
     121
      78
     109
      95
     123
     103
     118
     106
     106
      93
     107
     103
      94
     104
     103
      89
     124
      87
     101
      96
      98
     102
     105
      82
     107
     108
     101
     111
     105
      89
      90
     112
      97
      82
      98
      85
      97
      99
     100
      99
      99
     110
     100
      87
     104
      92
      99
     106
     107
      81
      86
      95
      98
     100
      99
     114
      95
      85
      98
      79
     107
      94
      79
     108
      96
      88
      89
     102
      72
      96
      99
      98
      92
      90
      92
      84
      88
     103
      79
      95
     110
      99
      87
      71
      92
     107
      94
      84
      86
      78
      96
      82
     114
      76
      93
      80
      76
     102
      83
      87
      70
      95
      86
      93
      93
      82
      86
      82
      85
      90
      88
      73
      93
      77
      69
      80
      93
      78
      83
      73
      81
      81
      74
      90
      74
      71
      89
      88
      90
      76
      90
      88
      89
      88
      89
      95
      91
      83
      80
      93
      90
      73
      91
      70
      84
     105
      80
      78
      84
      64
      87
      69
      99
      64
      75
      88
      91
      86
      71
      87
      76
      91
      86
      71
      72
      84
      74
     101
      78
      67
      84
      84
      85
      79
      80
      82
      89
      86
      74
      73
      79
      79
      91
      64
      79
      77
      76
      84
      89
      82
      63
      79
      74
      68
      90
      86
      92
      96
      68
      74
      68
      85
      76
      82
      74
      75
      69
      72
      63
      81
      90
      77
      82
      74
      74
      77
      86
      63
      78
      68
      87
      99
      73
      94
      76
      87
      88
      96
      74
      67
      77
      84
      68
      69
      70
      77
      78
      67
      75
      82
      87
      84
      78
      93
      80
      89
      80
      75
      89
      71
      79
      80
      75
      62
      86
      83
      98
      75
      81
      89
      76
      84
      74
      55
      81
      69
      80
      71
      67
      81
      64
      63
      83
      54
      79
      70
      77
      67
      85
      76
      64
      81
      61
      67
      63
      72
      73
      71
      78
      81
      72
      65
      60
      77
      81
      73
      82
      88
      68
      52
      72
      61
      56
      64
      76
      68
      77
      73
      62
      60
      66
      66
      67
      90
      50
      68
      72
      58
      65
      64
      71
      64
      79
      60
      65
      62
      73
      78
      64
      70
      63
      77
      80
      79
      63
      74
      69
      73
      90
      59
      73
      73
      58
      59
      75
      76
      63
      69
      61
      61
      68
      49
      62
      69
      76
      66
      70
      56
      66
      85
      73
      62
      51
      66
      60
      63
      66
      55
      62
      65
      54
      58
      82
      58
      66
      61
      65
      70
      64
      60
      60
      56
      54
      59
      63
      60
      54
      57
      52
      64
      54
      62
      65
      54
      50
      52
      57
      58
      61
      54
      62
      67
      55
      58
      59
      47
      49
      64
      61
      54
      60
      57
      66
      66
      48
      56
      58
      64
      36
      62
      44
      54
      49
      59
      44
      55
      46
      47
      40
      47
      53
      49
      52
      60
      44
      44
      64
      48
      51
      54
      48
      56
      42
      48
      54
      51
      53
      48
      43
      42
      39
      45
      38
      45
      30
      60
      44
      43
      35
      54
      49
      38
      54
      40
      44
      47
      56
      56
      45
      48
      39
      45
      52
      46
      47
      47
      33
      51
      40
      40
      52
      43
      29
      37
      40
      41
      45
      41
      26
      41
      51
      49
      41
      42
      46
      42
      38
      52
      49
      37
      48
      46
      32
      37
      42
      36
      34
      37
      41
      34
      38
      51
      36
      44
      40
      29
      40
      27
      33
      25
      27
      36
      28
      28
      32
      34
      41
      34
      28
      33
      40
      27
      33
      33
      27
      30
      32
      37
      25
      35
      31
      27
      45
      30
      40
      30
      31
      37
      25
      25
      31
      36
      42
      32
      19
      27
      30
      34
      32
      29
      28
      31
      35
      37
      25
      31
      29
      45
      25
      30
      31
      24
      18
      22
      27
      24
      27
      32
      31
      16
      27
      24
      21
      28
      26
      24
      31
      28
      28
      28
      26
      34
      31
      30
      32
      33
      25
      20
      22
      32
      32
      24
      15
      25
      19
      21
      25
      24
      23
      20
      25
      19
      23
      21
      23
      19
      19
      40
      27
      27
      27
      25
      24
      25
      26
      13
      20
      16
      15
      23
      23
      22
      26
      18
      13
      26
      21
      17
      26
      21
      16
      18
      17
      20
      19
      18
      15
      28
      21
      19
      22
      21
      12
      19
      20
      23
      22
      28
      23
      20
      21
      31
      19
      11
       9
      18
      16
      18
      14
      22
      18
      25
      22
      21
      14
      20
      12
      20
      17
      11
      19
      15
      22
      23
      16
       8
      22
      19
      12
      18
      19
      14
      26
      26
      17
      15
      19
      21
      21
      28
      21
      12
      15
      20
      20
      17
      16
      12
      20
      17
      10
      13
      21
      17
      18
      18
      16
      24
      11
      19
      14
      16
      14
      12
      12
      15
      12
      16
      19
      17
      20
      19
      19
      11
      12
      13
      13
      13
      11
      10
      13
      10
      16
      13
      11
      10
      19
      24
      16
      14
      12
      23
       6
      17
      11
       5
       9
      11
      18
      10
      12
      13
      17
       7
      14
       9
       9
       8
      10
      14
      13
      10
      18
      14
      15
      15
       6
      16
       9
      14
       8
       7
       9
      18
       8
      11
      16
       7
      13
       9
      13
       6
      13
      11
      15
      15
      12
      15
       5
      12
      13
       7
       7
      13
      10
      13
       9
      15
       9
       8
       8
       9
      10
      11
      10
       7
       6
       9
      10
      10
       9
      12
      13
      10
      10
       9
       7
      16
       9
       6
      16
      10
       7
      10
       6
       8
       9
       9
       7
       5
      13
      14
       9
      10
      10
       8
       9
       8
      10
      10
       6
      12
      10
       8
       6
      12
       6
       9
      10
       5
       7
      11
       9
      13
       9
      17
       9
       6
       8
      12
       8
       5
       4
      13
       5
       5
       9
      13
       8
       3
      11
      12
       8
       4
      12
       7
      11
      10
       6
       4
      11
       6
       5
       3
       9
       8
       7
       9
       6
       2
       8
       7
       6
       5
       7
       9
       5
       8
       6
      16
       9
       8
       8
       7
       5
       6
       9
       8
      10
       7
       4
      11
       6
      10
      11
       4
       5
       7
      11
       7
       5
       9
       8
       7
       8
       8
       7
      12
       8
       8
       7
       2
       2
       8
       7
       8
       7
       9
       8
       8
       9
       4
       5
      12
       4
       8
       9
       6
       4
       7
       7
       6
      11
       6
       8
       7
       6
       9
       8
       9
      11
      11
       6
       6
       6
       7
       7
       4
      10
       7
       4
       6
       8
       4
       4
       3
       6
       7
       7
       2
       4
       5
       3
       9
       6
       2
       4
       4
       5
       4
      10
      11
       8
       5
       3
       5
       7
       8
       9
       7
       5
       8
       9
       2
       4
       6
       5
       7
       8
       6
       8
       3
       4
       6
       8
       3
       7
       4
       4
       7
       8
       3
       6
       4
       9
       7
       2
       9
       4
       7
       9
       2
       4
       5
       5
       4
       7
       5
       7
       4
       3
       6
       6
       4
       7
       6
       7
       4
       3
       3
       9
       0
       6
       9
       4
       4
       8
       5
       6
       8
       5
       4
       5
       5
       6
       3
       5
       8
       4
       6
       7
       4
       6
       6
       3
       3
       1
       4
       5
       3
       6
       7
       4
       8
       1
      10
       6
       3
       4
       5
      11
       1
       2
       5
       9
       4
       8
       2
       1
       5
       3
       7
       3
       4
       6
       5
       2
       5
       3
       2
       7
       5
       4
       5
       2
       5
       5
       4
       7
       5
       6
       4
       4
       6
       7
       6
       3
       5
       1
       6
      11
       2
       2
       5
       4
       8
       4
       3
       4
       4
       3
       5
       2
       3
       3
       2
       4
       4
       5
       2
       6
       6
       6
       2
       5
       3
       3
       3
       5
       4
       6
       7
       3
       4
       2
       7
       3
      11
       5
       5
       5
       4
       3
       9
       6
       4
       5
       5
       4
       1
       3
       5
      10
       9
       4
       4
       6
       4
       5
       4
       3
       3
       5
       6
       3
       3
       1
      10
       5
       2
       5
       3
       3
       2
       4
       4
       5
       1
       3
       3
       3
       2
       7
       4
       1
       5
       5
       5
       6
       5
       5
       6
       4
       3
       5
       8
       0
       5
       0
       6
       4
       4
       2
       2
       6
       1
       4
       1
       6
       4
       9
       4
       6
       6
       5
       3
       5
       3
       3
       2
       4
       2
       5
       5
       5
       3
       0
       7
       3
       4
       6
       4
       4
       4
       4
       3
       4
       4
       2
       2
       6
       3
       6
       2
       2
       4
       3
       1
       5
       4
       4
       6
       1
       2
       2
       2
       5
       4
       5
       2
       2
       3
       5
       1
       7
       3
       3
       5
       1
       2
       6
       3
       4
       8
       7
       3
       3
       5
       4
       9
       2
       5
       5
       0
       2
       6
       2
       7
       1
       1
       4
       0
       3
       3
       3
       5
       4
       1
       1
       4
       2
       2
       4
       4
       2
       5
       4
       3
       1
       6
       3
       3
       3
       4
       5
       4
       1
       7
       3
       2
       2
       1
       5
       3
       3
       2
       3
       4
       6
       3
       4
       1
       1
       2
       2
       1
       3
       3
       7
       2
       2
       4
       2
       3
       4
       2
       2
       2
       3
       3
       3
       8
       4
       1
       2
       2
       2
       2
       3
       7
       7
       4
       4
       2
       3
       5
       3
       2
       0
       2
       1
       1
       3
       4
       3
       5
       3
       4
       0
       0
       2
       4
       1
       3
       4
       4
       3
       3
       1
       2
       3
       1
       3
       5
       2
       1
       0
       5
       4
       2
       4
       3
       4
       1
       1
       0
       2
       3
       4
       1
       1
       3
       1
       6
       1
       0
       3
       2
       2
       6
       4
       1
       2
       3
       1
       4
       2
       3
       0
       5
       4
       7
       5
       4
       4
       2
       4
       4
       2
       1
       3
       0
       2
       3
       0
       4
       6
       3
       3
       2
       4
       1
       2
       1
       0
       1
       1
       6
       1
       4
       1
       2
       2
       3
       4
       4
       3
       1
       8
       3
       6
       1
       2
       2
       2
       3
       6
       2
       2
       3
       2
       3
       0
       6
       1
       4
       1
       2
       0
       5
       2
       5
       4
       4
       4
       4
       1
       4
       2
       4
       2
       3
       3
       5
       2
       2
       2
       3
       0
       4
       2
       5
       2
       4
       2
       2
       2
       4
       7
       1
       5
       2
       3
       1
       2
       5
       3
       3
       1
       2
       2
       1
       0
       2
       2
       2
       2
       1
       2
       2
       4
       2
       0
       2
       1
       3
       0
       2
       1
       1
       6
       3
       0
       4
       8
       2
       4
       1
       2
       0
       1
       2
       4
       4
       4
       5
       2
       2
       1
       2
       6
       0
       3
       1
       3
       4
       2
       4
       0
       4
       1
       3
       2
       0
       3
       3
       4
       4
       3
       3
       2
       2
       1
       2
       0
       3
       1
       2
       2
       2
       4
       1
       2
       4
       1
       2
       3
       1
       4
       0
       3
       0
       0
       2
       2
       4
       2
       1
       3
       1
       5
       5
       1
       2
       2
       3
       3
       3
       0
       3
       4
       2
       1
       1
       1
       1
       2
       4
       3
       3
       4
       2
       2
       2
       2
       2
       1
       3
       1
       1
       2
       3
       5
       5
       2
       2
       2
       3
       3
       2
       3
       3
       1
       1
       2
       4
       3
       2
       2
       2
       3
       2
       2
       4
       2
       1
       2
       1
       2
       0
       1
       0
       1
       4
       0
       5
       4
       1
       0
       2
       2
       0
       1
       1
       0
       2
       2
       2
       4
       1
       2
       0
       0
       1
       1
       2
       0
       1
       2
       1
       2
       4
       2
       1
       4
       3
       1
       2
       2
       2
       2
       4
       1
       4
       2
       4
       4
       0
       2
       0
       3
       2
       0
       2
       1
       3
       1
       2
       1
       1
       1
       1
       0
       3
       0
       3
       2
       6
       3
       1
       1
       0
       4
       0
       0
       2
       2
       1
       0
       3
       1
       3
       2
       0
       0
       5
       2
       2
       4
       1
       2
       2
       4
       2
       3
       2
       2
       0
       5
       1
       2
       2
       1
       2
       2
       1
       2
       1
       0
       1
       2
       1
       2
       2
       2
       1
       1
       0
       0
       2
       1
       3
       2
       1
       4
       6
       0
       0
       2
       0
       2
       1
       0
       3
       2
       1
       3
       0
       2
       1
       0
       4
       3
       2
       1
       0
       1
       0
       2
       2
       4
       0
       1
       0
       0
       1
       0
       1
       0
       3
       0
       2
       0
       0
       2
       0
       1
       0
       0
       0
       1
       0
       2
       2
       2
       1
       2
       4
       1
       1
       0
       3
       0
       1
       0
       2
       2
       1
       1
       0
       1
       2
       0
       2
       3
       3
       1
       4
       1
       1
       2
       1
       1
       1
       2
       0
       2
       0
       2
       4
       2
       2
       1
       1
       1
       2
       1
       2
       2
       1
       2
       3
       2
       2
       1
       1
       0
       0
       1
       1
       1
       0
       3
       0
       2
       2
       0
       1
       2
       2
       2
       0
       2
       0
       3
       1
       2
       1
       1
       2
       1
       1
       1
       0
       1
       0
       1
       0
       0
       2
       3
       0
       1
       1
       2
       2
       1
       0
       2
       1
       1
       0
       0
       1
       1
       1
       0
       5
       3
       4
       0
       1
       2
       2
       2
       2
       2
       1
       2
       0
       0
       0
       0
       0
       1
       3
       1
       0
       1
       1
       1
       0
       0
       1
       1
       1
       2
       0
       0
       1
       0
       1
       3
       0
       1
       1
       1
       0
       3
       0
       0
       1
       2
       2
       0
       2
       0
       0
       1
       2
       0
       0
       0
       1
       2
       3
       0
       0
       1
       0
       0
       1
       1
       0
       1
       1
       1
       4
       1
       1
       2
       1
       0
       2
       3
       0
       1
       0
       1
       0
       0
       2
       2
       2
       0
       1
       0
       0
       0
       1
       1
       0
       0
       1
       2
       2
       2
       1
       2
       1
       0
       0
       4
       2
       0
       0
       3
       0
       2
       0
       2
       0
       1
       2
       1
       0
       0
       2
       0
       0
       1
       0
       1
       0
       1
       2
       0
       1
       0
       2
       2
       1
       1
       2
       2
       1
       1
       0
       2
       1
       0
       2
       0
       0
       0
       0
       0
       0
       0
       1
       1
       2
       1
       0
       1
       0
       0
       0
       1
       1
       0
       0
       1
       2
       0
       1
       2
       2
       3
       1
       0
       0
       1
       1
       0
       1
       1
       0
       1
       3
       0
       2
       1
       1
       1
       0
       0
       0
       3
       0
       0
       0
       1
       1
       1
       1
       0
       1
       0
       2
       2
       0
       0
       2
       2
       0
       0
       2
       0
       1
       1
       1
       4
       1
       1
       0
       2
       1
       1
       1
       0
       0
       0
       1
       1
       1
       2
       2
       0
       0
       1
       1
       0
       0
       4
       2
       0
       0
       2
       2
       0
       1
       0
       1
       3
       0
       0
       2
       0
       1
       1
       1
       0
       1
       1
       1
       0
       0
       1
       1
       1
       0
       1
       1
       0
       1
       0
       1
       1
       1
       2
       1
       2
       0
       1
       2
       2
       0
       0
       0
       0
       2
       0
       0
       0
       2
       3
       3
       0
       0
       0
       1
       2
       0
       0
       0
       0
       0
       1
       1
       1
       0
       0
       0
       0
       1
       0
       0
       3
       0
       1
       2
       2
       1
       1
       1
       1
       0
       0
       0
       0
       0
       0
       1
       0
       1
       1
       0
       0
       0
       2
       0
       1
       0
       2
       0
       1
       0
       0
       0
       1
       2
       1
       0
       1
       2
       1
       1
       1
       0
       0
       1
       0
       0
       0
       2
       0
       1
       0
       1
       1
       1
       0
       0
       0
       1
       0
       0
       0
       0
       1
       0
       1
       0
       0
       2
       0
       0
       0
       0
       2
       1
       0
       1
       2
       1
       1
       1
       0
       0
       0
       0
       0
       1
       0
       1
       1
       2
       0
       1
       0
       0
       0
       1
       0
       1
       1
       1
       1
       0
       2
       1
       0
       1
       0
       0
       0
       0
       0
       1
       1
       0
       1
       0
       1
       1
       1
       0
       1
       0
       0
       0
       1
       1
       0
       1
       2
       1
       0
       0
       0
       0
       0
       0
       1
       1
       0
       0
       1
       0
       1
       1
       1
       1
       0
       0
       2
       0
       0
       0
       1
       0
       0
       0
       0
       0
       1
       0
       0
       1
       0
       0
       0
       0
       4
       1
       0
       1
       1
       0
       1
       0
       0
       2
       0
       0
       2
       0
       0
       1
       0
       1
       0
       0
       1
       1
       0
       0
       0
       1
       0
       0
       0
       1
       0
       0
       0
       1
       1
       0
       1
       1
       0
       0
       0
       0
       1
       1
       1
       0
       0
       1
       1
       0
       2
       0
       0
       0
       0
       2
       0
       1
       1
       0
       1
       0
       2
       0
       1
       0
       0
       2
       0
       1
       2
       0
       0
       0
       0
       1
       0
       0
       0
       0
       0
       0
       0
       0
       1
       0
       0
       0
       2
       1
       1
       0
       1
       0
       0
       0
       1
       0
       0
       0
       0
       0
       1
       0
       0
       0
       0
       0
       1
       0
       0
       0
       2
       1
       0
       1
       0
       0
       0
       0
       0
       0
       1
       0
       0
       0
       1
       1
       0
       0
       0
       2
       0
       1
       0
       0
       0
       0
       0
       0
       0
       0
       0
       1
       0
       0
       0
       1
       0
       0
       1
       1
       0
       2
       0
       0
       0
       0
       0
       0
       0
       0
       2
       0
       2
       0
       0
       0
       0
       0
       0
       0
       0
       0
       0
       0
       1
       0
       0
       0
       0
       2
       0
       0
       0
       0
       0
       0
       0
       0
       0
       0
       0
       0
       0
       0
       0
       0
       1
       0
       0
       0
       1
       0
       0
       0
       0
       0
       0
       0
       0
       0
       0
       0
       0
       0
       0
       0
       0
       2
       0
       0
       0
       0
       0
       0
       0
       1
       0
       0
       0
       0
       1
       0
       0
       0
       0
       0
       0
       0
       0
       0
       0
       0
       1
       0
       1
       1
       0
       0
       0
       0
       1
       0
       0
       0
       0
       0
       2
       0
       0
       0
       0
       0
       0
       1
       0
       0
       0
       0
       0
       0
       0
       0
       0
       1
       0
       0
       0
       0
       0
       1
       0
       0
       0
       0
       0
       0
       1
       0
       0
       0
       0
       0
       0
       0
       0
       1
       0
       0
       0
       0
       0
       0
       0
       2
       0
       0
       2
       0
       0
       0
       0
       0
       0
       0
       2
       1
       0
       0
       0
       0
       1
       0
       0
       0
       0
       0
       0
       0
       0
       0
       0
       0
       0
       0
       0
       0
       0
       0
       0
       2
       0
       0
       1
       1
       2
       0
       0
       0
       0
       1
       1
       0
       0
       1
       0
       0
       0
       0
       0
       1
       0
       1
       0
       0
       0
       0
       0
       0
       1
       0
       0
       1
       0
       0
       0
       0
       0
       0
       0
       0
       1
       0
       0
       2
       0
       0
       0
       0
       0
       0
       0
       0
       0
       0
       0
       1
       0
       0
       0
       0
       0
       1
       0
       0
       0
       0
       0
       0
       0
       0
       0
       0
       0
       0
       0
       1
       0
       0
       0
       0
       1
       0
       0
       0
       0
       0
       0
       0
       0
       0
       0
       1
       1
       0
       1
       1
       0
       0
       0
       0
       0
       0
       0
       0
       0
       0
       0
       0
       0
       0
       0
       0
       0
       0
       0
       0
       0
       0
       0
       0
       0
       0
       1
       0
       0
       0
       0
       1
       0
       0
       0
       0
       1
       0
       0
       1
       0
       1
       0
       0
       0
       0
       0
       0
       0
       0
       0
       0
       0
       0
       0
       0
       0
       0
       0
       0
       0
       0
       0
       0
       2
       0
       0
       0
       1
       0
       1
       0
       0
       0
       0
       0
       1
       1
       0
       0
       0
       0
       0
       1
       0
       0
       0
       0
       0
       0
       0
       0
       1
       1
       0
       0
       0
       0
       0
       0
       0
       0
       1
       0
       0
       0
       0
       0
       0
       1
       0
       0
       0
       0
       0
       0
       0
       0
       0
       0
       0
       0
       0
       0
       1
       0
       0
       0
       0
       0
       0
       0
       0
       1
       0
       0
       0
       0
       0
       0
       0
       0
       1
       0
       0
       0
       0
       0
       0
       0
       0
       0
       0
       0
       1
       0
       0
       0
       0
       0
       0
       0
       0
       1
       0
       0
       0
       0
       0
       0
       0
       0
       0
       0
       0
       0
       0
       0
       0
       0
       1
       0
       0
       0
       0
       0
       0
       0
       0
       0
       0
       0
       0
       1
       0
       0
       0
       0
       0
       0
       0
       0
       0
       0
       0
       0
       1
       0
       0
       0
       0
       0
       0
       0
       0
       1
       0
       0
       0
       0
       0
       0
       0
       0
       0
       0
       0
       0
       0
       0
       1
       0
       0
       1
       0
       0
       0
       1
       0
       0
       0
       0
       1
       0
       0
       1
       0
       0
       1
       0
       0
       0
       0
       0
       0
       0
       0
       0
       0
       0
       0
       0
       0
       0
       0
       0
       0
       0
       0
       0
       1
       0
       0
       0
       0
       0
       0
       1
       0
       0
       0
       0
       1
       0
       0
       0
       1
       0
       0
       0
       1
       0
       0
       0
       0
       0
       0
       0
       0
       0
       0
       0
       0
       0
       0
       0
       0
       0
       0
       0
       1
       0
       0
       0
       0
       0
       0
       0
       0
       1
       0
       0
       0
       0
       0
       0
       0
       0
       0
       0
       0
       0
       0
       0
       1
       0
       0
       0
       0
       0
       0
       0
       0
       0
       0
       0
       1
       0
       0
       0
       0
       0
       0
       0
       0
       0
       0
       0
       0
       0
       0
       1
       0
       0
       0
       0
       0
       0
       0
       0
       0
       0
       0
       1
       0
       0
       0
       0
       0
       0
       0
       0
       0
       0
       0
       0
       0
       0
       0
       1
       0
       0
       0
       0
       0
       0
       0
       0
       0
       0
       0
       0
       0
       0
       1
       0
       0
       0
       0
       0
       0
       0
       0
       0
       0
       0
       0
       1
       0
       0
       0
       0
       0
       0
       0
       0
       0
       0
       0
       0
       0
       0
       0
       0
       1
       0
       0
       0
       0
       0
       0
       0
       0
       0
       0
       0
       0
       0
       0
       0
       0
       0
       0
       0
       0
       0
       0
       0
       0
       0
       0
       0
       0
       0
       0
       0
       2
       0
       0
       0
       0
       0
       0
       0
       0
       0
       0
       0
       1
       0
       0
       0
       0
       0
       0
       0
       0
       0
       0
       0
       0
       0
       0
       0
       0
       0
       0
       0
       0
       0
       0
       1
       0
       0
       0
       0
       0
       0
       0
       0
       0
       0
       0
       0
       0
       0
       0
       0
       0
       0
       0
       0
       0
       1
       0
       0
       0
       0
       1
       0
       0
       0
       0
       0
       0
       0
       0
       0
       0
       0
       0
       0
       0
       0
       0
       0
       0
       0
       0
       0
       0
       0
       0
       0
       0
       0
       0
       0
       0
       0
       0
       0
       0
       0
       0
       0
       0
       0
       0
       0
       0
       0
       0
       0
       0
       0
       0
       0
       0
       0
       0
       0
       0
       0
       0
       0
       0
       0
       0
       0
       0
       0
       0
       1
       0
       0
       0
       0
       0
       0
       0
       0
       0
       0
       0
       0
       0
       0
       0
       0
       0
       0
       0
       0
       1
       1
       1
       0
       0
       0
       0
       0
       0
       0
       0
       0
       0
       0
       0
       0
       0
       0
       0
       0
       0
       0
       0
       0
       0
       1
       0
       0
       0
       0
       0
       0
       0
       0
       0
       0
       1
       0
       0
       0
       0
       0
       0
       0
       0
       0
       0
       0
       0
       0
       0
       0
       0
       0
       0
       0
       0
       0
       0
       0
       0
       0
       1
       0
       0
       0
       0
       0
       0
       0
       0
       0
       0
       0
       0
       0
       0
       0
       1
       0
       0
       0
       0
       0
       0
       0
       1
       0
       0
       0
       0
       0
       0
       0
       0
       0
       0
       0
       0
       0
       0
       0
       0
       0
       0
       0
       0
       0
       0
       0
       0
       0
       0
       0
       0
       0
       0
       0
       0
       0
       0
       0
       0
       0
       0
       0
       0
       1
       0
       0
       0
       0
       0
       0
       0
       0
       0
       0
       0
       0
       0
       0
       0
       0
       0
       0
       0
       0
       0
       0
       0
       0
       0
       0
       0
       0
       0
       0
       1
       0
       0
       0
       1
       0
       0
       0
       0
       0
       0
       0
       0
       0
       0
       0
       1
       0
       0
       0
       0
       0
       0
       0
       1
       0
       1
       0
       0
       0
       0
       0
       0
       0
       0
       0
       0
       0
       0
       0
       0
       0
       0
       0
       0
       0
       0
       0
       1
       0
       0
       0
       1
       0
       1
       0
       0
       0
       0
       0
       0
       0
       0
       1
       0
       0
       0
       0
       0
       1
       0
       0
       0
       0
       0
       0
       0
       0
       0
       0
       0
       0
       0
       0
       0
       1
       0
       0
       0
       0
       0
       0
       0
       0
       0
       0
       0
       0
       0
       0
       0
       1
       0
       0
       0
       0
       0
       0
       0
       1
       0
       0
       0
       0
       0
       0
       0
       0
       0
       0
       0
       1
       0
       0
       0
       0
       0
       0
       0
       0
       0
       0
       0
       0
       0
       0
       0
       1
       0
       0
       0
       0
       0
       0
       0
       0
       0
       0
       0
       0
       0
       0
       0
       0
       0
       0
       0
       0
       0
       0
       0
       0
       0
       0
       0
       0
       0
       0
       0
       0
       0
       0
       0
       0
       0
       0
       0
       0
       0
       0
       0
       0
       0
       0
       0
       0
       0
       0
       0
       0
       0
       0
       0
       0
       0
       0
       0
       0
       0
       0
       0
       0
       0
       0
       0
       0
       0
       0
       0
       0
       0
       0
       0
       0
       0
       0
       0
       0
       0
       0
       0
       0
       0
       0
       0
       0
       0
       0
       0
       0
       0
       0
       0
       0
       0
       0
       0
       0
       0
       0
       0
       0
       0
       0
       0
       0
       0
       0
       0
       0
       0
       0
       0
       0
       0
       0
       0
       0
       0
       0
       0
       0
       0
       0
       0
       0
       0
       0
       0
       0
       0
       0
       0
       0
       0
       0
       0
       0
       0
       0
       0
       0
       0
       0
       0
       0
       0
       0
       0
       0
       0
       0
       0
       0
       0
       0
       0
       0
       0
       0
       0
       0
       0
       0
       0
       0
       0
       0
       0
       0
       0
       0
       0
       0
       0
       0
       0
       0
       0
       0
       0
       0
       0
       0
       1
       0
       0
       0
       0
       1
       0
       0
       0
       0
       0
       1
       0
       0
       0
       0
       0
       0
       0
       0
       0
       0
       0
       0
       0
       0
       0
       0
       0
       0
       0
       1
       0
       0
       0
       0
       0
       0
       0
       0
       0
       0
       0
       0
       0
       0
       0
       0
       0
       0
       0
       0
       0
       0
       0
       0
       0
       0
       0
       0
       0
       0
       0
       0
       0
       0
       1
       0
       0
       0
       0
       0
       0
       1
       0
       0
       0
       0
       0
       0
       0
       0
       0
       0
       0
       0
       0
       0
       0
       0
       0
       0
       0
       0
       0
       0
       0
       0
       1
       0
       0
       0
       0
       1
       0
       0
       0
       0
       0
       0
       0
       0
       0
       0
       0
       0
       0
       0
       0
       0
       0
       0
       0
       0
       0
       0
       0
       0
       0
       0
       0
       0
       0
       0
       0
       0
       0
       0
       0
       0
       0
       0
       0
       0
       0
       0
       0
       0
       1
       0
       0
       0
       0
       0
       0
       0
       0
       0
       1
       0
       0
       0
       0
       0
       0
       0
       0
       0
       0
       0
       0
       0
       0
       0
       0
       0
       0
       0
       0
       0
       0
       0
       0
       0
       0
       0
       0
       0
       1
       0
       0
       0
       0
       0
       0
       0
       0
       0
       0
       0
       0
       0
       0
       0
       0
       0
       1
       0
       0
       0
       0
       0
       0
       0
       0
       0
       0
       0
       0
       0
       0
       0
       0
       0
       0
       0
       0
       0
       0
       0
       0
       1
       0
       0
       0
       0
       0
       0
       0
       0
       0
       0
       0
       0
       0
       0
       0
       0
       0
       0
       0
       0
       0
       0
       0
       0
       0
       0
       0
       0
       0
       0
       0
       0
       0
       0
       0
       0
       0
       0
       0
       0
       0
       0
       0
       0
       0
       0
       0
       0
       0
       0
       0
       0
       0
       0
       0
       0
       0
       0
       0
       0
       0
       1
       0
       0
       0
       0
       0
       0
       0
       0
       0
       0
       0
       0
       0
       0
       0
       0
       0
       0
       0
       0
       0
       0
       0
       0
       0
       0
       0
       0
       0
       0
       0
       0
       0
       0
       0
       0
       0
       0
       0
       0
       0
       0
       0
       0
       0
       0
       0
       0
       0
       0
       0
       0
       0
       0
       0
       0
       0
       0
       0
       0
       0
       0
       0
       0
       0
       0
       0
       0
       0
       0
       0
       0
       0
       0
       0
       0
       0
       0
       0
       0
       0
       0
       0
       0
       0
       0
       0
       0
       0
       0
       0
       0
       0
       0
       0
       0
       0
       0
       0
       0
       0
       0
       0
       0
       0
       0
       0
       0
       0
       1
       0
       0
       0
       0
       0
       0
       0
       0
       1
       0
       0
       0
       0
       0
       0
       1
       0
       0
       0
       0
       0
       0
       0
       0
       0
       0
       0
       0
       0
       0
       0
       1
       0
       0
       0
       0
       0
       0
       0
       0
       0
       0
       0
       0
       0
       0
       0
       0
       0
       0
       0
       0
       0
       0
       0
       0
       0
       0
       0
       0
       0
       0
       0
       0
       0
       0
       0
       0
       0
       0
       0
       0
       0
       0
       0
       0
       0
       0
       1
       0
       0
       0
       0
       0
       0
       0
       0
       0
       0
       0
       0
       0
       0
       0
       0
       0
       0
       0
       0
       0
       0
       0
       0
       0
       0
       0
       0
       0
       0
       0
       0
       0
       0
       0
       0
       0
       0
       0
       0
       0
       0
       0
       0
       0
       0
       0
       0
       0
       0
       0
       0
       0
       0
       0
       0
       0
       0
       0
       0
       0
       1
       0
       0
       0
       0
       0
       0
       0
       0
       0
       0
       1
       0
       0
       0
       0
       0
       0
       0
       0
       0
       1
       0
       0
       0
       0
       1
       0
       0
       0
       0
       0
       0
       0
       1
       0
       0
       0
       1
       0
       0
       0
       0
       1
       0
       0
       0
       0
       0
       0
       0
       0
       0
       1
       0
       0
       0
       0
       0
       0
       0
       0
       0
       0
       0
       0
       0
       0
       0
       0
       1
       0
       0
       0
       0
       0
       0
       0
       0
       0
       0
       0
       0
       0
       0
       0
       0
       0
       0
       0
       0
       0
       0
       0
       0
       0
       0
       0
       0
       0
       0
       0
       0
       0
       0
       0
       0
       0
       0
       0
       0
       0
       0
       0
       0
       0
       0
       0
       0
       0
       0
       0
       0
       0
       0
       0
       0
       0
       0
       0
       0
       0
       0
       0
       0
       0
       0
       0
       0
       0
       0
       0
       0
       0
       0
       0
       0
       0
       0
       0
       1
       0
       0
       0
       0
       0
       0
       0
       0
       0
       0
       0
       1
       0
       0
       0
       0
       0
       0
       0
       0
       0
       0
       0
       0
       0
       0
       0
       0
       0
       0
       0
       0
       0
       0
       0
       0
       0
       0
       0
       0
       0
       0
       0
       0
       0
       0
       0
       1
       0
       0
       0
       0
       0
       0
       0
       0
       0
       0
       0
       0
       0
       0
       0
       0
       0
       0
       0
       0
       0
       0
       0
       0
       0
       0
       0
       0
       0
       0
       0
       0
       0
       0
       0
       0
       0
       0
       0
       0
       0
       0
       0
       0
       0
       0
       0
       0
       0
       0
       0
       0
       0
       0
       0
       0
       0
       0
       0
       0
       0
       0
       0
       0
       0
       0
       0
       0
       0
       0
       0
       0
       0
       0
       0
       1
       0
       0
       0
       0
       0
       0
       0
       0
       0
       0
       0
       0
       0
       0
       0
       0
       0
       0
       0
       0
       0
       0
       0
       0
       0
       0
       0
       0
       0
       0
       0
       0
       0
       0
       0
       0
       0
       1
       0
       0
       0
       0
       0
       0
       0
       0
       0
       0
       0
       0
       0
       0
       0
       0
       0
       0
       0
       0
       0
       0
       0
       0
       0
       0
       1
       0
       0
       0
       0
       0
       0
       0
       0
       0
       0
       0
       0
       0
       0
       0
       0
       0
       0
       0
       0
       0
       0
       1
       0
       0
       0
       0
       0
       0
       0
       0
       0
       0
       0
       0
       0
       0
       0
       0
       0
       0
       0
       0
       0
       0
       0
       0
       0
       0
       0
       0
       0
       0
       0
       0
       0
       0
       0
       0
       0
       0
       0
       0
       0
       0
       0
       0
       0
       0
       0
       0
       0
       0
       0
       1
       0
       0
       0
       0
       0
       0
       0
       0
       0
       0
       0
       0
       0
       0
       0
       0
       0
       0
       0
       0
       0
       0
       0
       0
       0
       0
       0
       0
       0
       0
       0
       0
       0
       0
       0
       0
       0
       0
       0
       1
       0
       0
       0
       0
       0
       0
       0
       1
       0
       0
       0
       0
       0
       0
       0
       0
       0
       0
       0
       0
       0
       0
       0
       0
       0
       0
       0
       0
       0
       0
       0
       0
       0
       0
       0
       0
       0
       0
       0
       0
       0
       0
       0
       0
       0
       0
       0
       0
       0
       0
       0
       0
       0
       0
       0
       0
       0
       0
       0
       0
       0
       0
       0
       0
       0
       0
       0
       0
       0
       0
       0
       0
       0
       0
       0
       0
       0
       0
       0
       0
       0
       0
       0
       0
       0
       0
       0
       0
       0
       0
       0
       0
       0
       0
       0
       0
       0
       0
       0
       0
       0
       0
       0
       0
       0
       0
       0
       0
       0
       0
       0
       0
       0
       0
       0
       0
       0
       0
       0
       0
       0
       0
       0
       1
       1
       0
       0
       0
       0
       0
       0
       0
       0
       0
       0
       0
       0
       0
       0
       0
       1
       0
       0
       0
       0
       0
       0
       0
       0
       0
       0
       0
       0
       0
       0
       0
       0
       0
       0
       0
       0
       0
       0
       0
       0
       0
       0
       0
       0
       0
       0
       0
       0
       0
       0
       0
       0
       0
       1
       0
       0
       0
       0
       0
       0
       0
       1
       0
       0
       0
       0
       0
       0
       0
       0
       0
       0
       0
       0
       1
       0
       0
       0
       0
       0
       0
       0
       0
       0
       0
       0
       0
       0
       0
       0
       0
       0
       0
       0
       0
       0
       0
       0
       0
       0
       0
       0
       0
       0
       0
       1
       0
       0
       0
       0
       0
       0
       0
       0
       0
       0
       0
       0
       0
       1
       0
       0
       0
       0
       0
       0
       0
       0
       0
       0
       0
       1
       0
       0
       0
       0
       0
       0
       0
       0
       0
       0
       0
       0
       0
       0
       0
       0
       0
       0
       0
       0
       0
       0
       0
       0
       0
       0
       0
       0
       0
       0
       0
       0
       0
       0
       0
       0
       0
       0
       0
       0
       0
       0
       0
       0
       0
       0
       0
       0
       0
       0
       0
       0
       0
       0
       0
       1
       0
       0
       0
       0
       0
       0
       0
       0
       0
       0
       0
       0
       0
       0
       0
       0
       0
       0
       0
       0
       0
       0
       0
       0
       0
       0
       0
       0
       0
       0
       0
       0
       0
       0
       0
       0
       0
       0
       0
       0
       0
       0
       0
       0
       0
       0
       0
       0
       0
       0
       0
       0
       0
       0
       0
       0
       0
       1
       0
       0
       0
       0
       0
       0
       0
       0
       0
       0
       0
       0
       0
       0
       0
       0
       0
       0
       0
       0
       0
       0
       0
       0
       0
       0
       0
       0
       0
       0
       0
       0
       0
       0
       1
       0
       0
       0
       0
       0
       1
       0
       0
       0
       0
       0
       0
       0
       0
       0
       0
       0
       0
       0
       0
       0
       0
       0
       0
       0
       0
       0
       1
       0
       0
       0
       0
       1
       0
       0
       0
       0
       0
       0
       0
       0
       0
       0
       0
       0
       0
       0
       0
       0
       0
       1
       1
       0
       0
       0
       0
       0
       0
       0
       1
       0
       0
       0
       0
       0
       0
       0
       0
       0
       0
       0
       0
       0
       0
       0
       0
       0
       0
       0
       0
       0
       0
       0
       0
       0
       0
       0
       0
       0
       0
       0
       0
       0
       0
       0
       0
       0
       0
       0
       0
       0
       0
       0
       0
       0
       0
       0
       0
       0
       0
       0
       0
       0
       0
       0
       0
       0
       0
       0
       0
       0
       0
       0
       0
       0
       0
       0
       0
       0
       0
       0
       0
       0
       0
       0
       0
       0
       0
       0
       0
       0
       0
       0
       0
       0
       0
       0
       0
       0
       0
       0
       0
       0
       1
       0
       0
       1
       0
       0
       0
       0
       0
       0
       0
       0
       0
       0
       0
       0
       0
       0
       0
       0
       0
       0
       0
       0
       0
       0
       0
       0
       0
       0
       0
       0
       0
       1
       0
       0
       1
       0
       0
       0
       0
       0
       0
       0
       0
       0
       0
       0
       0
       0
       0
       0
       1
       0
       0
       0
       0
       0
       1
       0
       0
       0
       0
       0
       0
       0
       0
       0
       0
       0
       0
       0
       0
       0
       0
       0
       0
       0
       0
       0
       0
       0
       1
       0
       0
       0
       0
       0
       0
       1
       0
       0
       0
       1
       0
       0
       0
       0
       0
       0
       0
       0
       0
       0
       1
       0
       0
       0
       0
       0
       0
       0
       0
       0
       0
       0
       0
       0
       1
       0
       0
       0
       0
       0
       0
       0
       0
       0
       0
       0
       0
       0
       0
       0
       0
       0
       0
       0
       0
       0
       0
       0
       0
       0
       0
       0
       0
       0
       0
       0
       0
       0
       0
       0
       0
       0
       0
       0
       0
       0
       0
       0
       0
       0
       0
       0
       0
       0
       0
       0
       0
       0
       0
       0
       0
       0
       0
       0
       0
       0
       0
       0
       0
       0
       0
       0
       0
       0
       0
       0
       0
       0
       0
       0
       1
       0
       0
       0
       0
       0
       0
       0
       1
       0
       0
       0
       1
       0
       0
       0
       0
       0
       0
       1
       0
       0
       0
       0
       0
       0
       0
       0
       1
       0
       0
       0
       0
       0
       0
       0
       0
       0
       0
       0
       0
       0
       1
       0
       0
       0
       0
       0
       0
       0
       0
       0
       0
       0
       0
       0
       0
       0
       0
       0
       1
       0
       0
       0
       0
       0
       0
       0
       0
       0
       0
       0
       0
       0
       0
       0
       0
       0
       0
       0
       0
       0
       0
       1
       0
       0
       0
       0
       0
       0
       0
       0
       0
       0
       0
       0
       0
       0
       1
       0
       0
       0
       0
       0
       0
       0
       0
       0
       0
       0
       0
       1
       0
       0
       0
       0
       0
       0
       0
       0
       0
       0
       0
       0
       0
       0
       0
       0
       0
       0
       0
       0
       0
       0
       0
       0
       0
       0
       0
       0
       0
       0
       0
       0
       0
       0
       0
       0
       0
       0
       0
       0
       0
       0
       0
       0
       0
       0
       0
       0
       0
       0
       1
       0
       0
       0
       0
       0
       0
       0
       0
       0
       0
       0
       0
       0
       0
       0
       0
       1
       0
       0
       0
       0
       0
       0
       0
       0
       0
       0
       0
       0
       0
       0
       1
       0
       0
       0
       0
       0
       0
       0
       0
       0
       0
       0
       0
       0
       0
       0
       0
       0
       0
       0
       0
       0
       0
       0
       0
       0
       0
       0
       0
       0
       0
       0
       0
       0
       0
       0
       0
       0
       0
       0
       0
       0
       0
       0
       0
       0
       0
       0
       0
       0
       0
       0
       0
       0
       0
       0
       0
       0
       0
       0
       0
       0
       0
       0
       0
       0
       0
       0
       0
       0
       0
       0
       0
       0
       0
       0
       0
       0
       0
       0
       0
       0
       0
       0
       0
       0
       0
       0
       0
       0
       0
       0
       0
       0
       0
       0
       0
       0
       0
       0
       0
       0
       0
       0
       0
       0
       0
       0
       0
       0
       0
       0
       0
       0
       0
       1
       0
       0
       1
       1
       0
       0
       0
       0
       0
       0
       0
       0
       0
       0
       0
       0
       0
       0
       0
       0
       0
       0
       0
       1
       0
       0
       0
       0
       0
       0
       0
       0
       0
       0
       0
       0
       0
       0
       0
       0
       0
       0
       0
       0
       0
       0
       0
       0
       0
       0
       0
       0
       0
       0
       0
       0
       0
       0
       1
       0
       0
       0
       0
       0
       0
       0
       0
       0
       0
       0
       0
       0
       0
       0
       0
       0
       0
       0
       0
       0
       0
       0
       0
       0
       0
       0
       0
       0
       0
       0
       0
       0
       0
       0
       0
       0
       0
       0
       0
       0
       0
       0
       0
       0
       0
       0
       0
       0
       0
       0
       0
       0
       1
       0
       0
       0
       0
       0
       0
       0
       0
       0
       0
       0
       0
       0
       0
       0
       0
       0
       0
       0
       0
       0
       0
       0
       0
       0
       0
       0
       0
       0
       0
       0
       0
       0
       0
       0
       0
       0
       0
       0
       0
       0
       0
       0
       0
       0
       0
       0
       0
       0
       0
       1
       0
       0
       1
       0
       0
       0
       0
       0
       0
       0
       0
       0
       0
       0
       0
       0
       0
       0
       0
       0
       0
       0
       0
       0
       0
       0
       0
       0
       0
       0
       0
       0
       0
       0
       0
       0
       0
       0
       0
       0
       0
       0
       0
       0
       0
       0
       0
       0
       0
       0
       0
       0
       0
       0
       0
       0
       0
       0
       0
       0
       0
       0
       0
       1
       0
       0
       0
       0
       0
       0
       0
       0
       0
       0
       0
       0
       0
       0
       0
       0
       0
       0
       0
       0
       0
       0
       0
       0
       0
       0
       0
       0
       0
       0
       0
       0
       0
       0
       0
       0
       0
       0
       0
       0
       0
       0
       0
       0
       0
       0
       0
       0
       0
       0
       0
       0
       0
       0
       0
       0
       0
       0
       0
       0
       0
       0
       0
       0
       0
       0
       0
       0
       0
       0
       0
       0
       0
       0
       0
       0
       0
       0
       0
       0
       0
       0
       0
       0
       0
       0
       0
       0
       0
       0
       0
       0
       0
       0
       0
       0
       0
       0
       1
       0
       0
       0
       0
       0
       0
       0
       0
       0
       0
       0
       0
       0
       0
       1
       0
       0
       0
       0
       0
       0
       0
       0
       0
       0
       0
       0
       0
       0
       0
       0
       0
       0
       0
       0
       0
       0
       0
       0
       0
       0
       0
       0
       0
       0
       1
       0
       0
       0
       0
       0
       0
       0
       1
       0
       0
       1
       0
       0
       0
       0
       0
       0
       0
       1
       0
       0
       0
       0
       0
       0
       0
       0
       0
       0
       0
       0
       0
       0
       0
       0
       0
       0
       0
       0
       0
       0
       0
       0
       0
       0
       0
       0
       0
       0
       0
       0
       0
       0
       0
       0
       0
       0
       0
       0
       2
       0
       0
       0
       0
       0
       0
       0
       0
       1
       0
       0
       0
       0
       0
       0
       0
       0
       0
       0
       0
       0
       0
       0
       0
       0
       0
       0
       0
       0
       0
       0
       0
       0
       0
       0
       0
       0
       0
       0
       0
       0
       1
       0
       0
       0
       0
       0
       0
       0
       0
       0
       0
       0
       0
       0
       0
       0
       0
       0
       0
       0
       0
       0
       0
       0
       0
       0
       0
       0
       0
       0
       0
       0
       0
       0
       0
       0
       0
       0
       0
       0
       0
       0
       0
       0
       0
       0
       0
       0
       0
       0
       0
       1
       1
       0
       0
       0
       0
       0
       0
       0
       0
       0
       0
       0
       0
       0
       0
       0
       0
       0
       0
       0
       0
       0
       0
       0
       0
       0
       0
       0
       0
       0
       0
       0
       0
       0
       0
       0
       0
       0
       0
       0
       0
       0
       0
       0
       0
       0
       0
       0
       0
       0
       0
       0
       0
       0
       0
       0
       0
       1
       0
       0
       0
       0
       0
       0
       0
       0
       0
       0
       0
       0
       0
       0
       0
       0
       0
       0
       0
       0
       0
       0
       0
       0
       0
       0
       0
       0
       0
       0
       0
       0
       0
       0
       0
       0
       0
       0
       0
       0
       0
       0
       0
       0
       0
       0
       0
       0
       0
       0
       0
       0
       0
       0
       0
       1
       0
       0
       0
       0
       1
       0
       0
       1
       0
       0
       0
       0
       0
       0
       0
       0
       0
       0
       0
       0
       0
       0
       0
       0
       0
       0
       0
       0
       0
       0
       0
       0
       0
       0
       0
       0
       0
       0
       0
       0
       0
       1
       0
       0
       0
       0
       0
       0
       0
       0
       0
       0
       0
       0
       0
       0
       0
       0
       0
       0
       0
       0
       1
       0
       1
       0
       0
       0
       0
       0
       0
       0
       0
       0
       0
       0
       0
       0
       0
       0
       0
       0
       0
       0
       0
       0
       0
       0
       0
       0
       0
       0
       0
       0
       0
       0
       0
       0
       0
       0
       0
       0
       0
       0
       0
       0
       0
       0
       0
       0
       0
       0
       0
       0
       0
       0
       0
       0
       0
       0
       0
       0
       0
       0
       0
       0
       0
       0
       0
       0
       0
       0
       0
       0
       0
       0
       0
       0
       0
       1
       0
       0
       0
       0
       0
       0
       0
       0
       0
       0
       0
       0
       0
       0
       0
       0
       0
       0
       0
       0
       0
       0
       0
       0
       0
       0
       0
       0
       0
       0
       0
       0
       0
       0
       0
       0
       0
       0
       0
       0
       0
       0
       0
       0
       0
       0
       0
       0
       0
       0
       0
       0
       0
       0
       0
       0
       0
       0
       0
       0
       0
       0
       0
       2
       0
       0
       0
       0
       0
       0
       0
       0
       0
       0
       0
       0
       0
       0
       0
       0
       0
       0
       0
       0
       0
       0
       0
       0
       0
       0
       0
       0
       0
       0
       0
       0
       0
       0
       0
       0
       0
       0
       0
       0
       0
       0
       0
       0
       0
       0
       0
       0
       0
       0
       0
       0
       0
       0
       0
       0
       0
       0
       0
       0
       0
       0
       0
       0
       0
       0
       0
       0
       0
       0
       0
       0
       0
       0
       0
       0
       0
       0
       0
       0
       0
       0
       0
       0
       0
       0
       0
       0
       0
       0
       0
       0
       0
       0
       0
       0
       0
       0
       1
       0
       0
       0
       0
       0
       0
       0
       0
       0
       0
       0
       0
       0
       0
       0
       0
       0
       0
       0
       0
       0
       0
       0
       0
       0
       0
       0
       0
       0
       1
       0
       0
       0
       0
       0
       0
       0
       0
       0
       0
       0
       0
       0
       0
       0
       0
       0
       0
       0
       0
       0
       0
       0
       0
       0
       0
       0
       0
       0
       0
       0
       0
       0
       0
       0
       0
       0
       0
       0
       0
       0
       0
       0
       0
       0
       0
       0
       0
       0
       0
       0
       0
       0
       0
       0
       1
       0
       0
       0
       0
       0
       1
       0
       0
       0
       0
       0
       0
       0
       0
       0
       0
       0
       0
       0
       0
       0
       0
       0
       0
       0
       0
       0
       0
       0
       0
       0
       0
       0
       0
       0
       0
       0
       0
       0
       0
       0
       0
       0
       0
       0
       0
       0
       0
       0
       0
       0
       0
       0
       0
       0
       0
       0
       0
       0
       0
       0
       0
       0
       0
       0
       0
       0
       0
       0
       0
       0
       0
       0
       0
       0
       0
       0
       0
       0
       0
       0
       0
       0
       0
       0
       0
       0
       0
       0
       0
       0
       0
       0
       0
       0
       0
       0
       0
       0
       0
       0
       0
       0
       0
       0
       0
       0
       0
       0
       0
       0
       1
       0
       0
       0
       0
       0
       0
       0
       0
       0
       0
       0
       0
       0
       0
       0
       0
       0
       0
       0
       0
       0
       0
       0
       0
       0
       0
       0
       0
       0
       0
       0
       0
       0
       0
       0
       0
       0
       0
       0
       0
       0
       0
       0
       0
       0
       0
       0
       0
       0
       0
       0
       0
       0
       0
       0
       0
       0
       0
       0
       0
       0
       0
       0
       0
       0
       0
       0
       0
       0
       0
       0
       0
       1
       0
       0
       0
       0
       0
       0
       0
       0
       0
       0
       0
       0
       0
       0
       0
       0
       0
       0
       0
       0
       0
       0
       0
       0
       0
       0
       0
       0
       0
       0
       0
       0
       0
       0
       0
       0
       0
       0
       0
       0
       0
       0
       0
       0
       0
       1
       0
       0
       1
       0
       0
       0
       0
       0
       0
       0
       0
       0
       0
       0
       0
       0
       0
       0
       0
       0
       0
       0
       0
       0
       0
       0
       0
       0
       0
       0
       0
       0
       0
       0
       0
       0
       0
       0
       0
       0
       0
       0
       0
       0
       0
       0
       0
       0
       0
       0
       0
       0
       0
       0
       0
       0
       0
       0
       0
       0
       0
       0
       0
       0
       0
       0
       0
       0
       0
       0
       1
       0
       0
       0
       0
       0
       0
       0
       0
       0
       0
       0
       0
       0
       0
       0
       0
       0
       0
       0
       0
       0
       0
       0
       1
       0
       0
       0
       0
       0
       0
       0
       0
       0
       1
       0
       0
       0
       0
       0
       0
       0
       0
       0
       0
       0
       0
       0
       0
       0
       0
       0
       0
       0
       0
       0
       0
       0
       0
       0
       0
       0
       0
       0
       0
       0
       0
       0
       0
       0
       0
       0
       0
       0
       0
       0
       0
       0
       0
       0
       0
       0
       0
       0
       0
       0
       0
       0
       0
       0
       0
       0
       0
       0
       0
       0
       0
       0
       0
       0
       0
       0
       0
       0
       0
       0
       0
       0
       0
       0
       0
       0
       0
       0
       0
       0
       0
       0
       0
       1
       0
       0
       0
       0
       0
       0
       0
       0
       0
       0
       0
       0
       0
       0
       0
       0
       0
       0
       0
       0
       0
       0
       0
       0
       0
       0
       0
       0
       0
       1
       0
       0
       0
       0
       0
       0
       0
       0
       0
       0
       0
       0
       0
       0
       0
       0
       0
       0
       0
       0
       0
       0
       0
       0
       0
       0
       0
       0
       0
       0
       0
       0
       0
       0
       0
       0
       0
       0
       0
       0
       0
       0
       0
       0
       0
       0
       0
       0
       0
       0
       0
       0
       0
       0
       0
       0
       0
       0
       0
       0
       0
       0
       0
       0
       0
       0
       0
       0
       0
       0
       0
       1
       0
       0
       0
       0
       0
       0
       0
       0
       1
       0
       0
       1
       0
       0
       0
       0
       0
       0
       0
       0
       0
       0
       0
       0
       0
       0
       0
       0
       0
       0
       0
       0
       0
       0
       0
       0
       0
       0
       0
       0
       0
       0
       0
       0
       0
       0
       0
       0
       0
       0
       0
       0
       0
       0
       0
       0
       0
       0
       0
       0
       0
       0
       0
       0
       0
       0
       0
       0
       0
       0
       0
       0
       0
       0
       0
       0
       0
       0
       0
       0
       0
       0
       0
       0
       0
       0
       0
       0
       0
       0
       0
       0
       0
       0
       0
       0
       0
       0
       0
       0
       0
       0
       0
       0
       0
       0
       0
       0
       0
       0
       0
       0
       0
       0
       0
       0
       0
       0
       0
       0
       0
       0
       0
       0
       0
       0
       0
       0
       0
       0
       0
       0
       0
       0
       0
       0
       0
       0
       0
       0
       0
       0
       0
       0
       0
       0
       0
       0
       0
       0
       0
       0
       0
       0
       0
       0
       0
       0
       0
       0
       0
       0
       0
       0
       0
       0
       0
       0
       0
       0
       0
       0
       0
       0
       0
       0
       0
       0
       0
       0
       0
       0
       0
       0
       0
       0
       0
       0
       0
       0
       0
       0
       0
       0
       0
       0
       0
       0
       0
       0
       0
       0
       0
       0
       0
       0
       0
       0
       0
       0
       0
       0
       0
       0
       0
       0
       0
       0
       0
       0
       1
       0
       0
       0
       0
       0
       0
       0
       0
       0
       0
       0
       0
       0
       0
       0
       0
       0
       0
       0
       0
       0
       0
       0
       0
       0
       0
       0
       0
       0
       0
       0
       0
       0
       0
       0
       0
       0
       0
       0
       0
       0
       0
       0
       0
       0
       0
       0
       0
       0
       0
       0
       0
       0
       0
       0
       0
       0
       0
       0
       0
       0
       0
       0
       0
       0
       0
       0
       0
       0
       0
       0
       0
       0
       0
       0
       0
       0
       0
       0
       0
       0
       1
       0
       0
       1
       0
       0
       0
       0
       0
       0
       0
       0
       0
       0
       0
       0
       0
       0
       0
       0
       0
       0
       0
       1
       0
       0
       0
       0
       0
       0
       0
       0
       0
       0
       0
       0
       0
       0
       0
       0
       0
       0
       0
       0
       0
       0
       0
       0
       0
       0
       0
       0
       0
       0
       0
       0
       0
       0
       0
       0
       0
       0
       0
       0
       0
       0
       0
       0
       0
       0
       0
       0
       0
       0
       0
       0
       0
       0
       0
       0
       0
       0
       0
       0
       0
       0
       0
       0
       0
       0
       0
       0
       0
       0
       0
       0
       0
       0
       0
       0
       0
       0
       0
       0
       0
       0
       0
       0
       0
       0
       0
       0
       0
       0
       0
       0
       0
       0
       0
       0
       0
       0
       0
       0
       0
       0
       0
       0
       0
       0
       0
       0
       0
       0
       0
       0
       0
       0
       0
       0
       0
       0
       0
       0
       0
       0
       0
       0
       0
       0
       0
       0
       0
       0
       0
       0
       0
       0
       0
       0
       0
       0
       0
       0
       0
       0
       0
       0
       0
       0
       0
       0
       1
       0
       0
       0
       0
       0
       0
       0
       0
       0
       0
       0
       0
       0
       0
       0
       0
       0
       0
       0
       0
       0
       0
       0
       0
       0
       1
       0
       0
       0
       0
       0
       0
       0
       0
       0
       0
       0
       0
       0
       0
       0
       0
       0
       0
       0
       0
       0
       0
       0
       0
       0
       0
       0
       0
       0
       0
       0
       0
       0
       0
       0
       0
       0
       0
       0
       1
       0
       0
       0
       0
       0
       0
       0
       0
       0
       0
       0
       0
       0
       0
       0
       0
       0
       0
       0
       0
       0
       0
       0
       0
       0
       0
       0
       0
       0
       0
       0
       0
       0
       0
       0
       0
       0
       0
       0
       0
       0
       0
       0
       0
       0
       1
       0
       0
       0
       0
       0
       0
       0
       0
       0
       0
       0
       0
       0
       0
       0
       0
       0
       0
       0
       0
       0
       0
       0
       0
       0
       0
       0
       0
       0
       0
       0
       0
       0
       0
       0
       0
       0
       0
       0
       0
       0
       0
       0
       0
       0
       1
       0
       0
       0
       0
       0
       0
       0
       0
       0
       0
       0
       0
       0
       1
       0
       0
       1
       0
       0
       0
       0
       0
       0
       0
       1
       0
       0
       0
       0
       1
       0
       0
       0
       0
       0
       0
       0
       0
       0
       0
       0
       0
       0
       0
       0
       0
       0
       0
       0
       0
       0
       0
       0
       0
       0
       0
       0
       0
       0
       0
       0
       0
       0
       0
       0
       0
       0
       0
       0
       0
       0
       0
       0
       0
       1
       0
       0
       0
       0
       0
       0
       0
       0
       0
       0
       0
       0
       0
       0
       0
       0
       0
       0
       0
       0
       0
       0
       0
       0
       0
       0
       0
       0
       0
       0
       0
       0
       0
       0
       0
       0
       0
       0
       0
       0
       0
       0
       0
       0
       0
       0
       0
       0
       0
       0
       0
       0
       0
       0
       0
       0
       0
       0
       0
       0
       0
       0
       0
       0
       0
       0
       0
       0
       0
       0
       0
       0
       0
       0
       0
       0
       0
       0
       0
       0
       0
       0
       0
       0
       0
       0
       0
       0
       0
       0
       0
       0
       0
       0
       0
       0
       0
       0
       0
       0
       0
       0
       0
       0
       0
       0
       0
       0
       1
       0
       0
       0
       0
       0
       0
       0
       0
       0
       0
       0
       0
       0
       0
       0
       0
       0
       0
       0
       0
       0
       0
       0
       0
       0
       0
       0
       0
       0
       0
       0
       0
       0
       0
       0
       0
       0
       0
       0
       0
       0
       0
       0
       0
       0
       0
       0
       0
       0
       0
       0
       0
       0
       0
       0
       0
       0
       0
       0
       0
       0
       0
       0
       0
       0
       0
       0
       0
       0
       0
       0
       0
       0
       0
       0
       0
       0
       0
       0
       0
       0
       0
       0
       0
       0
       0
       0
       0
       0
       0
       0
       0
       0
       0
       0
       0
       0
       0
       0
       0
       0
       0
       0
       0
       0
       0
       0
       0
       0
       0
       0
       0
       0
       0
       0
       0
       0
       0
       0
       0
       0
       0
       0
       0
       0
       0
       0
       0
       0
       0
       0
       0
       0
       0
       0
       0
       0
       0
       0
       0
       0
       0
       0
       0
       0
       0
       0
       0
       0
       0
       1
       0
       0
       0
       0
       0
       0
       0
       0
       0
       0
       0
       0
       0
       0
       0
       0
       0
       0
       0
       0
       0
       0
       0
       0
       0
       0
       0
       0
       1
       0
       0
       0
       0
       0
       0
       0
       0
       0
       0
       0
       0
       0
       0
       1
       0
       0
       0
       0
       0
       0
       0
       0
       0
       0
       0
       0
       0
       0
       0
       0
       0
       0
       0
       0
       0
       0
       0
       0
       0
       0
       0
       0
       0
       0
       0
       0
       0
       0
       0
       0
       0
       0
       0
       0
       0
       0
       0
       0
       0
       0
       0
       0
       0
       0
       0
       0
       0
       0
       0
       0
       0
       0
       0
       0
       0
       0
       0
       0
       1
       0
       0
       0
       0
       0
       0
       0
       0
       0
       0
       0
       0
       0
       0
       0
       0
       0
       0
       0
       0
       0
       0
       0
       0
       0
       0
       0
       0
       0
       0
       0
       0
       0
       0
       0
       1
       0
       0
       1
       0
       0
       0
       0
       0
       0
       0
       0
       0
       0
       0
       0
       0
       0
       0
       0
       0
       0
       0
       0
       0
       0
       0
       0
       0
       0
       1
       0
       0
       0
       0
       0
       0
       0
       0
       0
       0
       0
       0
       0
       0
       0
       0
       0
       0
       0
       0
       0
       0
       0
       0
       0
       0
       0
       0
       0
       0
       0
       0
       0
       0
       0
       0
       0
       0
       0
       0
       0
       0
       0
       0
       0
       0
       0
       0
       0
       1
       0
       0
       0
       0
       1
       0
       0
       0
       0
       0
       0
       0
       0
       0
       0
       0
       0
       1
       0
       0
       0
       0
       0
       0
       0
       0
       0
       0
       0
       0
       0
       0
       0
       0
       0
       0
       0
       0
       0
       0
       0
       0
       0
       0
       0
       0
       0
       0
       0
       0
       0
       0
       0
       0
       0
       0
       0
       0
       0
       0
       0
       0
       0
       0
       0
       0
       0
       0
       0
       0
       0
       0
       0
       0
       0
       0
       0
       0
       0
       0
       0
       0
       0
       0
       0
       0
       0
       0
       0
       0
       0
       0
       0
       0
       0
       0
       0
       0
       0
       0
       0
       0
       0
       0
       0
       0
       0
       0
       0
       0
       0
       0
       0
       0
       0
       0
       0
       0
       0
       0
       0
       0
       0
       0
       0
       0
       0
       0
       0
       0
       0
       0
       0
       0
       0
       0
       0
       0
       0
       0
       0
       0
       0
       0
       0
       0
       0
       0
       0
       0
       0
       0
       0
       0
       0
       0
       0
       0
       0
       0
       0
       0
       0
       0
       0
       0
       0
       0
       0
       0
       0
       0
       0
       0
       0
       0
       0
       0
       0
       0
       0
       0
       0
       0
       0
       0
       0
       0
       0
       0
       0
       0
       0
       0
       0
       0
       0
       0
       0
       0
       0
       0
       0
       0
       0
       0
       0
       0
       0
       0
       0
       0
       0
       0
       0
       0
       0
       0
       0
       0
       0
       0
       0
       0
       0
       0
       0
       0
       0
       0
       0
       0
       0
       0
       0
       0
       0
       0
       0
       0
       0
       0
       0
       0
       0
       0
       0
       0
       0
       0
       0
       0
       0
       0
       0
       0
       0
       0
       0
       0
       0
       0
       0
       0
       0
       0
       0
       0
       0
       0
       0
       0
       0
       0
       0
       0
       0
       0
       0
       0
       0
       0
       1
       0
       0
       0
       0
       0
       0
       0
       0
       0
       0
       0
       0
       0
       0
       0
       0
       0
       0
       0
       0
       0
       0
       0
       0
       0
       0
       0
       0
       0
       0
       0
       0
       0
       0
       0
       0
       0
       0
       0
       0
       0
       0
       0
       0
       1
       0
       0
       0
       0
       0
       0
       0
       0
       0
       0
       0
       0
       0
       0
       0
       0
       0
       0
       0
       0
       0
       0
       0
       0
       0
       0
       0
       0
       0
       1
       0
       0
       0
       0
       0
       1
       0
       0
       0
       0
       0
       0
       0
       0
       0
       0
       0
       0
       0
       0
       0
       0
       0
       0
       0
       0
       0
       0
       0
       0
       0
       0
       0
       0
       0
       0
       0
       0
       0
       0
       0
       1
       0
       0
       0
       0
       0
       0
       0
       0
       0
       0
       0
       0
       0
       0
       0
       0
       0
       0
       0
       0
       0
       0
       0
       0
       0
       0
       1
       0
       0
       0
       0
       0
       0
       0
       0
       0
       0
       0
       0
       0
       0
       0
       0
       0
       0
       0
       0
       0
       1
       0
       0
       0
       0
       0
       0
       0
       0
       0
       0
       0
       0
       0
       0
       0
       0
       0
       0
       0
       0
       0
       0
       0
       0
       0
       0
       0
       0
       0
       0
       0
       1
       0
       0
       0
       0
       0
       0
       0
       0
       0
       0
       0
       0
       0
       0
       0
       0
       1
       0
       0
       0
       0
       0
       0
       0
       0
       0
       0
       0
       0
       0
       0
       0
       0
       0
       0
       0
       0
       0
       0
       0
       0
       0
       0
       0
       0
       0
       0
       0
       0
       0
       0
       0
       0
       0
       0
       0
       1
       0
       0
       0
       0
       0
       0
       0
       0
       0
       0
       0
       0
       0
       0
       0
       0
       0
       0
       0
       0
       0
       0
       0
       0
       0
       0
       0
       0
       0
       0
       0
       0
       0
       0
       0
       0
       0
       0
       0
       0
       0
       0
       0
       0
       0
       0
       0
       0
       0
       0
       0
       0
       0
       0
       0
       0
       0
       0
       0
       0
       0
       0
       0
       0
       0
       0
       0
       0
       1
       0
       0
       0
       0
       0
       0
       0
       0
       0
       0
       1
       0
       0
       0
       0
       0
       0
       0
       0
       0
       0
       0
       0
       0
       0
       0
       0
       0
       0
       0
       0
       0
       0
       0
       0
       0
       0
       0
       0
       1
       0
       0
       0
       0
       0
       0
       0
       0
       0
       0
       0
       0
       0
       0
       0
       0
       0
       0
       0
       0
       0
       0
       0
       0
       0
       0
       0
       0
       0
       0
       0
       0
       0
       0
       0
       0
       0
       0
       0
       0
       0
       0
       0
       0
       0
       0
       0
       0
       0
       0
       0
       0
       0
       0
       0
       0
       0
       0
       0
       0
       0
       0
       0
       0
       0
       0
       0
       0
       0
       0
       0
       0
       0
       0
       0
       0
       0
       0
       0
       0
       0
       0
       0
       0
       0
       0
       0
       0
       0
       0
       0
       0
       0
       0
       0
       0
       0
       0
       0
       0
       0
       0
       0
       0
       1
       0
       0
       0
       0
       0
       0
       0
       0
       0
       0
       0
       0
       0
       0
       0
       0
       0
       0
       0
       0
       0
       0
       0
       0
       0
       0
       0
       0
       0
       0
       0
       0
       0
       0
       0
       0
       0
       0
       0
       0
       0
       0
       0
       0
       0
       0
       0
       0
       0
       0
       1
       0
       0
       0
       0
       0
       0
       0
       0
       0
       0
       0
       0
       0
       0
       0
       0
       0
       0
       0
       0
       0
       0
       1
       0
       0
       0
       0
       0
       0
       0
       0
       0
       0
       0
       0
       0
       0
       0
       0
       0
       0
       0
       0
       0
       0
       0
       0
       0
       0
       0
       0
       1
       0
       0
       0
       0
       0
       0
       0
       0
       0
       0
       0
       0
       0
       0
       0
       0
       0
       1
       0
       0
       0
       0
       0
       0
       0
       0
       0
       0
       0
       0
       0
       2
       1
       0
       1
       0
       0
       0
       0
       0
       0
       0
       0
       0
       0
       0
       0
       0
       0
       0
       0
       0
       0
       0
       0
       0
       0
       0
       0
       0
       0
       0
       0
       0
       0
       0
       0
       0
       0
       0
       1
       0
       0
       0
       0
       0
       0
       0
       0
       0
       0
       0
       0
       0
       0
       0
       0
       0
       0
       0
       0
       0
       1
       0
       0
       0
       0
       0
       0
       0
       0
       1
       0
       0
       0
       0
       0
       0
       0
       0
       0
       0
       0
       0
       0
       0
       0
       0
       0
       0
       0
       0
       0
       0
       0
       0
       0
       0
       0
       0
       0
       0
       0
       0
       0
       0
       0
       0
       0
       0
       0
       0
       0
       0
       0
       0
       0
       0
       0
       0
       0
       0
       0
       0
       0
       0
       0
       0
       0
       0
       0
       0
       0
       0
       0
       0
       0
       0
       0
       0
       0
       0
       0
       0
       1
       0
       0
       0
       0
       0
       0
       0
       0
       0
       0
       0
       0
       0
       0
       0
       0
       0
       0
       0
       0
       0
       0
       0
       0
       0
       0
       0
       0
       0
       0
       0
       0
       0
       0
       0
       0
       0
       0
       0
       0
       0
       0
       0
       0
       0
       0
       0
       0
       0
       1
       0
       0
       0
       0
       0
       0
       0
       0
       0
       0
       0
       0
       0
       1
       0
       0
       0
       0
       0
       0
       0
       0
       0
       0
       0
       0
       0
       0
       0
       0
       0
       0
       0
       0
       0
       0
       0
       0
       0
       0
       0
       0
       0
       0
       1
       0
       1
       0
       0
       0
       0
       0
       0
       0
       0
       0
       0
       0
       0
       0
       0
       0
       0
       0
       0
       0
       0
       0
       0
       0
       0
       0
       0
       0
       0
       0
       0
       0
       0
       0
       0
       0
       0
       0
       0
       0
       0
       0
       0
       0
       0
       0
       0
       0
       0
       0
       0
       0
       0
       0
       0
       0
       0
       0
       0
       0
       0
       0
       0
       0
       0
       0
       0
       1
       0
       0
       0
       0
       0
       0
       0
       1
       0
       0
       0
       0
       0
       0
       0
       0
       0
       0
       0
       0
       0
       0
       1
       0
       0
       0
       0
       0
       0
       0
       0
       0
       0
       0
       0
       0
       0
       0
       0
       0
       0
       0
       0
       0
       0
       0
       0
       0
       0
       0
       0
       0
       0
       0
       0
       0
       0
       0
       0
       0
       0
       0
       0
       0
       0
       0
       0
       0
       0
       0
       0
       0
       0
       1
       0
       0
       1
       0
       0
       0
       0
       0
       0
       0
       0
       0
       0
       0
       0
       0
       0
       0
       1
       0
       0
       0
       0
       0
       0
       0
       0
       0
       0
       0
       0
       0
       0
       0
       0
       0
       0
       0
       0
       0
       0
       0
       0
       0
       0
       0
       0
       0
       0
       0
       0
       0
       0
       0
       0
       0
       0
       0
       0
       0
       0
       0
       0
       0
       0
       0
       0
       0
       0
       0
       0
       0
       0
       0
       1
       0
       0
       0
       0
       0
       0
       0
       0
       0
       0
       0
       0
       0
       0
       0
       0
       1
       0
       0
       1
       0
       0
       0
       0
       0
       0
       0
       0
       0
       0
       0
       1
       0
       0
       0
       0
       0
       0
       0
       0
       0
       0
       0
       0
       0
       0
       0
       0
       0
       0
       0
       0
       0
       0
       0
       0
       0
       0
       0
       0
       0
       0
       0
       0
       0
       0
       0
       0
       0
       0
       0
       0
       1
       0
       0
       0
       0
       0
       0
       0
       0
       0
       0
       0
       0
       0
       0
       0
       0
       0
       0
       0
       0
       0
       0
       0
       0
       0
       0
       0
       0
       0
       0
       0
       0
       0
       0
       0
       0
       0
       0
       0
       0
       0
       0
       0
       0
       0
       1
       0
       0
       0
       0
       0
       0
       0
       0
       0
       0
       0
       0
       0
       0
       0
       0
       0
       0
       0
       0
       0
       0
       0
       0
       0
       0
       0
       0
       0
       0
       0
       0
       0
       0
       0
       0
       0
       0
       0
       0
       0
       0
       0
       0
       0
       0
       0
       0
       0
       0
       0
       0
       0
       0
       0
       0
       0
       0
       0
       0
       0
       0
       0
       0
       0
       0
       0
       0
       0
       0
       0
       0
       0
       0
       0
       0
       0
       0
       0
       0
       0
       0
       0
       1
       0
       0
       1
       0
       0
       0
       0
       0
       0
       0
       0
       0
       0
       0
       0
       0
       0
       0
       0
       0
       0
       0
       0
       0
       0
       0
       0
       0
       0
       0
       0
       0
       0
       0
       0
       0
       0
       0
       0
       0
       0
       0
       0
       0
       0
       0
       0
       0
       0
       0
       0
       0
       0
       0
       0
       0
       0
       0
       0
       0
       0
       0
       0
       0
       0
       0
       0
       0
       0
       0
       0
       0
       0
       0
       0
       0
       0
       0
       0
       0
       0
       0
       0
       0
       0
       0
       0
       1
       0
       0
       0
       0
       0
       0
       0
       0
       0
       0
       0
       0
       0
       0
       0
       0
       0
       0
       0
       0
       0
       0
       0
       0
       0
       0
       0
       0
       0
       0
       0
       0
       0
       0
       0
       0
       0
       0
       0
       0
       0
       0
       0
       0
       0
       0
       0
       0
       0
       0
       0
       0
       0
       0
       0
       1
       0
       0
       0
       0
       0
       0
       0
       0
       0
       0
       0
       0
       0
       0
       0
       0
       0
       0
       0
       0
       0
       0
       0
       0
       0
       0
       0
       0
       0
       0
       0
       0
       0
       0
       0
       0
       0
       0
       0
       0
       0
       0
       0
       0
       0
       0
       0
       0
       0
       0
       0
       0
       0
       0
       0
       0
       0
       0
       0
       0
       0
       0
       0
       0
       0
       0
       0
       0
       0
       0
       0
       0
       0
       0
       0
       0
       0
       0
       0
       0
       0
       0
       0
       0
       0
       0
       0
       0
       0
       0
       0
       0
       0
       0
       0
       0
       0
       0
       0
       0
       0
       0
       0
       0
       0
       0
       0
       0
       0
       0
       0
       0
       0
       0
       0
       0
       0
       0
       0
       0
       0
       0
       0
       0
       0
       0
       0
       0
       0
       0
       0
       0
       0
       0
       0
       0
       0
       0
       0
       0
       0
       0
       0
       0
       0
       0
       0
       0
       0
       0
       0
       0
       0
       0
       0
       0
       0
       0
       0
       0
       0
       0
       0
       0
       0
       0
       0
       0
       0
       0
       0
       0
       0
       0
       0
       0
       0
       0
       0
       0
       0
       0
       0
       0
       0
       0
       0
       0
       0
       0
       0
       0
       0
       0
       1
       0
       0
       0
       0
       0
       0
       0
       0
       0
       0
       0
       0
       0
       0
       0
       0
       1
       0
       0
       0
       0
       0
       0
       0
       0
       0
       0
       0
       0
       0
       0
       0
       0
       0
       0
       0
       0
       0
       0
       0
       0
       0
       0
       0
       0
       0
       0
       0
       0
       0
       0
       0
       0
       0
       0
       0
       0
       0
       0
       0
       0
       0
       0
       0
       0
       0
       0
       0
       0
       0
       0
       1
       0
       0
       0
       0
       0
       0
       0
       0
       0
       0
       0
       0
       0
       0
       0
       0
       0
       0
       0
       0
       0
       0
       0
       0
       0
       0
       0
       0
       0
       0
       0
       0
       0
       0
       0
       0
       0
       0
       0
       0
       0
       0
       0
       0
       0
       0
       0
       0
       0
       1
       0
       0
       0
       0
       0
       1
       0
       1
       0
       0
       0
       0
       0
       0
       0
       0
       0
       0
       0
       0
       0
       0
       0
       0
       0
       0
       0
       0
       0
       0
       0
       0
       0
       0
       0
       0
       0
       0
       0
       1
       0
       0
       0
       0
       0
       0
       0
       0
       0
       0
       0
       0
       0
       0
       0
       0
       0
       0
       0
       0
       0
       0
       0
       0
       0
       0
       0
       0
       0
       0
       0
       1
       0
       0
       0
       0
       0
       0
       0
       0
       0
       0
       0
       0
       0
       0
       0
       0
       0
       0
       0
       0
       0
       0
       0
       0
       0
       0
       0
       0
       0
       0
       0
       0
       0
       0
       0
       0
       1
       0
       0
       0
       0
       0
       1
       0
       0
       0
       0
       0
       0
       0
       0
       0
       0
       0
       0
       0
       0
       0
       0
       0
       0
       0
       0
       0
       0
       0
       0
       0
       0
       0
       0
       0
       0
       0
       0
       0
       0
       0
       0
       0
       0
       1
       1
       0
       0
       0
       0
       0
       0
       0
       0
       0
       0
       0
       0
       0
       0
       0
       0
       0
       0
       0
       0
       0
       0
       0
       0
       0
       0
       0
       0
       0
       0
       0
       0
       0
       0
       0
       0
       0
       0
       0
       0
       0
       0
       0
       0
       0
       0
       0
       0
       0
       0
       0
       0
       0
       0
       0
       0
       0
       0
       0
       0
       0
       0
       0
       0
       0
       0
       0
       0
       0
       0
       0
       0
       0
       0
       0
       0
       0
       1
       0
       0
       0
       0
       0
       0
       0
       0
       0
       0
       0
       0
       0
       0
       0
       0
       0
       0
       0
       0
       0
       1
       0
       0
       0
       0
       0
       0
       0
       0
       0
       0
       0
       0
       0
       0
       0
       0
       0
       0
       0
       0
       0
       0
       0
       0
       0
       0
       0
       0
       0
       0
       0
       0
       0
       0
       0
       0
       0
       0
       0
       0
       0
       0
       1
       0
       0
       0
       0
       0
       0
       0
       0
       0
       0
       0
       0
       0
       0
       0
       0
       0
       0
       0
       0
       0
       0
       0
       0
       0
       0
       0
       0
       0
       0
       0
       0
       0
       0
       0
       0
       1
       0
       0
       0
       0
       0
       0
       0
       0
       0
       0
       0
       0
       0
       0
       0
       0
       0
       0
       0
       0
       0
       0
       0
       0
       0
       0
       0
       0
       0
       0
       0
       0
       0
       0
       0
       0
       0
       0
       0
       0
       0
       0
       0
       0
       0
       0
       0
       0
       0
       0
       0
       0
       0
       0
       0
       0
       0
       0
       0
       0
       0
       0
       0
       0
       0
       0
       0
       0
       0
       0
       0
       0
       0
       0
       0
       0
       0
       0
       0
       0
       0
       0
       0
       0
       0
       0
       0
       0
       0
       0
       1
       0
       0
       0
       0
       0
       0
       0
       0
       0
       0
       0
       0
       0
       0
       0
       0
       0
       0
       0
       0
       0
       0
       0
       0
       0
       0
       0
       0
       0
       0
       0
       0
       0
       0
       0
       1
       0
       0
       0
       0
       0
       0
       0
       0
       1
       0
       0
       0
       0
       0
       0
       0
       0
       1
       0
       0
       0
       0
       0
       0
       0
       0
       0
       0
       0
       0
       0
       0
       0
       0
       0
       0
       0
       0
       0
       0
       0
       0
       0
       0
       0
       0
       0
       1
       0
       0
       0
       0
       0
       0
       0
       0
       0
       0
       0
       0
       0
       0
       0
       0
       0
       0
       0
       0
       0
       0
       0
       0
       0
       0
       0
       0
       0
       0
       0
       0
       0
       0
       0
       0
       0
       0
       0
       0
       0
       0
       0
       0
       0
       0
       0
       0
       0
       0
       1
       0
       0
       0
       0
       0
       0
       0
       0
       0
       0
       0
       0
       0
       0
       0
       0
       0
       0
       0
       0
       0
       0
       0
       0
       0
       0
       0
       0
       0
       0
       0
       0
       0
       0
       0
       0
       0
       0
       0
       0
       0
       0
       0
       0
       0
       0
       0
       0
       0
       0
       0
       0
       0
       0
       0
       0
       0
       0
       0
       0
       0
       0
       0
       0
       0
       0
       0
       0
       0
       0
       0
       0
       0
       0
       0
       0
       0
       0
       0
       0
       0
       0
       0
       0
       1
       1
       0
       0
       0
       0
       0
       0
       0
       0
       0
       0
       0
       0
       0
       0
       0
       0
       0
       0
       0
       0
       0
       0
       0
       0
       0
       0
       0
       0
       0
       0
       0
       0
       0
       0
       0
       0
       0
       0
       0
       0
       0
       0
       0
       0
       0
       0
       0
       0
       0
       0
       0
       0
       0
       0
       0
       0
       0
       0
       0
       0
       0
       0
       0
       0
       0
       0
       0
       0
       0
       0
       0
       1
       0
       0
       0
       0
       0
       0
       0
       0
       0
       0
       0
       0
       0
       0
       0
       0
       0
       0
       0
       0
       0
       0
       0
       0
       0
       0
       0
       0
       0
       0
       0
       0
       0
       0
       0
       0
       0
       0
       0
       0
       0
       0
       0
       0
       0
       0
       0
       0
       0
       0
       0
       0
       0
       0
       0
       0
       0
       0
       0
       0
       0
       0
       0
       0
       0
       0
       0
       0
       0
       1
       0
       0
       0
       0
       0
       0
       0
       0
       0
       0
       0
       0
       0
       0
       0
       0
       0
       0
       0
       0
       0
       0
       0
       0
       0
       0
       0
       0
       0
       0
       0
       0
       0
       0
       0
       0
       0
       0
       0
       0
       0
       0
       0
       0
       0
       0
       0
       0
       0
       0
       0
       0
       0
       0
       0
       0
       0
       0
       0
       0
       0
       0
       0
       0
       0
       0
       0
       0
       0
       0
       0
       0
       0
       0
       0
       0
       0
       0
       0
       0
       0
       0
       0
       0
       0
       0
       0
       0
       0
       0
       0
       0
       0
       0
       0
       0
       0
       0
       0
       0
       0
       0
       0
       0
       0
       0
       0
       0
       0
       0
       0
       0
       0
       0
       0
       0
       0
       0
       0
       0
       0
       0
       0
       0
       0
       1
       0
       0
       0
       0
       0
       0
       0
       0
       0
       0
       0
       0
       0
       0
       0
       0
       0
       0
       0
       0
       0
       0
       0
       0
       0
       0
       0
       0
       0
       0
       0
       0
       0
       0
       0
       0
       0
       0
       0
       0
       0
       0
       0
       0
       0
       0
       0
       0
       0
       0
       0
       0
       0
       0
       0
       0
       0
       0
       0
       0
       0
       0
       0
       0
       0
       0
       0
       0
       0
       0
       0
       0
       0
       0
       0
       0
       0
       0
       0
       0
       0
       0
       0
       0
       0
       0
       0
       0
       0
       0
       0
       0
       0
       0
       0
       0
       0
       0
       0
       0
       0
       0
       0
       0
       0
       0
       0
       0
       0
       0
       0
       0
       0
       0
       0
       0
       0
       0
       0
       0
       0
       0
       0
       0
       0
       0
       0
       0
       0
       0
       0
       0
       0
       0
       0
       0
       0
       0
       0
       0
       0
       0
       0
       0
       0
       0
       0
       0
       0
       0
       0
       0
       0
       0
       0
       0
       0
       0
       0
       0
       0
       0
       0
       0
       0
       0
       0
       0
       0
       0
       0
       0
       0
       0
       0
       0
       0
       0
       0
       0
       0
       0
       0
       0
       0
       0
       0
       0
       0
       0
       0
       0
       0
       0
       0
       0
       0
       0
       0
       0
       0
       0
       0
       0
       0
       0
       0
       0
       0
       0
       0
       0
       0
       0
       0
       0
       0
       0
       0
       0
       0
       0
       0
       0
       0
       0
       0
       0
       0
       0
       0
       0
       0
       0
       0
       0
       0
       0
       0
       0
       0
       0
       0
       0
       0
       0
       0
       0
       0
       0
       0
       0
       0
       0
       0
       0
       0
       0
       0
       0
       0
       0
       0
       0
       0
       0
       0
       0
       0
       0
       0
       0
       0
       0
       0
       0
       0
       0
       0
       0
       0
       0
       0
       0
       0
       0
       0
       0
       0
       0
       0
       0
       0
       0
       0
       0
       0
       0
       0
       0
       0
       0
       0
       0
       0
       0
       0
       0
       0
       0
       0
       0
       0
       0
       0
       0
       0
       0
       0
       0
       0
       0
       0
       0
       0
       0
       0
       0
       0
       0
       0
       0
       0
       0
$ROI:
0
$PRESETS:
None
0
0
$ENER_FIT:
0.000000 0.533053
$MCA_CAL:
3
0.000000E+000 5.330531E-001 0.000000E+000 keV
$SHAPE_CAL:
3
0.000000E+000 0.000000E+000 0.000000E+000
