$SPEC_ID:
No sample description was entered.
$SPEC_REM:
DET# 1
DETDESC# DLAB-PHY-L3-48 Model 928 SN 14118571
AP# Maestro Version 7.01
$DATE_MEA:
03/10/2026 15:00:36
$MEAS_TIM:
5589 5712
$DATA:
0 16383
       0
       0
       0
       0
       0
       0
       0
       0
       0
       0
       0
       0
       0
       0
       0
       0
      22
       9
       7
       8
       9
       5
       2
       5
       3
       2
       2
       2
       1
       1
       0
       0
       0
       1
       0
       1
       0
       0
       0
       0
       0
       0
       0
       0
       0
       0
       0
       0
       0
       0
       0
       0
       0
       0
       0
       0
       0
       0
       0
       0
       0
       0
       0
       0
       0
       0
       0
      19
     119
    1263
   11881
   34708
   24394
    9024
    6358
    5641
    5084
    5066
    5085
    4945
    5232
    5418
    5389
    5628
    5684
    5882
    5992
    6110
    6191
    6257
    6224
    6570
    6695
    6754
    6898
    6904
    6982
    6901
    6898
    6975
    7164
    7220
    7205
    7462
    7205
    7281
    7368
    7509
    7378
    7838
    7863
    7778
    7881
    7752
    7984
    8314
    8257
    8264
    8608
    8550
    8732
    8908
    8894
    9200
    9165
    9298
    9639
    9593
    9911
   10078
   10163
   10319
   10291
   10724
   10649
   10697
   11028
   11049
   11264
   11444
   11651
   11764
   11568
   12066
   11892
   12119
   12256
   12406
   12531
   12707
   12635
   12800
   12901
   13103
   13056
   13014
   12948
   13392
   13188
   13021
   13367
   13241
   13277
   12978
   13053
   12927
   12900
   13010
   12771
   12681
   12588
   12404
   12439
   12193
   12112
   12125
   11877
   11792
   11668
   11675
   11369
   11554
   11176
   11136
   11107
   11000
   11010
   10719
   10640
   10580
   10498
   10397
   10380
   10253
   10215
   10096
   10039
   10182
    9740
    9739
    9845
    9800
    9579
    9806
    9700
    9659
    9537
    9658
    9579
    9523
    9411
    9666
    9552
    9472
    9403
    9612
    9725
    9500
    9723
    9607
    9536
    9578
    9806
    9482
    9618
    9625
    9573
    9710
    9725
    9677
    9675
    9893
    9689
    9760
    9868
    9856
    9722
    9823
    9834
    9875
    9961
   10025
    9974
   10273
   10060
   10039
   10162
   10078
   10121
   10125
   10178
   10301
   10119
   10019
   10282
   10245
   10363
   10313
   10369
   10389
   10506
   10541
   10304
   10500
   10252
   10441
   10458
   10449
   10698
   10613
   10484
   10657
   10406
   10838
   10743
   10656
   10619
   10673
   10681
   10723
   10733
   10725
   10687
   10812
   11022
   10836
   10880
   10907
   11037
   10979
   11033
   10913
   11137
   11270
   11233
   11111
   11171
   11035
   11128
   11177
   11135
   11254
   11517
   11163
   11229
   11198
   11216
   11254
   11378
   11482
   11358
   11490
   11502
   11515
   11518
   11629
   11618
   11746
   11773
   11757
   11823
   11851
   11975
   12097
   11871
   12198
   12223
   12314
   12186
   12356
   12489
   12576
   12603
   12711
   12752
   12945
   12853
   12909
   13104
   13032
   13134
   13313
   13186
   13316
   13449
   13399
   13606
   13671
   13658
   13735
   13731
   14039
   13956
   13952
   14064
   14059
   14167
   14301
   14446
   14387
   14631
   14324
   14525
   14761
   14600
   14598
   14772
   14720
   14543
   14775
   14798
   14813
   14892
   14936
   14888
   14890
   14777
   14752
   14718
   14745
   14552
   14615
   14575
   14561
   14601
   14481
   14445
   14564
   14174
   14217
   14308
   14214
   14128
   14086
   14093
   13891
   13925
   13802
   13832
   13666
   13489
   13665
   13455
   13523
   13376
   13243
   13518
   13117
   13306
   13083
   12956
   12775
   12887
   12776
   12611
   12736
   12215
   12313
   12461
   11986
   12174
   11967
   12033
   11898
   11778
   11734
   11635
   11744
   11457
   11548
   11482
   11411
   11471
   11276
   11057
   11161
   11420
   11087
   11219
   10869
   10818
   10734
   10609
   10712
   10538
   10471
   10583
   10447
   10155
   10376
   10282
   10047
   10260
   10244
   10114
   10111
   10116
   10068
    9886
    9975
    9791
    9971
    9558
    9792
    9621
    9562
    9504
    9495
    9534
    9289
    9289
    9303
    9218
    9250
    9382
    9148
    9091
    9111
    8929
    9137
    8967
    9019
    8750
    8825
    8688
    8807
    8783
    8700
    8539
    8578
    8477
    8401
    8361
    8286
    8438
    8357
    8363
    8285
    8234
    8258
    8204
    8051
    8159
    8199
    8020
    7987
    8041
    7954
    8004
    7823
    7960
    7774
    7773
    7821
    7764
    7672
    7703
    7551
    7572
    7588
    7564
    7554
    7505
    7571
    7306
    7282
    7286
    7309
    7326
    7444
    7338
    7338
    7269
    7090
    7372
    7148
    7190
    7068
    7255
    6974
    7230
    7134
    7084
    7086
    7133
    6985
    7013
    7031
    6878
    6977
    6904
    6868
    6837
    6872
    6807
    6718
    6816
    6810
    6806
    6744
    6773
    6880
    6741
    6747
    6703
    6590
    6494
    6640
    6802
    6652
    6490
    6620
    6703
    6708
    6595
    6580
    6511
    6597
    6366
    6411
    6487
    6475
    6515
    6505
    6447
    6422
    6256
    6387
    6332
    6235
    6294
    6349
    6347
    6485
    6341
    6179
    6153
    6288
    6195
    6235
    6103
    6250
    6230
    6210
    6193
    6183
    6159
    6153
    6137
    5941
    6135
    5991
    6005
    5973
    5900
    6010
    5859
    5937
    5811
    5860
    5847
    5905
    5789
    5808
    5699
    5702
    5821
    5730
    5740
    5614
    5649
    5689
    5648
    5598
    5592
    5455
    5508
    5477
    5455
    5395
    5473
    5339
    5352
    5324
    5182
    5291
    5240
    5198
    5093
    5090
    5107
    5149
    5165
    5261
    5144
    4977
    4990
    4952
    4871
    4909
    4989
    4706
    4883
    4858
    4804
    4740
    4660
    4727
    4789
    4598
    4592
    4551
    4427
    4505
    4537
    4423
    4523
    4459
    4318
    4490
    4397
    4363
    4247
    4307
    4176
    4107
    4158
    4135
    4121
    4088
    4015
    4105
    3957
    3842
    3983
    3912
    4061
    3958
    3884
    3923
    3859
    3918
    3676
    3693
    3723
    3640
    3738
    3752
    3609
    3723
    3642
    3686
    3637
    3576
    3530
    3541
    3529
    3505
    3439
    3546
    3505
    3435
    3361
    3503
    3333
    3313
    3413
    3418
    3320
    3309
    3267
    3424
    3321
    3174
    3284
    3326
    3281
    3293
    3189
    3191
    3289
    3153
    3160
    3142
    3029
    3211
    3173
    3135
    3146
    3187
    3107
    3086
    3034
    3015
    2981
    3107
    2957
    3063
    3004
    3119
    3036
    2977
    3000
    3054
    2984
    2931
    3033
    2867
    2896
    2996
    2890
    2891
    3006
    2885
    2903
    2931
    2860
    2807
    2927
    2845
    2897
    2836
    2922
    2863
    2834
    2878
    2873
    2898
    2872
    2767
    2871
    2924
    2813
    2708
    2774
    2742
    2834
    2837
    2824
    2781
    2922
    2836
    2795
    2787
    2698
    2837
    2736
    2769
    2896
    2790
    2839
    2865
    2783
    2752
    2854
    2830
    2761
    2830
    2768
    2820
    2884
    2824
    2864
    2786
    2746
    2827
    2761
    2802
    2844
    2904
    2938
    2861
    2939
    2906
    2799
    2973
    2888
    2864
    2887
    2898
    2949
    2947
    3004
    2938
    2997
    2932
    3014
    2974
    3063
    2951
    3058
    3032
    3074
    3128
    3056
    3021
    3070
    3082
    3268
    3144
    3219
    3248
    3177
    3270
    3139
    3257
    3329
    3366
    3452
    3511
    3472
    3554
    3591
    3622
    3677
    3696
    3611
    3747
    3761
    3812
    3943
    3908
    4078
    4123
    4030
    3969
    4197
    4217
    4482
    4445
    4405
    4538
    4638
    4728
    4548
    4804
    4744
    4965
    5109
    5195
    5329
    5305
    5410
    5402
    5651
    5700
    5845
    5779
    5930
    6139
    6332
    6320
    6408
    6630
    6657
    6846
    6926
    6998
    7321
    7321
    7531
    7630
    7954
    7929
    7990
    8099
    8392
    8671
    8718
    8895
    9170
    9266
    9287
    9527
    9786
    9864
    9992
   10338
   10450
   10531
   10905
   11417
   11149
   11294
   11555
   11799
   11962
   12178
   12353
   12637
   12581
   12885
   13101
   13492
   13373
   13699
   13846
   14062
   14360
   14305
   14451
   14809
   14810
   15114
   15006
   15718
   15647
   16037
   16182
   16272
   16576
   16562
   16747
   17021
   16912
   17328
   17374
   17528
   17492
   17804
   18275
   17986
   18089
   18191
   18261
   18367
   18757
   18800
   18660
   18859
   18979
   19246
   19091
   19239
   19385
   19169
   19414
   19412
   19547
   19580
   19451
   19361
   19483
   19512
   19466
   19685
   19402
   19495
   19482
   19335
   19219
   19120
   18981
   18990
   18764
   18954
   18621
   18636
   18558
   18552
   18434
   18154
   18321
   18069
   17789
   17812
   17708
   17548
   17145
   17113
   16813
   16641
   16565
   16401
   16287
   15995
   15886
   15696
   15585
   15292
   15331
   14807
   14760
   14482
   14422
   13841
   13891
   13463
   13660
   13110
   12626
   12731
   12336
   12326
   12159
   11748
   11657
   11305
   11129
   10980
   10664
   10609
   10303
   10050
    9776
    9583
    9390
    9202
    8877
    8854
    8400
    8317
    8124
    7982
    7927
    7430
    7337
    7131
    6944
    6769
    6586
    6441
    6222
    6025
    5966
    5715
    5678
    5366
    5321
    5036
    5046
    4916
    4755
    4542
    4298
    4192
    4256
    4163
    3977
    3883
    3761
    3604
    3586
    3403
    3366
    3259
    3128
    3062
    2988
    2918
    2740
    2725
    2686
    2551
    2460
    2403
    2337
    2195
    2291
    2151
    2173
    2031
    1998
    1939
    1879
    1850
    1813
    1761
    1700
    1720
    1665
    1637
    1654
    1616
    1519
    1542
    1524
    1445
    1492
    1422
    1372
    1440
    1382
    1328
    1324
    1235
    1354
    1250
    1227
    1191
    1162
    1265
    1240
    1223
    1202
    1144
    1174
    1133
    1154
    1049
    1111
    1168
    1111
    1126
    1134
    1139
    1107
    1092
    1130
    1068
    1065
    1052
    1072
    1032
    1029
    1013
    1056
    1063
    1088
    1060
    1036
    1057
    1040
    1107
     964
    1020
    1050
     990
    1043
    1025
     996
    1027
     985
    1060
    1043
    1085
    1033
     981
    1016
    1016
    1040
     998
     979
     999
     966
    1052
     966
     979
     955
    1039
     991
    1002
    1007
     993
     985
    1029
     975
     999
     969
     983
     999
    1039
     992
     993
    1041
     975
    1023
     984
     974
    1028
    1044
     973
     978
     969
    1012
     932
    1010
    1051
    1045
     957
    1047
    1015
     946
     982
     993
    1018
    1029
     976
     977
     960
     951
    1007
     970
     990
     950
    1022
    1022
     971
     997
    1012
     991
     932
     989
    1035
     963
     999
     982
     993
     976
     970
     954
     983
     927
    1030
     963
    1058
     987
     967
    1003
    1013
     956
    1026
     960
    1030
    1032
    1021
    1015
     998
    1018
    1050
    1002
    1001
    1013
     977
    1018
     954
     979
    1013
    1024
    1006
    1078
     968
    1056
    1030
    1038
     935
     989
     957
     979
    1065
    1040
    1023
     969
    1033
    1002
    1017
    1031
    1018
    1028
    1029
     977
    1013
     995
    1002
    1012
     998
     995
     962
     962
     969
     983
     972
    1033
    1010
     997
    1028
     994
    1018
    1004
    1009
    1029
    1038
     953
     972
     988
    1026
    1014
     994
    1019
    1005
     969
    1002
    1043
     998
    1035
     954
    1075
     998
    1022
    1019
     971
    1000
    1015
    1007
    1011
     992
    1014
    1010
    1024
     968
     995
    1034
     955
     996
     950
     998
     943
     993
    1014
     970
     989
    1001
    1022
     969
    1043
    1012
     991
    1032
     977
    1002
    1050
    1001
    1028
     983
     900
     948
    1000
     949
     968
     984
     951
     940
     990
     942
     975
     965
     974
     997
     941
     959
     973
     920
     957
     966
     955
    1004
     952
     947
     961
     979
     955
     992
     989
    1022
     942
     925
     967
     950
     964
     972
     951
     941
     950
     961
     949
     951
     962
     909
     982
     968
     925
     989
     941
    1024
     940
     961
     899
     910
     978
     921
     967
     930
     947
     976
     965
     979
     893
     877
     887
     934
     918
     939
     935
     950
    1037
     932
     969
     933
     931
     921
     948
     928
     925
     940
     943
     912
     967
     875
     883
     933
     944
     971
     879
     886
     949
     926
     897
     937
     928
     900
     909
     923
     883
     970
     899
     926
     933
     964
     911
     925
     930
     881
     891
     929
     897
     893
     921
     896
     879
     862
     920
     948
     935
     914
     943
     954
     981
     969
     948
     954
     965
     898
     952
     888
     926
     890
     935
     946
     894
     917
     927
     954
     909
     935
     905
     938
     907
     934
     944
     982
     933
     945
     920
     922
     868
     968
     922
     925
     888
     932
     951
     940
     949
     943
     924
     912
     965
     910
     870
     907
     892
     970
     947
     917
     917
     943
     912
     867
     923
     918
     929
     913
     908
     948
     955
     883
     885
     908
     943
     986
     942
     915
     902
     949
     938
     943
     910
     938
     925
     909
     905
     887
     903
     929
     912
     938
     966
     910
     972
     942
     890
     909
     911
     935
     899
     956
     915
     969
     919
     912
     901
     956
     899
     927
     960
     880
     956
     942
     925
     920
     865
     955
     897
     894
     924
     938
    1006
     930
     915
     934
     935
     936
     943
     927
     917
     976
     925
     951
     971
     944
     960
     933
     946
     877
     907
     950
     945
     890
     928
     984
     921
     952
     934
     918
     953
     896
    1016
     923
     916
     927
     905
     913
     878
     902
     934
     943
     951
     975
    1012
     872
     917
     955
     986
     920
     948
     897
     967
     905
     934
     943
     928
     972
     949
     985
     899
     932
     973
     979
     986
     926
     905
     906
     887
     941
     920
     860
    1049
     977
     946
     954
     922
     957
     943
     955
     935
     922
    1001
     944
     960
     970
     942
     941
     933
     957
     952
     997
     923
     967
     946
     954
     910
     903
     978
     904
     977
     972
    1022
     955
     972
     942
     984
     994
     871
     933
    1018
     978
     943
     921
     920
     981
     953
     977
     924
     976
     946
     928
     971
     979
     979
     966
     983
     994
     980
     973
     961
     972
     989
     961
    1005
     982
     953
    1002
    1007
     960
     955
     913
     990
     982
     922
     978
    1030
     941
     937
     956
    1035
     963
    1027
     997
    1007
     999
     966
     964
    1029
     964
     982
     977
    1003
    1007
     946
     967
     991
     980
     995
    1051
    1000
     968
     998
    1044
     948
     967
     992
    1047
    1029
    1034
     990
    1040
    1011
     962
     982
    1013
     917
    1018
    1046
     953
    1003
     987
    1005
     950
    1015
     978
     979
    1013
    1018
    1019
     974
     945
     977
    1023
     982
     977
     970
     962
     982
     981
    1002
    1025
    1033
     993
     950
    1030
    1007
     984
    1030
    1020
    1070
     926
     960
    1007
     985
     942
    1040
    1001
     968
     958
     942
     918
     972
    1012
     967
     955
     977
     961
     922
     935
     946
     915
     985
     988
     980
     921
     971
     971
     942
    1013
     925
     987
     963
     953
     958
     928
     999
     973
     915
    1049
     930
     975
     911
     953
     955
     861
    1017
     955
     912
     923
     949
     930
     979
     943
     926
     917
     903
     907
     960
     932
     966
     896
     961
     902
     913
     874
     894
     926
     917
     988
     905
     859
     916
     918
     924
     891
     930
     862
     896
     883
     923
     922
     889
     851
     916
     856
     926
     846
     887
     863
     863
     835
     860
     849
     814
     878
     810
     884
     884
     863
     805
     808
     837
     853
     838
     823
     910
     821
     834
     861
     874
     801
     791
     811
     765
     845
     766
     798
     791
     748
     752
     796
     770
     785
     776
     764
     794
     729
     778
     727
     775
     765
     807
     751
     739
     739
     729
     753
     753
     775
     713
     724
     743
     729
     681
     739
     738
     704
     753
     714
     727
     689
     725
     716
     701
     730
     666
     713
     642
     693
     728
     693
     672
     690
     650
     643
     655
     646
     640
     654
     644
     598
     615
     644
     669
     644
     581
     640
     656
     578
     661
     630
     568
     608
     609
     578
     588
     609
     573
     620
     547
     587
     624
     580
     548
     557
     534
     547
     569
     555
     541
     550
     538
     570
     478
     488
     525
     569
     513
     501
     525
     514
     477
     479
     463
     494
     518
     533
     483
     461
     500
     507
     444
     509
     483
     443
     453
     469
     491
     452
     484
     473
     430
     408
     449
     430
     453
     470
     476
     456
     407
     427
     445
     455
     431
     426
     447
     438
     406
     446
     421
     461
     439
     403
     382
     411
     386
     427
     390
     430
     411
     432
     386
     390
     388
     405
     392
     422
     388
     343
     384
     399
     375
     397
     403
     367
     416
     384
     379
     397
     369
     360
     358
     378
     365
     373
     375
     363
     421
     359
     375
     385
     373
     349
     382
     365
     381
     353
     378
     343
     327
     363
     352
     331
     336
     362
     348
     393
     365
     395
     325
     333
     361
     326
     382
     321
     380
     346
     397
     339
     339
     379
     377
     338
     401
     345
     365
     388
     379
     379
     386
     380
     389
     355
     374
     343
     404
     390
     372
     402
     372
     373
     365
     391
     353
     378
     433
     414
     405
     387
     404
     431
     423
     420
     415
     406
     432
     403
     432
     427
     460
     466
     422
     413
     441
     423
     498
     443
     433
     460
     474
     494
     479
     475
     489
     492
     423
     482
     499
     501
     498
     529
     508
     533
     489
     512
     504
     539
     534
     529
     564
     543
     628
     552
     575
     602
     551
     571
     570
     637
     602
     655
     635
     590
     634
     656
     694
     675
     674
     636
     686
     671
     748
     713
     697
     726
     734
     710
     720
     734
     734
     699
     736
     789
     815
     814
     783
     811
     896
     840
     831
     871
     863
     850
     903
     866
     908
     856
     937
     962
     947
     945
     968
     962
     959
     986
    1046
    1045
    1007
    1032
    1085
    1077
    1036
    1101
    1084
    1081
    1157
    1076
    1186
    1179
    1172
    1158
    1184
    1177
    1254
    1192
    1185
    1226
    1225
    1293
    1254
    1254
    1313
    1336
    1346
    1382
    1324
    1297
    1307
    1384
    1382
    1403
    1442
    1416
    1434
    1368
    1432
    1437
    1467
    1486
    1576
    1481
    1576
    1588
    1500
    1574
    1610
    1602
    1610
    1566
    1550
    1649
    1709
    1658
    1630
    1647
    1642
    1692
    1705
    1703
    1776
    1730
    1683
    1711
    1773
    1864
    1715
    1808
    1784
    1781
    1846
    1763
    1871
    1821
    1908
    1818
    1874
    1859
    1876
    1920
    1926
    1860
    1980
    1943
    2038
    1968
    1916
    1996
    1980
    1942
    1934
    2034
    2063
    2031
    2059
    2017
    2001
    2041
    2056
    2044
    2011
    2090
    2044
    1966
    2070
    2103
    2118
    2190
    2113
    2008
    2075
    2140
    2134
    2155
    2128
    2172
    2074
    2012
    2062
    2115
    2101
    2164
    2166
    2123
    2081
    2160
    2106
    2094
    2116
    2131
    2057
    2102
    2091
    2126
    2097
    2099
    2071
    2217
    2130
    2236
    2099
    2156
    2189
    2096
    2135
    2066
    2120
    2067
    2095
    2093
    1999
    2015
    2003
    2037
    1975
    2000
    2045
    2057
    2030
    1944
    1959
    1996
    2012
    1967
    1847
    1977
    1897
    1946
    1955
    1994
    1988
    1882
    1889
    1904
    1887
    1844
    1886
    1826
    1835
    1868
    1766
    1820
    1853
    1739
    1770
    1806
    1838
    1766
    1714
    1712
    1785
    1690
    1731
    1615
    1635
    1625
    1690
    1676
    1603
    1559
    1668
    1549
    1585
    1611
    1518
    1511
    1478
    1482
    1458
    1476
    1463
    1383
    1450
    1398
    1377
    1383
    1390
    1384
    1319
    1346
    1369
    1267
    1313
    1227
    1250
    1227
    1235
    1182
    1250
    1230
    1184
    1148
    1141
    1140
    1092
    1042
    1138
    1105
    1078
    1101
    1051
    1000
     981
     962
    1013
     978
     961
     962
     962
     957
     906
     879
     874
     854
     877
     818
     827
     831
     813
     776
     729
     802
     743
     707
     710
     730
     730
     671
     679
     685
     642
     653
     611
     612
     624
     602
     610
     553
     596
     581
     552
     513
     534
     518
     487
     487
     538
     476
     488
     488
     455
     432
     450
     467
     435
     404
     414
     380
     406
     384
     416
     362
     340
     328
     368
     334
     332
     314
     340
     307
     302
     289
     294
     324
     269
     273
     282
     270
     274
     261
     259
     238
     241
     235
     238
     234
     224
     221
     227
     213
     219
     213
     218
     209
     195
     201
     204
     180
     176
     169
     194
     171
     173
     169
     141
     146
     152
     139
     172
     146
     154
     155
     154
     135
     139
     138
     113
     129
     124
     127
     123
     121
     123
     119
     102
     120
     115
     124
     120
     114
     109
     111
     121
     102
     107
     101
      91
     104
     107
      83
      97
      94
     116
      91
      74
      75
      94
     100
     111
      88
     100
      99
      82
     105
      70
      84
      84
      73
      80
      80
      80
      88
     108
      70
      85
      74
      82
      74
      83
      81
      62
      66
      72
      95
      80
      69
      63
      77
      56
      77
      74
      69
      62
      74
      68
      68
      78
      67
      53
      78
      69
      76
      61
      72
      61
      75
      82
      70
      75
      78
      73
      91
      64
      69
      80
      55
      72
      62
      72
      58
      57
      69
      69
      60
      65
      56
      69
      64
      67
      74
      63
      56
      65
      54
      77
      61
      83
      71
      68
      59
      74
      64
      58
      64
      69
      67
      54
      60
      71
      53
      46
      63
      76
      74
      72
      63
      70
      67
      71
      58
      68
      56
      69
      70
      57
      58
      59
      74
      67
      56
      69
      54
      70
      58
      66
      65
      64
      64
      77
      61
      68
      73
      42
      63
      65
      62
      53
      54
      46
      61
      63
      59
      56
      59
      74
      65
      50
      53
      61
      53
      56
      63
      56
      54
      54
      49
      68
      81
      63
      62
      48
      64
      66
      52
      59
      55
      53
      56
      69
      67
      51
      60
      52
      63
      62
      59
      39
      61
      47
      66
      60
      65
      50
      53
      66
      63
      56
      54
      48
      53
      59
      51
      43
      54
      47
      36
      54
      51
      55
      61
      50
      42
      57
      60
      57
      59
      68
      46
      46
      49
      49
      41
      44
      60
      50
      45
      62
      55
      35
      41
      50
      45
      49
      51
      56
      31
      60
      49
      55
      45
      31
      45
      39
      57
      46
      59
      54
      52
      45
      49
      35
      45
      34
      45
      50
      47
      34
      39
      34
      51
      50
      39
      55
      52
      39
      50
      50
      41
      45
      46
      40
      38
      31
      42
      52
      42
      35
      41
      38
      33
      33
      43
      37
      38
      47
      32
      39
      45
      35
      40
      35
      45
      32
      45
      40
      43
      39
      39
      32
      46
      29
      38
      32
      35
      41
      27
      29
      29
      45
      31
      43
      32
      38
      41
      40
      41
      31
      28
      26
      48
      28
      20
      34
      41
      43
      31
      29
      25
      30
      28
      32
      23
      31
      28
      37
      37
      41
      29
      26
      29
      33
      31
      37
      28
      34
      25
      32
      36
      25
      26
      27
      26
      28
      21
      32
      29
      20
      35
      26
      27
      27
      29
      31
      32
      26
      27
      30
      25
      19
      24
      34
      27
      30
      22
      27
      23
      24
      32
      25
      26
      23
      39
      29
      19
      15
      31
      30
      23
      21
      24
      27
      27
      29
      21
      27
      30
      24
      19
      17
      26
      25
      31
      21
      26
      19
      25
      15
      22
      24
      20
      17
      20
      25
      21
      21
      28
      29
      22
      26
      19
      26
      21
      23
      25
      17
      30
      21
      26
      21
      25
      22
      28
      19
      25
      37
      15
      16
      25
      15
      29
      20
      13
      25
      41
      18
      22
      18
      14
      37
      31
      22
      18
      25
      18
      18
      19
      18
      23
      24
      22
      27
      24
      16
      22
      17
      20
      18
      16
      30
      19
      22
      11
      28
      15
      30
      28
      22
      16
      20
      24
      21
      21
      15
      24
      12
      18
      18
      24
      24
      14
      25
      15
      23
      22
      21
      16
      24
      24
      10
      16
      20
      23
      21
      18
      18
      20
      15
      22
      26
      20
      23
      24
      14
      19
      19
      22
      21
      17
      16
      27
       9
      20
      21
      16
      20
      14
      22
      19
      17
      20
      16
      22
      16
       9
      19
      27
      20
      13
      25
      20
      23
      20
      22
      16
      19
      25
      21
      14
      20
      14
      18
      17
      20
      21
      14
      17
      21
      23
      19
      24
      16
      15
      23
      16
      15
      14
      23
      20
      25
      18
      20
      24
      24
      22
      15
      22
      25
      14
      24
      19
      35
      24
      12
      26
      32
      21
      18
      28
      23
      18
      17
      18
      21
      31
      21
      21
      20
      18
      25
      22
      23
      20
      26
      23
      26
      27
      21
      26
      19
      16
      21
      28
      26
      17
      20
      29
      25
      17
      24
      30
      28
      24
      34
      20
      17
      37
      31
      15
      25
      22
      26
      26
      30
      25
      29
      31
      20
      27
      33
      19
      27
      25
      20
      17
      27
      22
      28
      27
      29
      23
      24
      33
      26
      29
      28
      24
      29
      37
      21
      30
      40
      30
      27
      21
      19
      21
      22
      35
      35
      33
      18
      27
      31
      22
      29
      33
      20
      20
      26
      34
      29
      32
      26
      34
      30
      38
      36
      22
      42
      38
      40
      34
      23
      30
      34
      31
      27
      37
      35
      37
      33
      28
      37
      34
      28
      41
      37
      40
      31
      31
      30
      31
      34
      34
      33
      32
      24
      39
      31
      34
      34
      27
      30
      28
      35
      26
      40
      32
      44
      26
      34
      28
      32
      29
      46
      24
      37
      28
      39
      38
      34
      33
      29
      27
      31
      30
      33
      38
      33
      28
      29
      35
      28
      32
      45
      26
      32
      25
      29
      26
      25
      30
      29
      26
      33
      42
      39
      29
      30
      31
      31
      37
      27
      29
      23
      33
      33
      28
      26
      31
      37
      27
      28
      27
      25
      24
      25
      27
      32
      27
      30
      21
      28
      27
      22
      32
      25
      25
      23
      21
      26
      26
      31
      21
      33
      29
      35
      22
      30
      26
      28
      39
      34
      24
      15
      35
      26
      31
      29
      21
      24
      27
      32
      29
      24
      31
      18
      25
      23
      14
      28
      20
      25
      24
      27
      24
      22
      19
      21
      21
      23
      22
      20
      24
      15
      25
      16
      30
      24
      23
      23
      21
      26
      22
      24
      15
      24
      24
      19
      20
      19
      27
      20
      20
      19
      17
      16
      27
      22
      17
      22
      16
      22
      18
      22
      15
      18
      23
      18
      11
      23
      20
      12
      25
      20
      13
      20
      10
      12
      13
      13
      20
      14
      11
      12
      14
      23
      15
      15
      11
      13
      16
      12
      17
      11
      12
      10
      17
      12
      11
      15
      17
      10
      10
      14
      11
      12
       9
       9
       7
       8
       7
       6
       8
       7
       8
       9
      12
      17
      15
       9
       6
      10
       8
       4
      10
       7
      11
       6
       6
       5
      11
       6
      10
       9
       6
       7
      11
       7
       5
       5
       8
       8
       8
       1
       2
       2
       5
      12
       1
       7
       3
       8
       3
       5
       3
       6
       8
       8
       3
       8
       4
       3
       7
       8
       6
       3
      11
       2
       8
       9
       4
       6
       5
       7
       8
       6
       4
       6
       8
       4
       5
       7
       4
       5
       8
       4
       6
       7
       5
       3
       5
       8
       4
       1
       7
       2
       6
       4
       2
       4
       5
       2
       4
       3
       2
      10
       3
       4
       3
       3
       5
       2
       4
       2
       4
       7
       2
       2
       2
       7
       2
       3
       3
       2
       5
       5
       2
       1
       2
       4
       4
       4
       2
       2
       9
       5
       8
       6
       4
       3
       1
       3
       1
       2
       2
       5
       4
       1
       4
       4
       6
       4
       6
       1
       4
       4
       3
       2
       1
       6
       1
       3
       2
       3
       5
       3
       4
       2
       5
       4
       8
       2
       1
       4
       2
       3
       2
       1
       5
       3
       4
       1
       5
       4
       0
       4
       1
       1
       4
       3
       5
       3
       2
       1
       2
      10
       1
       3
       3
       3
       0
       1
       1
       0
       2
       3
       2
       3
       3
       4
       2
       2
       7
       4
       5
       2
       3
       1
       2
       0
       3
       3
       3
       2
       1
       1
       2
       5
       6
       5
       2
       4
       5
       3
       7
       1
       3
       2
       4
       4
       3
       6
       3
       1
       5
       3
       2
       3
       3
       4
       2
       2
       4
       4
       5
       4
       3
       0
       0
       4
       5
       2
       5
       2
       1
       3
       4
       5
       3
       5
       4
       1
       1
       4
       2
       4
       1
       1
       5
       1
       3
       1
       2
       2
       0
       0
       2
       2
       3
       3
       3
       3
       2
       1
       1
       4
       4
       2
       1
       0
       2
       2
       3
       2
       1
       2
       1
       2
       5
       1
       2
       1
       5
       5
       6
       2
       1
       1
       1
       0
       3
       0
       2
       3
       1
       2
       1
       2
       2
       2
       2
       2
       3
       1
       3
       1
       5
       1
       5
       1
       7
       2
       2
       2
       4
       3
       3
       0
       5
       2
       2
       4
       0
       3
       3
       3
       2
       1
       1
       5
       3
       0
       6
       1
       4
       3
       3
       1
       5
       2
       4
       1
       3
       2
       1
       5
       1
       3
       5
       3
       4
       6
       1
       0
       2
       3
       1
       2
       1
       2
       3
       5
       3
       1
       1
       1
       3
       2
       1
       4
       4
       2
       2
       1
       3
       3
       4
       2
       0
       2
       2
       1
       2
       1
       1
       4
       4
       1
       2
       2
       3
       0
       2
       1
       1
       1
       3
       2
       3
       2
       3
       1
       2
       3
       6
       4
       1
       0
       5
       3
       3
       4
       4
       3
       6
       1
       4
       4
       3
       1
       1
       1
       4
       2
       5
       0
       1
       3
       3
       0
       5
       4
       2
       2
       4
       3
       4
       3
       4
       1
       1
       0
       3
       4
       0
       5
       3
       2
       1
       2
       4
       3
       4
       3
       2
       3
       1
       2
       1
       4
       2
       5
       0
       4
       3
       0
       1
       2
       2
       2
       3
       3
       2
       4
       4
       2
       3
       5
       1
       1
       1
       5
       1
       3
       4
       3
       3
       2
       1
       2
       6
       3
       1
       1
       4
       5
       1
       1
       0
       1
       2
       3
       2
       3
       2
       2
       3
       2
       4
       4
       3
       4
       4
       2
       6
       1
       1
       3
       3
       1
       1
       1
       0
       2
       2
       5
       1
       1
       4
       4
       1
       1
       2
       2
       3
       2
       1
       1
       6
       2
       1
       2
       2
       3
       2
       2
       1
       3
       3
       1
       6
       2
       0
       0
       1
       4
       0
       5
       3
       0
       0
       3
       2
       3
       3
       2
       3
       1
       2
       0
       2
       1
       4
       1
       3
       1
       0
       3
       3
       2
       2
       3
       0
       1
       2
       4
       2
       5
       2
       1
       3
       2
       3
       1
       2
       3
       5
       3
       6
       0
       1
       1
       1
       2
       0
       1
       2
       2
       3
       3
       0
       1
       2
       1
       4
       1
       1
       2
       0
       1
       0
       1
       1
       2
       3
       0
       3
       5
       3
       1
       1
       4
       2
       3
       0
       1
       4
       1
       3
       1
       1
       1
       3
       3
       1
       2
       4
       3
       0
       4
       4
       0
       1
       1
       1
       0
       3
       4
       1
       4
       2
       2
       3
       1
       3
       1
       1
       1
       2
       1
       1
       3
       2
       7
       0
       0
       3
       2
       1
       2
       4
       2
       0
       2
       1
       1
       3
       3
       4
       1
       2
       4
       2
       2
       3
       2
       2
       3
       3
       0
       2
       3
       1
       1
       1
       1
       1
       2
       2
       0
       1
       0
       1
       2
       2
       0
       5
       2
       2
       1
       0
       2
       1
       2
       2
       3
       1
       1
       6
       1
       0
       2
       2
       2
       2
       2
       3
       1
       0
       0
       2
       1
       1
       1
       2
       2
       1
       3
       2
       1
       1
       0
       0
       0
       0
       1
       3
       3
       1
       2
       1
       0
       0
       1
       5
       1
       1
       1
       2
       1
       3
       0
       0
       3
       1
       1
       1
       1
       1
       2
       2
       3
       1
       2
       1
       1
       4
       1
       0
       0
       0
       4
       0
       1
       2
       0
       1
       4
       0
       0
       2
       3
       2
       1
       2
       2
       1
       0
       4
       0
       1
       4
       4
       1
       2
       2
       2
       1
       1
       5
       1
       0
       1
       1
       0
       1
       0
       1
       2
       2
       1
       1
       2
       0
       1
       2
       2
       2
       2
       1
       3
       2
       0
       2
       5
       1
       2
       1
       2
       2
       1
       1
       1
       2
       1
       3
       0
       0
       0
       2
       0
       2
       2
       1
       0
       1
       1
       0
       1
       3
       1
       1
       3
       0
       1
       0
       2
       2
       5
       0
       2
       2
       0
       0
       1
       2
       0
       1
       2
       2
       0
       2
       1
       3
       2
       1
       1
       2
       2
       1
       3
       2
       0
       1
       3
       1
       1
       2
       1
       2
       0
       0
       3
       0
       3
       3
       1
       2
       1
       2
       2
       1
       0
       0
       0
       0
       1
       5
       0
       1
       2
       1
       2
       2
       1
       1
       1
       0
       0
       1
       1
       1
       1
       2
       1
       4
       0
       1
       1
       0
       1
       2
       3
       1
       3
       1
       0
       1
       2
       3
       0
       2
       2
       3
       2
       3
       0
       1
       0
       0
       1
       0
       0
       0
       0
       2
       0
       2
       1
       1
       4
       1
       0
       1
       2
       0
       1
       0
       2
       4
       0
       1
       1
       0
       0
       0
       1
       2
       2
       2
       1
       0
       0
       1
       1
       2
       0
       1
       2
       3
       1
       1
       2
       0
       3
       0
       1
       0
       1
       1
       0
       0
       2
       0
       2
       0
       0
       1
       2
       0
       1
       0
       0
       1
       0
       0
       0
       3
       0
       0
       0
       2
       3
       2
       0
       2
       1
       0
       1
       0
       2
       1
       3
       0
       1
       3
       0
       0
       0
       2
       1
       4
       3
       1
       2
       0
       0
       1
       2
       4
       1
       0
       3
       2
       1
       1
       2
       1
       3
       1
       2
       0
       1
       4
       1
       2
       1
       2
       2
       1
       1
       1
       2
       1
       1
       1
       1
       0
       0
       1
       2
       0
       1
       0
       1
       1
       1
       4
       0
       0
       0
       0
       2
       2
       2
       0
       2
       0
       0
       3
       0
       1
       2
       1
       0
       0
       4
       0
       2
       1
       0
       0
       1
       2
       1
       1
       1
       0
       0
       1
       1
       1
       3
       1
       2
       2
       0
       2
       3
       1
       1
       0
       0
       0
       0
       3
       2
       2
       2
       2
       1
       1
       3
       0
       1
       3
       2
       0
       0
       0
       1
       2
       0
       3
       0
       1
       1
       3
       0
       0
       1
       1
       0
       0
       3
       2
       0
       0
       3
       6
       0
       2
       0
       4
       1
       1
       2
       3
       2
       2
       0
       0
       4
       5
       1
       1
       1
       2
       1
       1
       0
       1
       0
       2
       2
       1
       4
       1
       2
       0
       1
       1
       4
       2
       1
       0
       1
       1
       2
       0
       0
       0
       1
       1
       0
       1
       0
       0
       1
       1
       1
       1
       2
       0
       0
       2
       1
       0
       0
       1
       2
       0
       0
       1
       2
       1
       0
       2
       1
       3
       2
       0
       0
       1
       0
       2
       3
       1
       1
       1
       0
       0
       2
       2
       0
       2
       0
       1
       3
       0
       2
       2
       3
       3
       3
       5
       0
       3
       3
       1
       1
       4
       0
       0
       0
       1
       4
       3
       0
       3
       2
       3
       0
       3
       2
       0
       1
       0
       1
       2
       2
       2
       1
       2
       2
       1
       0
       0
       1
       3
       1
       0
       1
       2
       2
       1
       3
       0
       2
       0
       1
       3
       2
       2
       4
       1
       3
       1
       2
       2
       0
       4
       1
       0
       3
       1
       0
       0
       2
       0
       1
       0
       0
       2
       5
       2
       2
       0
       2
       1
       0
       5
       1
       1
       0
       1
       2
       1
       1
       0
       1
       1
       1
       1
       3
       0
       0
       1
       1
       1
       2
       1
       3
       1
       0
       0
       1
       0
       0
       1
       0
       1
       2
       2
       2
       0
       2
       0
       0
       0
       2
       3
       0
       3
       2
       2
       2
       2
       2
       3
       1
       1
       1
       1
       2
       1
       2
       1
       1
       0
       1
       0
       2
       0
       0
       0
       2
       2
       0
       1
       2
       0
       0
       0
       0
       2
       1
       0
       0
       2
       1
       1
       0
       0
       0
       0
       2
       1
       1
       0
       0
       1
       0
       2
       1
       4
       0
       1
       2
       0
       3
       0
       0
       0
       1
       2
       2
       0
       1
       2
       0
       2
       2
       0
       0
       1
       1
       2
       1
       0
       0
       0
       2
       0
       0
       0
       0
       2
       0
       0
       1
       1
       0
       3
       0
       0
       0
       0
       0
       1
       1
       2
       1
       0
       0
       1
       0
       0
       0
       1
       1
       1
       0
       1
       0
       0
       0
       1
       0
       2
       0
       1
       1
       0
       0
       0
       0
       0
       0
       0
       0
       1
       1
       0
       2
       2
       1
       0
       0
       0
       0
       0
       0
       0
       0
       2
       0
       1
       2
       1
       0
       0
       0
       0
       0
       0
       0
       0
       0
       0
       0
       1
       1
       0
       1
       2
       0
       0
       0
       0
       1
       0
       0
       0
       0
       1
       1
       0
       0
       1
       0
       0
       2
       1
       1
       0
       0
       0
       1
       0
       0
       1
       0
       0
       0
       0
       0
       0
       0
       0
       2
       0
       0
       1
       0
       1
       2
       0
       0
       0
       0
       1
       1
       0
       1
       0
       0
       0
       1
       0
       1
       1
       0
       0
       0
       0
       0
       0
       0
       0
       1
       1
       0
       0
       0
       0
       0
       0
       0
       1
       0
       0
       0
       0
       1
       0
       0
       2
       0
       1
       0
       0
       0
       1
       1
       0
       0
       0
       1
       0
       1
       0
       0
       0
       0
       0
       1
       0
       0
       0
       0
       0
       0
       1
       0
       2
       0
       0
       1
       0
       0
       0
       1
       0
       0
       0
       0
       0
       0
       0
       0
       0
       0
       1
       0
       1
       0
       0
       0
       0
       0
       0
       0
       0
       0
       0
       0
       0
       0
       0
       1
       0
       0
       0
       0
       0
       1
       0
       0
       1
       0
       0
       0
       0
       1
       1
       0
       0
       0
       0
       0
       0
       0
       0
       0
       0
       0
       0
       0
       0
       0
       1
       0
       0
       0
       0
       0
       0
       1
       0
       0
       0
       0
       0
       0
       0
       0
       0
       0
       2
       0
       0
       1
       1
       0
       0
       0
       0
       0
       1
       0
       0
       0
       0
       0
       1
       0
       0
       1
       0
       0
       0
       3
       0
       0
       0
       1
       0
       0
       0
       0
       0
       0
       1
       1
       0
       0
       1
       0
       0
       1
       1
       0
       0
       0
       0
       0
       0
       0
       1
       1
       0
       1
       0
       0
       0
       0
       0
       0
       0
       1
       1
       2
       0
       1
       0
       0
       0
       0
       0
       0
       1
       0
       0
       0
       0
       0
       0
       0
       0
       1
       0
       1
       0
       0
       2
       0
       2
       1
       1
       1
       0
       0
       0
       0
       0
       0
       0
       0
       0
       0
       0
       1
       0
       0
       1
       0
       0
       1
       0
       0
       0
       0
       0
       0
       1
       1
       0
       2
       1
       0
       0
       1
       0
       0
       0
       0
       2
       0
       0
       0
       0
       1
       0
       0
       1
       0
       1
       0
       0
       0
       1
       0
       0
       0
       0
       0
       0
       0
       1
       0
       1
       0
       0
       0
       0
       0
       0
       0
       0
       1
       0
       0
       0
       0
       0
       0
       1
       0
       0
       1
       0
       0
       1
       0
       0
       0
       0
       0
       0
       0
       0
       1
       0
       0
       0
       0
       0
       0
       0
       0
       1
       0
       0
       1
       0
       0
       0
       0
       0
       0
       0
       0
       0
       0
       0
       0
       0
       1
       0
       0
       0
       0
       0
       0
       0
       1
       0
       0
       0
       0
       0
       0
       0
       0
       0
       0
       0
       0
       0
       0
       0
       0
       1
       0
       0
       0
       0
       1
       0
       0
       0
       1
       0
       1
       0
       1
       0
       0
       0
       1
       1
       0
       0
       1
       0
       0
       0
       0
       0
       0
       0
       0
       0
       0
       0
       0
       0
       0
       0
       1
       0
       0
       0
       0
       0
       1
       0
       0
       0
       0
       0
       0
       0
       0
       0
       0
       1
       0
       1
       0
       1
       0
       0
       0
       0
       0
       1
       0
       0
       1
       0
       0
       0
       0
       0
       1
       1
       0
       0
       0
       0
       0
       1
       0
       0
       0
       0
       1
       0
       0
       0
       0
       0
       0
       1
       0
       1
       0
       1
       0
       0
       0
       0
       1
       1
       1
       0
       0
       1
       0
       0
       1
       0
       1
       0
       0
       0
       0
       0
       0
       1
       0
       0
       0
       0
       0
       0
       1
       2
       0
       0
       0
       0
       1
       0
       1
       0
       1
       0
       0
       0
       0
       0
       1
       1
       1
       0
       0
       0
       0
       0
       0
       0
       0
       0
       0
       0
       0
       0
       0
       0
       0
       0
       0
       0
       1
       1
       0
       0
       0
       0
       0
       2
       0
       0
       1
       0
       0
       0
       0
       0
       0
       0
       0
       0
       0
       0
       0
       1
       0
       0
       0
       0
       0
       0
       0
       0
       0
       0
       0
       0
       1
       0
       0
       1
       0
       0
       2
       0
       0
       0
       0
       1
       0
       0
       0
       0
       0
       1
       0
       0
       0
       0
       0
       1
       0
       0
       1
       0
       0
       1
       0
       0
       0
       0
       0
       0
       0
       0
       1
       0
       0
       0
       0
       0
       0
       0
       0
       0
       0
       1
       0
       0
       0
       0
       1
       0
       0
       0
       0
       0
       0
       1
       0
       0
       0
       0
       0
       0
       0
       0
       0
       1
       0
       1
       1
       1
       0
       0
       0
       1
       0
       0
       0
       0
       0
       1
       0
       0
       0
       0
       0
       1
       0
       0
       0
       0
       1
       0
       0
       0
       0
       0
       0
       0
       0
       0
       0
       0
       1
       0
       0
       0
       0
       0
       0
       0
       1
       0
       0
       0
       1
       0
       0
       0
       0
       0
       1
       0
       0
       0
       0
       1
       0
       0
       0
       0
       0
       1
       0
       0
       0
       0
       0
       0
       0
       0
       0
       0
       0
       0
       0
       0
       0
       0
       0
       1
       0
       0
       0
       0
       0
       0
       1
       0
       0
       0
       0
       1
       0
       1
       0
       0
       0
       0
       0
       0
       1
       0
       1
       0
       0
       0
       0
       0
       0
       0
       1
       0
       1
       0
       0
       0
       0
       0
       0
       0
       0
       0
       0
       0
       0
       0
       0
       0
       0
       0
       0
       0
       0
       0
       0
       0
       0
       0
       1
       0
       0
       0
       0
       1
       1
       0
       0
       0
       0
       0
       0
       0
       1
       0
       1
       0
       0
       1
       0
       0
       0
       0
       0
       0
       0
       1
       0
       0
       0
       0
       0
       0
       0
       0
       1
       0
       0
       0
       0
       0
       0
       0
       0
       0
       0
       0
       0
       0
       0
       0
       0
       1
       0
       0
       0
       1
       0
       0
       0
       0
       1
       0
       0
       1
       0
       0
       0
       0
       1
       1
       0
       0
       0
       1
       0
       0
       0
       0
       0
       1
       0
       1
       1
       0
       1
       0
       0
       0
       0
       0
       0
       0
       0
       2
       0
       0
       0
       0
       0
       0
       0
       0
       0
       1
       0
       0
       0
       0
       0
       0
       0
       0
       0
       0
       0
       0
       0
       0
       0
       0
       0
       0
       0
       0
       0
       0
       0
       1
       1
       1
       0
       0
       2
       0
       1
       1
       0
       0
       0
       1
       0
       0
       1
       0
       0
       0
       0
       0
       0
       0
       1
       0
       0
       1
       0
       0
       0
       0
       1
       1
       0
       1
       0
       0
       1
       1
       0
       0
       0
       0
       0
       0
       0
       0
       0
       0
       0
       0
       0
       0
       0
       0
       0
       0
       0
       0
       0
       1
       0
       0
       0
       0
       0
       0
       0
       0
       1
       0
       0
       0
       0
       0
       0
       0
       0
       0
       0
       0
       0
       0
       0
       0
       0
       0
       0
       0
       0
       0
       0
       0
       0
       0
       1
       0
       0
       1
       1
       1
       0
       0
       0
       1
       0
       1
       0
       0
       0
       0
       0
       0
       0
       0
       0
       0
       0
       0
       0
       0
       1
       0
       1
       0
       1
       0
       0
       1
       0
       0
       1
       0
       0
       0
       0
       0
       0
       0
       0
       0
       1
       0
       0
       0
       0
       0
       0
       1
       0
       0
       0
       0
       0
       0
       0
       0
       0
       0
       0
       1
       0
       0
       0
       0
       0
       0
       1
       0
       0
       1
       0
       0
       0
       1
       1
       0
       0
       0
       0
       0
       0
       0
       1
       0
       0
       0
       0
       0
       0
       0
       0
       0
       0
       0
       0
       0
       0
       0
       0
       0
       0
       1
       0
       0
       0
       0
       0
       0
       0
       0
       0
       0
       1
       0
       1
       0
       0
       1
       0
       1
       0
       0
       0
       1
       0
       0
       0
       1
       0
       0
       0
       0
       0
       0
       0
       0
       0
       0
       1
       1
       0
       0
       0
       0
       0
       0
       0
       0
       0
       1
       0
       0
       0
       1
       0
       0
       1
       0
       0
       0
       0
       0
       0
       0
       0
       0
       0
       0
       0
       0
       0
       0
       0
       0
       0
       0
       0
       0
       1
       0
       0
       0
       0
       0
       0
       1
       0
       0
       0
       0
       0
       0
       0
       0
       0
       1
       0
       0
       0
       0
       0
       1
       0
       0
       0
       1
       0
       0
       1
       0
       0
       0
       0
       0
       0
       1
       0
       0
       0
       0
       0
       0
       0
       0
       0
       1
       0
       0
       0
       2
       0
       0
       0
       0
       0
       0
       0
       1
       0
       0
       0
       0
       0
       0
       0
       0
       0
       0
       1
       0
       0
       0
       0
       0
       0
       1
       0
       0
       0
       0
       0
       0
       0
       0
       0
       0
       0
       0
       0
       1
       0
       0
       0
       0
       0
       0
       0
       0
       0
       1
       0
       0
       0
       0
       1
       1
       0
       0
       1
       0
       0
       0
       0
       0
       0
       0
       0
       1
       0
       0
       1
       0
       0
       0
       0
       0
       0
       0
       1
       0
       0
       0
       0
       0
       1
       0
       1
       0
       0
       0
       1
       0
       0
       0
       0
       0
       0
       0
       0
       0
       0
       0
       0
       0
       1
       0
       0
       0
       0
       0
       1
       0
       0
       1
       0
       0
       0
       0
       0
       0
       0
       0
       0
       0
       0
       0
       0
       0
       0
       0
       1
       0
       0
       0
       0
       1
       0
       1
       0
       0
       1
       0
       0
       0
       0
       1
       0
       0
       0
       1
       0
       0
       0
       0
       0
       0
       0
       0
       1
       0
       0
       0
       0
       0
       0
       0
       0
       0
       0
       0
       1
       0
       0
       1
       0
       1
       0
       1
       1
       0
       0
       0
       1
       0
       0
       0
       0
       0
       0
       0
       0
       0
       0
       0
       0
       0
       1
       0
       0
       0
       0
       0
       0
       1
       0
       0
       0
       1
       0
       0
       1
       0
       0
       0
       0
       0
       0
       0
       0
       0
       0
       0
       0
       0
       0
       1
       0
       0
       0
       0
       0
       0
       0
       0
       0
       0
       0
       0
       0
       0
       1
       1
       0
       0
       0
       1
       0
       0
       0
       0
       0
       0
       0
       1
       0
       0
       0
       0
       0
       0
       0
       0
       0
       0
       0
       0
       0
       1
       0
       0
       0
       0
       0
       0
       0
       0
       1
       0
       0
       0
       0
       0
       0
       0
       0
       0
       0
       1
       0
       0
       0
       0
       0
       0
       0
       0
       0
       1
       0
       0
       0
       1
       0
       1
       0
       0
       0
       1
       0
       0
       1
       0
       0
       0
       0
       0
       0
       0
       0
       0
       0
       0
       0
       0
       0
       0
       0
       0
       0
       0
       0
       1
       0
       0
       1
       1
       0
       0
       0
       0
       0
       0
       0
       0
       0
       0
       0
       0
       0
       0
       1
       0
       0
       0
       1
       0
       0
       0
       1
       0
       0
       0
       0
       1
       0
       0
       0
       0
       0
       0
       1
       2
       0
       0
       0
       0
       0
       0
       0
       0
       1
       1
       0
       0
       0
       0
       0
       0
       1
       0
       0
       0
       0
       0
       0
       0
       1
       0
       2
       0
       0
       0
       0
       0
       0
       0
       0
       0
       0
       0
       0
       0
       0
       0
       0
       0
       0
       0
       0
       0
       1
       0
       0
       0
       0
       1
       0
       0
       0
       0
       0
       1
       0
       0
       0
       0
       0
       0
       0
       0
       0
       1
       0
       0
       0
       0
       0
       0
       0
       0
       0
       0
       1
       0
       0
       0
       0
       0
       0
       0
       0
       0
       0
       0
       0
       0
       0
       1
       0
       0
       1
       1
       0
       0
       1
       0
       0
       0
       0
       0
       0
       0
       0
       0
       0
       0
       0
       0
       0
       0
       0
       0
       2
       0
       0
       0
       0
       0
       1
       0
       0
       0
       0
       0
       0
       0
       0
       0
       1
       0
       0
       0
       0
       0
       0
       0
       0
       0
       0
       0
       0
       0
       0
       1
       0
       0
       0
       0
       0
       0
       0
       0
       0
       0
       0
       0
       0
       0
       0
       2
       0
       0
       0
       0
       0
       0
       0
       0
       0
       1
       0
       0
       0
       1
       1
       0
       1
       0
       0
       0
       0
       1
       0
       0
       1
       0
       0
       0
       0
       0
       0
       1
       0
       0
       0
       0
       0
       0
       0
       0
       0
       0
       1
       0
       1
       1
       0
       0
       0
       0
       0
       0
       0
       0
       0
       1
       0
       0
       0
       0
       0
       0
       0
       0
       0
       0
       0
       1
       1
       0
       0
       0
       0
       0
       0
       0
       0
       0
       0
       2
       0
       0
       0
       1
       0
       0
       0
       0
       0
       0
       0
       1
       0
       0
       2
       0
       0
       0
       0
       0
       0
       0
       0
       0
       0
       0
       1
       0
       0
       0
       0
       0
       0
       0
       0
       0
       1
       0
       0
       0
       0
       0
       0
       0
       0
       0
       0
       0
       0
       0
       1
       0
       0
       1
       0
       0
       0
       0
       0
       0
       1
       0
       0
       0
       0
       0
       1
       0
       0
       0
       0
       0
       0
       0
       0
       0
       0
       1
       1
       0
       0
       0
       0
       0
       0
       0
       0
       0
       0
       0
       1
       0
       0
       0
       0
       1
       0
       1
       0
       0
       1
       0
       0
       0
       0
       0
       0
       0
       0
       0
       0
       0
       0
       1
       1
       0
       0
       0
       0
       0
       0
       0
       0
       0
       0
       1
       0
       0
       0
       0
       0
       0
       0
       1
       1
       0
       0
       0
       0
       0
       1
       0
       1
       0
       0
       1
       0
       0
       0
       0
       0
       0
       0
       0
       2
       0
       0
       0
       0
       0
       0
       0
       0
       0
       2
       0
       0
       0
       1
       0
       0
       0
       0
       1
       1
       0
       0
       0
       0
       0
       1
       0
       0
       0
       0
       0
       0
       0
       1
       0
       0
       0
       0
       0
       0
       0
       0
       0
       1
       0
       0
       0
       0
       1
       0
       0
       0
       1
       0
       0
       0
       0
       0
       0
       0
       0
       0
       0
       1
       0
       1
       0
       0
       0
       0
       0
       0
       0
       0
       0
       0
       0
       1
       2
       0
       0
       0
       0
       0
       0
       0
       0
       0
       0
       0
       0
       0
       1
       0
       0
       0
       0
       0
       0
       1
       0
       0
       0
       0
       0
       0
       0
       0
       0
       0
       0
       0
       1
       0
       0
       0
       0
       0
       1
       0
       0
       0
       0
       0
       0
       0
       0
       0
       0
       0
       0
       1
       0
       0
       0
       0
       0
       0
       0
       0
       0
       0
       0
       0
       0
       1
       0
       0
       0
       0
       0
       0
       0
       0
       0
       0
       0
       1
       0
       0
       0
       0
       0
       0
       0
       0
       0
       0
       0
       0
       0
       0
       0
       0
       0
       2
       0
       2
       1
       2
       1
       0
       0
       1
       1
       0
       0
       0
       1
       0
       0
       0
       0
       1
       1
       0
       0
       0
       0
       0
       0
       0
       0
       1
       0
       0
       0
       0
       0
       0
       0
       1
       0
       0
       0
       0
       0
       0
       0
       0
       0
       0
       0
       0
       0
       0
       0
       0
       0
       0
       0
       0
       1
       0
       0
       2
       0
       0
       0
       2
       0
       1
       0
       0
       1
       0
       0
       0
       0
       0
       0
       0
       0
       0
       0
       1
       0
       0
       0
       1
       0
       0
       0
       0
       0
       0
       0
       0
       0
       0
       1
       0
       0
       0
       0
       0
       0
       0
       0
       1
       0
       0
       0
       0
       0
       0
       0
       1
       0
       0
       1
       0
       0
       0
       0
       0
       0
       0
       0
       0
       1
       0
       0
       0
       0
       0
       0
       1
       0
       0
       0
       0
       0
       1
       1
       0
       0
       0
       1
       0
       0
       1
       0
       0
       0
       0
       0
       0
       0
       0
       0
       0
       0
       0
       0
       0
       0
       0
       1
       0
       1
       0
       0
       0
       0
       1
       0
       0
       0
       0
       0
       0
       1
       0
       0
       0
       0
       0
       0
       0
       0
       0
       0
       0
       0
       0
       0
       0
       0
       0
       1
       0
       0
       0
       0
       0
       0
       0
       0
       0
       0
       0
       0
       0
       1
       0
       0
       0
       0
       0
       0
       0
       0
       0
       0
       0
       0
       0
       0
       0
       0
       1
       0
       0
       0
       0
       1
       1
       0
       0
       0
       0
       0
       0
       0
       0
       1
       0
       0
       1
       0
       0
       0
       0
       0
       0
       0
       0
       0
       1
       0
       0
       0
       1
       0
       0
       0
       0
       0
       1
       0
       0
       0
       0
       0
       0
       0
       1
       1
       0
       1
       0
       0
       0
       0
       0
       0
       0
       1
       0
       0
       0
       0
       0
       0
       0
       0
       0
       0
       0
       0
       0
       0
       1
       1
       2
       0
       0
       0
       0
       0
       0
       1
       0
       0
       0
       0
       0
       0
       0
       0
       0
       0
       0
       0
       0
       1
       1
       0
       0
       0
       0
       1
       0
       0
       0
       0
       0
       0
       0
       0
       0
       1
       0
       0
       0
       0
       0
       0
       0
       0
       0
       0
       0
       0
       0
       0
       0
       0
       0
       0
       0
       0
       0
       0
       0
       1
       0
       0
       0
       0
       0
       1
       0
       0
       0
       0
       0
       0
       0
       0
       1
       0
       0
       0
       0
       0
       0
       0
       0
       0
       0
       0
       0
       0
       0
       0
       0
       0
       0
       0
       0
       0
       0
       0
       0
       0
       0
       0
       0
       0
       0
       0
       0
       0
       0
       0
       0
       0
       0
       1
       0
       0
       0
       0
       0
       0
       0
       0
       0
       1
       0
       0
       2
       0
       0
       0
       0
       0
       0
       0
       0
       0
       1
       0
       0
       0
       1
       0
       0
       1
       0
       0
       0
       0
       0
       0
       0
       0
       0
       0
       0
       0
       0
       0
       0
       0
       0
       0
       0
       0
       1
       0
       0
       0
       1
       1
       0
       1
       1
       0
       0
       1
       1
       0
       0
       0
       0
       0
       0
       0
       0
       0
       1
       0
       0
       0
       0
       0
       1
       0
       0
       0
       0
       0
       1
       0
       0
       0
       0
       0
       0
       0
       1
       0
       0
       0
       0
       0
       0
       0
       0
       0
       0
       1
       1
       0
       1
       0
       0
       0
       0
       0
       1
       1
       0
       0
       0
       1
       0
       0
       0
       0
       0
       0
       0
       0
       0
       0
       0
       1
       1
       0
       0
       0
       0
       0
       0
       0
       0
       0
       0
       0
       0
       0
       0
       0
       0
       0
       0
       0
       0
       0
       0
       0
       0
       0
       0
       0
       0
       0
       0
       1
       0
       0
       0
       0
       0
       0
       0
       0
       1
       0
       0
       0
       0
       1
       0
       0
       0
       0
       0
       0
       0
       1
       0
       0
       0
       0
       0
       0
       0
       1
       0
       0
       1
       0
       0
       0
       1
       1
       0
       0
       0
       0
       0
       0
       0
       0
       0
       0
       0
       0
       1
       0
       0
       0
       0
       1
       0
       0
       1
       0
       0
       0
       0
       0
       0
       0
       0
       0
       1
       1
       0
       0
       0
       0
       0
       0
       0
       0
       0
       0
       0
       0
       0
       0
       0
       0
       1
       0
       0
       0
       0
       0
       0
       0
       0
       0
       0
       0
       1
       0
       0
       0
       0
       0
       1
       0
       0
       0
       0
       0
       0
       0
       0
       0
       0
       0
       0
       1
       0
       0
       0
       0
       0
       0
       0
       0
       0
       0
       0
       1
       0
       0
       0
       0
       1
       0
       0
       0
       0
       0
       0
       0
       0
       1
       0
       0
       0
       0
       0
       1
       0
       0
       1
       0
       0
       0
       1
       0
       0
       0
       0
       0
       0
       0
       0
       0
       0
       0
       0
       1
       0
       0
       1
       0
       0
       0
       0
       0
       1
       0
       0
       0
       0
       0
       0
       0
       1
       0
       0
       0
       0
       0
       0
       1
       1
       0
       0
       0
       0
       0
       0
       0
       0
       0
       0
       0
       0
       0
       0
       0
       1
       0
       0
       0
       0
       0
       0
       0
       0
       0
       1
       0
       0
       0
       0
       0
       0
       1
       0
       0
       0
       0
       0
       0
       1
       0
       0
       0
       0
       0
       0
       0
       0
       0
       0
       0
       0
       0
       0
       0
       0
       0
       0
       0
       0
       0
       0
       0
       0
       0
       0
       0
       0
       0
       1
       0
       0
       0
       0
       0
       0
       0
       0
       0
       1
       0
       0
       0
       0
       0
       0
       1
       0
       0
       0
       0
       0
       0
       0
       0
       0
       1
       0
       0
       0
       0
       0
       0
       0
       0
       0
       0
       0
       0
       0
       0
       0
       0
       0
       0
       0
       0
       0
       0
       0
       0
       0
       0
       1
       0
       1
       1
       1
       0
       1
       2
       0
       0
       0
       0
       0
       1
       0
       0
       0
       0
       0
       0
       0
       0
       1
       0
       0
       0
       0
       0
       1
       1
       0
       0
       0
       0
       0
       0
       0
       0
       0
       0
       0
       1
       1
       0
       0
       1
       0
       0
       0
       0
       0
       1
       0
       0
       0
       0
       0
       0
       0
       1
       0
       0
       0
       0
       0
       0
       0
       0
       0
       0
       0
       0
       0
       0
       0
       0
       0
       0
       0
       0
       0
       0
       0
       0
       0
       0
       0
       1
       1
       0
       0
       0
       0
       0
       0
       0
       0
       0
       0
       0
       1
       0
       0
       0
       0
       0
       0
       0
       2
       0
       0
       0
       0
       0
       0
       0
       0
       0
       0
       0
       1
       0
       0
       0
       0
       0
       0
       0
       1
       0
       0
       0
       0
       0
       0
       0
       0
       0
       0
       1
       0
       1
       1
       0
       0
       1
       1
       0
       0
       0
       0
       0
       1
       0
       0
       0
       0
       1
       0
       0
       0
       0
       0
       0
       0
       0
       1
       0
       0
       0
       0
       0
       0
       0
       0
       0
       0
       0
       0
       0
       0
       1
       0
       0
       0
       0
       0
       0
       0
       0
       1
       0
       0
       0
       0
       0
       0
       0
       0
       0
       0
       0
       1
       0
       0
       0
       1
       0
       0
       0
       0
       0
       1
       0
       0
       1
       0
       0
       1
       0
       0
       0
       1
       0
       0
       0
       0
       0
       0
       1
       0
       0
       0
       0
       0
       1
       0
       0
       0
       0
       0
       1
       0
       0
       0
       0
       0
       1
       2
       0
       0
       0
       0
       1
       0
       0
       0
       0
       0
       0
       0
       0
       1
       0
       1
       0
       0
       0
       0
       0
       0
       0
       0
       0
       0
       0
       0
       0
       0
       0
       1
       0
       0
       0
       0
       0
       0
       1
       0
       0
       0
       0
       0
       0
       0
       0
       0
       0
       0
       0
       0
       0
       0
       0
       0
       1
       0
       0
       0
       0
       0
       0
       0
       0
       0
       0
       0
       0
       0
       0
       0
       0
       0
       0
       1
       0
       0
       1
       0
       0
       0
       0
       0
       0
       0
       0
       0
       0
       0
       1
       0
       0
       0
       0
       2
       0
       0
       0
       0
       0
       0
       0
       0
       0
       0
       1
       0
       0
       0
       0
       0
       0
       1
       0
       0
       0
       0
       0
       0
       0
       0
       0
       0
       0
       0
       0
       0
       0
       0
       0
       0
       0
       0
       0
       0
       0
       0
       0
       0
       0
       0
       0
       0
       0
       0
       0
       0
       0
       0
       0
       1
       0
       0
       0
       0
       1
       0
       0
       0
       0
       1
       0
       0
       0
       0
       0
       0
       1
       0
       0
       0
       0
       0
       0
       1
       0
       0
       0
       0
       0
       0
       0
       0
       0
       0
       0
       0
       0
       1
       0
       0
       0
       0
       0
       0
       0
       0
       0
       0
       0
       0
       0
       0
       0
       0
       0
       0
       0
       1
       0
       1
       0
       0
       0
       0
       0
       0
       0
       0
       0
       0
       0
       0
       0
       0
       0
       0
       0
       0
       0
       0
       0
       0
       0
       0
       1
       1
       0
       0
       0
       0
       0
       0
       0
       1
       0
       0
       0
       0
       0
       0
       1
       0
       0
       1
       0
       2
       0
       0
       0
       1
       0
       0
       0
       0
       0
       0
       2
       0
       0
       0
       0
       0
       0
       1
       0
       1
       0
       0
       0
       1
       0
       0
       0
       0
       0
       0
       0
       0
       0
       0
       0
       0
       1
       0
       1
       0
       0
       1
       0
       0
       0
       0
       0
       0
       0
       0
       0
       0
       0
       0
       0
       0
       1
       0
       0
       0
       0
       0
       0
       0
       0
       0
       0
       0
       0
       0
       1
       0
       0
       0
       0
       0
       0
       1
       0
       0
       0
       0
       0
       0
       0
       0
       0
       0
       0
       0
       0
       0
       0
       0
       0
       0
       1
       0
       0
       0
       1
       1
       0
       0
       0
       1
       0
       1
       1
       1
       0
       0
       0
       0
       0
       1
       0
       0
       1
       0
       0
       0
       0
       0
       0
       0
       0
       0
       0
       0
       0
       0
       0
       0
       0
       0
       0
       1
       0
       0
       1
       0
       0
       0
       0
       0
       0
       0
       0
       0
       0
       0
       0
       0
       0
       0
       0
       0
       0
       0
       0
       1
       0
       0
       0
       0
       0
       0
       0
       1
       0
       0
       1
       0
       1
       0
       0
       0
       0
       0
       1
       0
       0
       1
       0
       0
       1
       1
       0
       0
       0
       0
       0
       0
       0
       0
       0
       0
       0
       0
       0
       0
       0
       0
       0
       0
       0
       0
       0
       0
       0
       0
       0
       0
       0
       0
       0
       0
       1
       0
       0
       0
       0
       0
       0
       0
       0
       0
       0
       0
       0
       1
       0
       0
       0
       0
       0
       0
       0
       0
       1
       0
       0
       0
       0
       1
       0
       0
       0
       0
       0
       0
       1
       0
       0
       0
       0
       0
       0
       0
       0
       0
       0
       0
       0
       0
       0
       0
       0
       0
       0
       0
       0
       0
       0
       0
       0
       0
       0
       1
       0
       1
       0
       0
       0
       0
       0
       0
       1
       0
       0
       0
       0
       0
       0
       0
       0
       0
       0
       0
       0
       0
       0
       0
       0
       0
       0
       0
       0
       0
       0
       0
       0
       0
       1
       0
       0
       0
       0
       0
       0
       0
       0
       0
       0
       0
       2
       0
       0
       0
       0
       0
       1
       0
       0
       2
       0
       0
       0
       0
       1
       0
       0
       0
       0
       0
       0
       0
       0
       1
       0
       0
       2
       0
       1
       0
       0
       0
       0
       0
       0
       0
       0
       0
       0
       0
       0
       0
       0
       0
       0
       1
       1
       0
       0
       0
       0
       0
       0
       0
       0
       0
       0
       0
       0
       2
       0
       0
       0
       0
       0
       0
       0
       0
       0
       0
       0
       0
       0
       0
       0
       0
       0
       0
       0
       0
       0
       0
       0
       1
       0
       0
       0
       0
       0
       0
       0
       0
       0
       0
       0
       0
       0
       0
       1
       0
       0
       0
       0
       0
       0
       0
       1
       0
       0
       0
       0
       0
       0
       0
       0
       0
       0
       0
       0
       0
       0
       1
       0
       0
       0
       0
       0
       0
       0
       0
       0
       0
       0
       0
       0
       0
       0
       0
       0
       0
       0
       0
       0
       0
       0
       0
       0
       0
       0
       0
       0
       0
       0
       0
       0
       0
       1
       0
       0
       0
       0
       0
       1
       0
       0
       0
       0
       0
       0
       0
       0
       1
       1
       1
       0
       0
       0
       0
       0
       0
       0
       0
       0
       1
       0
       0
       0
       0
       0
       0
       0
       0
       0
       0
       0
       0
       0
       0
       0
       0
       1
       0
       0
       0
       0
       0
       0
       1
       0
       0
       0
       0
       0
       0
       0
       0
       0
       0
       0
       0
       0
       0
       0
       1
       0
       0
       0
       1
       0
       1
       0
       0
       0
       0
       0
       0
       1
       0
       0
       0
       0
       0
       0
       0
       0
       0
       0
       0
       0
       0
       0
       0
       0
       0
       0
       0
       0
       0
       0
       0
       1
       0
       0
       0
       0
       0
       0
       0
       0
       0
       0
       0
       0
       0
       0
       1
       0
       0
       0
       0
       0
       0
       0
       0
       0
       0
       0
       0
       0
       0
       0
       0
       0
       2
       0
       0
       0
       0
       0
       0
       0
       0
       1
       0
       0
       0
       0
       0
       0
       0
       1
       0
       0
       1
       0
       0
       0
       0
       1
       0
       0
       0
       0
       0
       0
       1
       0
       0
       0
       0
       0
       0
       0
       0
       0
       0
       0
       0
       0
       1
       0
       0
       0
       0
       0
       0
       0
       0
       0
       0
       0
       0
       0
       1
       0
       0
       0
       0
       0
       0
       0
       0
       0
       0
       0
       0
       0
       0
       0
       0
       0
       0
       0
       0
       0
       1
       0
       0
       0
       0
       0
       1
       1
       0
       0
       0
       0
       1
       1
       0
       0
       0
       0
       0
       0
       0
       0
       0
       0
       0
       0
       0
       0
       0
       0
       0
       0
       0
       0
       0
       0
       0
       0
       0
       0
       0
       0
       0
       1
       0
       0
       0
       0
       0
       1
       0
       0
       0
       0
       0
       1
       0
       0
       0
       0
       0
       0
       0
       0
       0
       0
       0
       0
       0
       0
       0
       0
       0
       1
       1
       0
       1
       0
       0
       0
       0
       0
       0
       0
       0
       0
       0
       0
       0
       0
       0
       0
       1
       0
       0
       0
       0
       0
       1
       1
       0
       0
       1
       1
       1
       0
       0
       0
       0
       0
       0
       0
       0
       0
       0
       0
       0
       0
       0
       0
       0
       0
       0
       0
       1
       0
       0
       0
       0
       0
       0
       0
       0
       0
       0
       0
       0
       0
       1
       0
       0
       0
       0
       0
       0
       0
       0
       0
       0
       0
       0
       0
       0
       0
       0
       0
       0
       0
       0
       0
       0
       0
       0
       0
       0
       0
       0
       1
       0
       0
       0
       0
       1
       0
       0
       0
       0
       0
       0
       0
       1
       0
       0
       0
       0
       0
       0
       1
       1
       0
       0
       1
       0
       0
       0
       0
       0
       0
       0
       0
       1
       0
       0
       0
       0
       0
       0
       0
       1
       0
       0
       0
       0
       1
       0
       0
       1
       0
       0
       0
       1
       0
       0
       1
       0
       0
       0
       1
       0
       0
       0
       0
       0
       0
       0
       0
       0
       0
       0
       0
       0
       0
       0
       0
       0
       0
       0
       0
       0
       0
       0
       0
       0
       0
       0
       0
       0
       1
       1
       1
       0
       0
       0
       0
       0
       0
       0
       0
       0
       0
       0
       1
       1
       0
       1
       0
       1
       0
       1
       0
       0
       0
       0
       0
       0
       0
       0
       0
       0
       0
       0
       0
       0
       0
       0
       0
       0
       1
       1
       0
       0
       0
       0
       0
       0
       0
       0
       0
       0
       1
       0
       0
       0
       1
       0
       0
       1
       0
       1
       0
       0
       0
       1
       1
       0
       0
       0
       0
       0
       0
       0
       0
       0
       1
       0
       0
       0
       0
       0
       0
       1
       0
       0
       0
       1
       0
       0
       1
       0
       0
       0
       0
       0
       0
       0
       0
       0
       1
       0
       1
       0
       0
       0
       0
       0
       0
       1
       0
       0
       0
       0
       0
       0
       0
       0
       0
       0
       0
       1
       0
       0
       0
       0
       0
       0
       1
       0
       0
       0
       1
       0
       1
       0
       0
       0
       0
       1
       0
       0
       1
       0
       0
       0
       0
       0
       0
       1
       0
       0
       1
       0
       0
       0
       0
       0
       0
       0
       0
       0
       0
       0
       1
       0
       0
       0
       0
       1
       0
       0
       0
       0
       0
       0
       0
       0
       0
       0
       0
       0
       0
       0
       0
       0
       1
       1
       0
       0
       0
       0
       0
       1
       0
       0
       0
       0
       1
       0
       0
       0
       0
       0
       0
       0
       0
       0
       0
       0
       1
       0
       0
       0
       0
       0
       0
       0
       0
       0
       1
       0
       0
       0
       0
       0
       0
       0
       0
       0
       0
       0
       0
       1
       0
       0
       0
       0
       0
       0
       0
       0
       1
       0
       0
       0
       0
       0
       0
       0
       1
       0
       0
       0
       0
       0
       0
       0
       1
       0
       0
       0
       0
       0
       0
       0
       0
       0
       0
       0
       0
       1
       0
       0
       0
       0
       0
       0
       0
       0
       0
       0
       0
       0
       0
       0
       0
       0
       0
       0
       0
       0
       1
       0
       0
       0
       1
       0
       0
       0
       0
       0
       0
       0
       0
       0
       0
       0
       0
       1
       0
       0
       0
       0
       0
       0
       0
       0
       0
       1
       0
       0
       0
       1
       1
       0
       0
       0
       0
       0
       0
       0
       0
       0
       1
       0
       0
       0
       0
       0
       1
       0
       0
       1
       0
       0
       0
       0
       0
       0
       0
       0
       0
       0
       0
       0
       1
       1
       0
       0
       0
       0
       0
       0
       0
       1
       0
       0
       0
       0
       0
       0
       0
       0
       0
       1
       0
       0
       0
       0
       0
       0
       0
       0
       0
       0
       0
       0
       0
       1
       0
       0
       0
       0
       0
       0
       0
       0
       0
       0
       0
       1
       0
       0
       1
       0
       0
       1
       0
       0
       0
       0
       0
       0
       0
       0
       0
       0
       0
       0
       0
       1
       0
       0
       1
       1
       0
       0
       0
       0
       0
       0
       0
       0
       1
       0
       0
       0
       1
       0
       0
       0
       0
       0
       0
       0
       1
       0
       0
       0
       0
       0
       0
       0
       0
       1
       0
       0
       0
       0
       0
       0
       0
       0
       0
       1
       0
       0
       1
       0
       0
       0
       1
       0
       0
       0
       1
       0
       0
       0
       1
       0
       0
       0
       1
       0
       0
       0
       0
       0
       0
       0
       0
       1
       0
       0
       0
       0
       0
       0
       0
       0
       0
       0
       0
       0
       0
       2
       0
       0
       0
       1
       0
       1
       0
       0
       0
       0
       0
       0
       0
       0
       0
       0
       1
       0
       0
       0
       0
       0
       0
       0
       0
       2
       0
       0
       0
       0
       0
       0
       0
       0
       1
       0
       0
       0
       0
       0
       0
       0
       0
       0
       0
       0
       1
       0
       0
       0
       0
       1
       0
       1
       0
       0
       0
       0
       0
       0
       0
       0
       0
       0
       0
       0
       0
       0
       0
       0
       0
       0
       0
       0
       0
       0
       1
       0
       0
       0
       0
       0
       1
       0
       0
       0
       0
       0
       0
       0
       0
       1
       0
       0
       0
       0
       0
       0
       0
       0
       0
       0
       0
       0
       0
       0
       0
       0
       0
       0
       0
       1
       0
       0
       0
       0
       0
       0
       0
       0
       0
       0
       1
       0
       0
       0
       0
       0
       0
       0
       0
       0
       0
       0
       1
       0
       0
       0
       0
       1
       0
       0
       0
       0
       0
       2
       0
       0
       0
       0
       0
       0
       0
       0
       0
       0
       0
       0
       0
       0
       0
       0
       0
       0
       0
       0
       0
       0
       1
       0
       0
       0
       0
       0
       0
       0
       0
       0
       0
       0
       1
       0
       0
       0
       0
       0
       0
       0
       0
       0
       0
       0
       0
       0
       0
       0
       1
       0
       0
       0
       0
       0
       0
       0
       0
       0
       0
       0
       0
       0
       0
       0
       0
       0
       0
       0
       0
       0
       0
       0
       0
       0
       0
       0
       1
       0
       0
       0
       0
       1
       0
       0
       0
       0
       0
       0
       0
       0
       0
       1
       1
       0
       0
       1
       1
       0
       1
       0
       0
       0
       0
       0
       0
       0
       0
       0
       0
       0
       0
       0
       0
       0
       0
       0
       0
       0
       0
       0
       0
       0
       0
       0
       0
       0
       0
       0
       0
       0
       1
       0
       0
       0
       1
       0
       0
       0
       0
       0
       0
       0
       0
       0
       0
       0
       0
       0
       0
       0
       0
       0
       0
       0
       0
       0
       0
       0
       0
       1
       0
       0
       0
       1
       0
       0
       1
       0
       0
       0
       0
       0
       0
       0
       0
       0
       0
       0
       0
       0
       0
       0
       0
       0
       0
       0
       0
       0
       0
       0
       0
       0
       0
       0
       0
       0
       0
       0
       0
       0
       0
       0
       0
       0
       0
       0
       0
       0
       0
       0
       0
       0
       0
       0
       1
       0
       0
       0
       0
       0
       0
       0
       1
       0
       1
       0
       0
       0
       1
       0
       0
       0
       0
       0
       0
       0
       0
       0
       0
       0
       0
       0
       0
       0
       0
       0
       0
       0
       0
       1
       0
       0
       0
       0
       0
       0
       1
       0
       1
       0
       1
       0
       0
       0
       0
       0
       1
       0
       0
       0
       0
       1
       0
       0
       0
       0
       0
       0
       0
       1
       0
       0
       0
       0
       0
       0
       0
       0
       0
       0
       0
       0
       0
       0
       0
       0
       0
       0
       0
       0
       0
       0
       1
       0
       0
       0
       0
       0
       0
       0
       0
       0
       0
       0
       0
       0
       0
       0
       0
       0
       0
       0
       0
       0
       0
       0
       0
       0
       0
       1
       0
       0
       0
       0
       0
       0
       0
       0
       0
       0
       0
       0
       0
       0
       0
       0
       0
       0
       0
       0
       0
       0
       0
       0
       0
       0
       0
       0
       0
       0
       0
       0
       0
       0
       0
       0
       0
       1
       0
       0
       0
       0
       0
       0
       0
       0
       0
       0
       0
       0
       0
       0
       0
       0
       0
       0
       0
       0
       0
       0
       0
       0
       0
       0
       0
       0
       0
       0
       0
       0
       0
       0
       0
       0
       0
       0
       0
       0
       0
       0
       0
       0
       0
       0
       0
       0
       0
       0
       0
       0
       0
       0
       0
       0
       0
       0
       0
       0
       0
       0
       1
       0
       0
       0
       0
       0
       0
       0
       0
       0
       0
       0
       0
       0
       0
       0
       0
       0
       0
       0
       0
       0
       0
       0
       0
       0
       1
       0
       0
       0
       0
       0
       0
       0
       0
       0
       0
       0
       0
       0
       0
       0
       0
       0
       0
       0
       0
       0
       0
       0
       0
       0
       0
       0
       0
       0
       0
       0
       0
       0
       0
       0
       0
       0
       0
       0
       0
       0
       0
       0
       0
       0
       0
       0
       0
       0
       0
       0
       0
       0
       0
       0
       0
       0
       0
       0
       0
       0
       0
       0
       0
       0
       0
       0
       0
       0
       0
       1
       0
       1
       1
       0
       0
       0
       0
       0
       0
       0
       0
       0
       0
       0
       0
       0
       0
       0
       0
       2
       0
       0
       1
       0
       0
       0
       0
       0
       0
       0
       0
       0
       0
       0
       0
       0
       0
       0
       0
       0
       0
       0
       0
       1
       0
       0
       0
       0
       0
       0
       0
       1
       0
       0
       0
       0
       0
       0
       0
       0
       0
       0
       0
       0
       0
       0
       0
       0
       0
       0
       0
       0
       0
       1
       1
       0
       0
       0
       0
       0
       0
       1
       0
       0
       0
       0
       0
       1
       0
       0
       0
       0
       0
       0
       0
       1
       0
       0
       0
       0
       0
       0
       1
       1
       0
       0
       0
       0
       0
       0
       0
       0
       0
       0
       0
       0
       0
       0
       0
       0
       0
       0
       0
       0
       0
       0
       0
       0
       0
       0
       0
       0
       0
       0
       0
       0
       0
       0
       0
       0
       0
       0
       0
       0
       0
       0
       0
       0
       0
       0
       0
       0
       0
       0
       0
       0
       0
       0
       0
       0
       0
       0
       0
       1
       0
       1
       0
       0
       0
       0
       0
       0
       0
       0
       0
       0
       1
       0
       0
       0
       0
       0
       0
       0
       1
       0
       0
       0
       0
       0
       0
       0
       0
       0
       0
       0
       0
       0
       0
       0
       0
       0
       0
       0
       1
       0
       0
       0
       0
       0
       0
       0
       0
       0
       0
       0
       0
       0
       1
       0
       0
       0
       0
       0
       0
       1
       0
       0
       0
       0
       0
       0
       0
       0
       0
       0
       0
       1
       0
       0
       0
       0
       0
       0
       0
       0
       0
       0
       0
       0
       0
       0
       0
       0
       0
       0
       0
       0
       0
       0
       0
       0
       0
       0
       0
       0
       0
       0
       0
       0
       0
       0
       0
       0
       0
       0
       0
       0
       0
       0
       0
       0
       0
       0
       0
       0
       0
       0
       0
       0
       1
       0
       0
       0
       0
       0
       1
       0
       0
       0
       0
       0
       0
       0
       0
       0
       0
       0
       0
       0
       0
       0
       0
       0
       0
       0
       0
       0
       0
       0
       0
       0
       0
       0
       0
       0
       0
       0
       0
       0
       0
       0
       0
       0
       0
       0
       0
       0
       0
       0
       0
       0
       1
       0
       0
       0
       1
       0
       0
       0
       0
       0
       0
       0
       0
       0
       0
       0
       0
       0
       0
       0
       0
       0
       0
       0
       0
       0
       0
       0
       0
       1
       0
       0
       0
       1
       1
       0
       0
       0
       0
       0
       0
       0
       0
       0
       0
       0
       0
       0
       1
       0
       1
       0
       0
       0
       1
       0
       0
       0
       0
       0
       0
       0
       0
       0
       0
       0
       0
       1
       0
       0
       0
       0
       0
       0
       0
       0
       0
       0
       0
       0
       0
       0
       0
       0
       0
       0
       0
       0
       0
       1
       0
       0
       0
       0
       0
       0
       0
       1
       0
       0
       1
       0
       0
       1
       0
       0
       1
       0
       0
       0
       1
       0
       0
       0
       0
       0
       0
       0
       0
       0
       0
       0
       0
       0
       0
       0
       0
       0
       0
       0
       0
       0
       0
       0
       0
       0
       0
       0
       0
       0
       0
       0
       0
       0
       0
       1
       0
       0
       0
       0
       0
       0
       1
       0
       0
       0
       0
       0
       0
       0
       1
       0
       0
       0
       0
       0
       0
       0
       0
       0
       0
       0
       0
       0
       0
       0
       0
       0
       0
       0
       0
       0
       1
       1
       0
       0
       1
       0
       1
       0
       0
       0
       0
       0
       0
       0
       0
       0
       2
       0
       1
       0
       0
       0
       0
       0
       0
       0
       0
       0
       0
       0
       0
       0
       0
       0
       0
       0
       0
       0
       0
       0
       0
       0
       0
       0
       0
       0
       0
       1
       0
       0
       0
       0
       0
       0
       0
       0
       0
       0
       0
       0
       0
       0
       0
       0
       0
       1
       0
       0
       0
       0
       0
       0
       0
       0
       0
       0
       0
       0
       0
       0
       0
       0
       0
       0
       0
       0
       0
       0
       0
       1
       0
       0
       0
       0
       0
       0
       0
       0
       0
       0
       0
       1
       0
       0
       0
       0
       0
       0
       0
       0
       0
       0
       0
       0
       0
       0
       1
       0
       0
       0
       0
       0
       0
       0
       0
       0
       1
       0
       0
       0
       0
       0
       0
       0
       0
       1
       0
       0
       0
       0
       0
       0
       0
       0
       0
       0
       0
       0
       0
       0
       1
       0
       0
       0
       0
       1
       0
       0
       0
       0
       0
       0
       0
       1
       0
       0
       0
       0
       0
       0
       0
       0
       0
       0
       0
       0
       0
       0
       0
       0
       0
       0
       0
       0
       0
       0
       0
       0
       0
       0
       0
       0
       0
       0
       0
       0
       1
       0
       0
       0
       0
       0
       0
       0
       0
       0
       0
       0
       0
       0
       0
       0
       0
       0
       0
       0
       0
       0
       0
       0
       1
       0
       0
       0
       0
       0
       0
       0
       0
       0
       0
       0
       0
       0
       0
       0
       0
       0
       0
       0
       0
       0
       0
       0
       0
       0
       0
       0
       0
       0
       0
       0
       0
       0
       0
       0
       0
       0
       0
       1
       0
       0
       0
       0
       0
       0
       0
       0
       0
       0
       0
       0
       0
       0
       0
       0
       0
       1
       0
       0
       0
       0
       0
       0
       0
       0
       1
       0
       0
       0
       0
       0
       0
       0
       0
       0
       0
       1
       0
       0
       0
       0
       0
       0
       0
       1
       0
       0
       0
       0
       2
       0
       1
       1
       0
       0
       0
       0
       0
       0
       0
       0
       1
       0
       0
       0
       0
       0
       0
       0
       0
       0
       0
       0
       0
       0
       0
       0
       0
       0
       0
       0
       0
       0
       0
       0
       0
       0
       1
       1
       0
       0
       0
       0
       0
       1
       0
       0
       0
       1
       0
       0
       0
       0
       0
       0
       0
       0
       0
       0
       0
       0
       0
       0
       0
       0
       0
       0
       0
       0
       0
       0
       0
       0
       0
       0
       0
       0
       0
       0
       0
       0
       0
       0
       0
       0
       0
       0
       0
       0
       0
       0
       0
       0
       0
       0
       0
       0
       0
       0
       1
       0
       0
       0
       0
       0
       0
       0
       0
       2
       1
       0
       0
       0
       0
       0
       0
       0
       0
       0
       0
       0
       0
       0
       0
       0
       0
       0
       0
       0
       0
       0
       0
       0
       0
       0
       0
       0
       0
       0
       0
       0
       0
       0
       0
       1
       0
       0
       0
       0
       0
       0
       0
       0
       0
       0
       0
       1
       0
       0
       0
       0
       0
       0
       0
       0
       0
       0
       1
       0
       0
       0
       0
       0
       0
       0
       0
       0
       0
       0
       0
       0
       0
       0
       0
       0
       0
       0
       1
       0
       0
       0
       0
       1
       1
       0
       0
       0
       0
       0
       0
       0
       0
       0
       0
       1
       0
       0
       0
       0
       0
       0
       0
       0
       0
       0
       0
       0
       2
       0
       0
       0
       0
       0
       0
       0
       0
       0
       1
       0
       0
       0
       0
       0
       0
       0
       1
       0
       0
       0
       0
       0
       0
       0
       0
       0
       0
       0
       0
       0
       0
       0
       0
       0
       0
       0
       0
       0
       0
       0
       0
       0
       0
       0
       0
       0
       0
       0
       0
       0
       0
       0
       1
       0
       0
       0
       0
       0
       0
       0
       1
       0
       1
       1
       1
       0
       0
       0
       0
       1
       0
       0
       0
       0
       0
       1
       0
       0
       0
       0
       0
       0
       1
       0
       1
       0
       0
       0
       1
       1
       0
       0
       0
       0
       0
       0
       0
       0
       0
       0
       0
       0
       1
       0
       0
       0
       0
       0
       1
       0
       0
       0
       0
       0
       0
       0
       0
       0
       0
       0
       0
       0
       0
       1
       0
       0
       0
       0
       0
       0
       0
       0
       1
       0
       0
       0
       0
       0
       0
       0
       0
       0
       0
       0
       0
       0
       0
       0
       0
       0
       0
       0
       0
       1
       1
       0
       0
       0
       0
       0
       1
       0
       0
       0
       0
       0
       0
       1
       0
       0
       0
       0
       0
       0
       0
       0
       1
       0
       0
       0
       0
       0
       0
       0
       0
       0
       0
       0
       0
       0
       0
       0
       0
       0
       0
       1
       0
       0
       0
       0
       0
       0
       0
       0
       0
       0
       0
       0
       0
       0
       0
       0
       0
       0
       0
       0
       0
       0
       1
       0
       0
       0
       0
       0
       1
       0
       0
       0
       0
       0
       1
       0
       0
       0
       0
       0
       0
       0
       0
       0
       0
       0
       0
       0
       0
       0
       1
       0
       1
       0
       0
       0
       0
       0
       0
       0
       0
       0
       0
       0
       0
       0
       0
       0
       0
       0
       0
       0
       0
       0
       0
       0
       0
       0
       0
       1
       0
       1
       0
       0
       0
       0
       0
       1
       0
       0
       0
       0
       0
       0
       0
       0
       0
       1
       0
       0
       0
       0
       0
       0
       0
       0
       0
       0
       0
       0
       0
       0
       0
       0
       0
       0
       0
       0
       0
       0
       0
       0
       0
       0
       2
       0
       0
       0
       0
       0
       0
       1
       0
       0
       0
       0
       0
       0
       0
       1
       0
       0
       1
       0
       0
       0
       0
       1
       0
       0
       0
       0
       0
       0
       0
       0
       0
       0
       0
       0
       1
       0
       0
       0
       0
       0
       0
       0
       0
       0
       0
       0
       0
       0
       1
       0
       0
       0
       0
       0
       0
       0
       0
       0
       0
       0
       0
       0
       0
       0
       0
       0
       0
       1
       0
       0
       0
       0
       0
       0
       0
       0
       0
       0
       0
       0
       0
       0
       0
       0
       0
       1
       0
       0
       0
       1
       0
       0
       0
       0
       0
       0
       0
       0
       0
       0
       0
       0
       0
       0
       0
       1
       0
       0
       0
       0
       1
       0
       0
       0
       0
       0
       0
       0
       0
       0
       1
       0
       0
       0
       1
       0
       0
       0
       1
       0
       0
       0
       0
       1
       0
       0
       0
       0
       0
       0
       0
       0
       0
       0
       0
       0
       0
       0
       0
       0
       0
       0
       0
       1
       0
       0
       0
       0
       0
       0
       0
       0
       1
       0
       0
       0
       1
       0
       0
       0
       0
       0
       0
       0
       0
       0
       0
       0
       0
       0
       0
       0
       0
       0
       0
       0
       0
       0
       0
       0
       0
       0
       0
       0
       0
       0
       0
       0
       0
       0
       0
       0
       0
       0
       0
       0
       0
       0
       0
       0
       0
       0
       0
       0
       0
       0
       0
       0
       0
       0
       0
       0
       0
       0
       1
       0
       0
       0
       0
       0
       0
       0
       0
       0
       0
       0
       0
       0
       0
       0
       0
       0
       0
       0
       0
       0
       0
       0
       0
       2
       1
       0
       0
       1
       0
       0
       0
       0
       0
       0
       0
       0
       1
       0
       0
       0
       0
       0
       0
       0
       0
       0
       1
       0
       0
       0
       0
       0
       0
       0
       0
       0
       0
       0
       0
       0
       0
       0
       0
       0
       0
       0
       1
       0
       0
       0
       0
       0
       0
       0
       0
       0
       0
       0
       1
       0
       0
       0
       0
       0
       0
       0
       0
       1
       0
       0
       0
       0
       0
       0
       0
       0
       0
       0
       0
       0
       0
       0
       0
       0
       0
       0
       0
       0
       0
       0
       0
       0
       0
       0
       0
       0
       0
       0
       0
       0
       0
       0
       0
       0
       0
       0
       0
       0
       0
       0
       0
       1
       0
       0
       0
       0
       0
       0
       0
       0
       0
       0
       0
       1
       0
       0
       0
       0
       0
       0
       0
       0
       0
       0
       0
       0
       0
       0
       0
       0
       0
       0
       0
       0
       0
       0
       1
       0
       0
       1
       0
       0
       0
       0
       0
       0
       0
       0
       1
       0
       0
       0
       0
       0
       1
       0
       0
       0
       0
       0
       0
       0
       0
       0
       0
       0
       0
       0
       0
       0
       0
       0
       0
       0
       0
       0
       0
       0
       0
       0
       0
       0
       0
       0
       0
       0
       0
       0
       0
       0
       2
       0
       0
       0
       0
       0
       0
       0
       0
       0
       0
       0
       0
       0
       0
       0
       0
       0
       0
       0
       0
       0
       0
       0
       0
       1
       0
       0
       1
       0
       0
       1
       0
       0
       0
       0
       0
       0
       0
       0
       0
       0
       0
       0
       0
       0
       0
       1
       0
       0
       0
       0
       0
       0
       0
       0
       0
       0
       0
       1
       0
       0
       0
       0
       0
       1
       0
       0
       0
       0
       0
       0
       0
       0
       0
       0
       0
       0
       0
       0
       0
       0
       0
       0
       0
       0
       0
       0
       0
       0
       0
       0
       0
       0
       0
       0
       0
       0
       0
       0
       0
       0
       0
       0
       0
       0
       0
       1
       0
       0
       0
       0
       0
       0
       0
       0
       0
       0
       1
       0
       0
       0
       0
       0
       0
       0
       0
       0
       0
       0
       1
       0
       0
       0
       0
       0
       0
       0
       0
       0
       0
       0
       0
       0
       0
       1
       0
       0
       0
       0
       0
       1
       0
       0
       0
       0
       0
       0
       0
       0
       0
       0
       0
       0
       0
       2
       1
       0
       0
       0
       0
       0
       0
       0
       0
       0
       0
       0
       0
       1
       0
       1
       0
       0
       0
       0
       0
       0
       0
       0
       0
       0
       0
       0
       0
       0
       0
       0
       0
       0
       0
       0
       0
       1
       0
       0
       0
       1
       0
       0
       0
       0
       0
       0
       0
       0
       0
       0
       1
       0
       0
       0
       0
       0
       0
       0
       0
       0
       0
       0
       0
       0
       0
       0
       0
       0
       0
       0
       0
       0
       0
       0
       0
       0
       0
       1
       1
       0
       0
       0
       0
       0
       0
       0
       0
       0
       0
       0
       0
       0
       0
       0
       0
       0
       1
       0
       0
       0
       0
       0
       0
       0
       0
       0
       0
       0
       0
       0
       0
       0
       1
       0
       0
       0
       0
       0
       0
       0
       0
       0
       0
       0
       0
       0
       0
       0
       0
       1
       0
       0
       0
       0
       0
       0
       0
       0
       0
       0
       0
       0
       0
       0
       0
       0
       0
       0
       0
       0
       0
       0
       0
       0
       0
       1
       1
       0
       0
       0
       0
       0
       0
       1
       0
       0
       0
       0
       0
       0
       0
       0
       0
       1
       0
       0
       1
       0
       0
       1
       0
       0
       0
       0
       0
       0
       0
       0
       1
       0
       0
       0
       0
       0
       0
       0
       1
       0
       0
       0
       0
       0
       0
       1
       0
       1
       0
       0
       0
       0
       0
       0
       0
       0
       0
       0
       0
       0
       0
       1
       0
       0
       1
       0
       0
       0
       0
       0
       0
       0
       0
       0
       0
       0
       0
       0
       0
       1
       0
       0
       0
       0
       1
       0
       0
       0
       0
       0
       0
       0
       0
       0
       0
       0
       0
       0
       1
       0
       0
       0
       0
       0
       1
       0
       0
       0
       0
       0
       0
       0
       0
       1
       0
       0
       0
       0
       0
       0
       1
       0
       0
       0
       0
       0
       0
       0
       0
       0
       0
       0
       0
       1
       0
       0
       0
       0
       0
       0
       0
       0
       0
       0
       0
       0
       0
       0
       0
       0
       0
       0
       0
       0
       0
       0
       0
       0
       0
       0
       0
       1
       0
       0
       0
       0
       0
       0
       0
       0
       0
       0
       0
       0
       0
       0
       0
       0
       0
       0
       0
       0
       0
       0
       0
       0
       0
       0
       0
       0
       0
       0
       0
       0
       0
       0
       0
       0
       0
       0
       0
       0
       0
       0
       1
       0
       0
       0
       0
       0
       0
       0
       0
       0
       0
       0
       1
       0
       0
       0
       0
       0
       0
       0
       0
       0
       0
       0
       0
       0
       0
       0
       0
       0
       0
       0
       0
       0
       0
       0
       0
       0
       0
       0
       0
       0
       0
       0
       0
       0
       0
       0
       1
       0
       0
       0
       0
       0
       0
       0
       0
       0
       0
       1
       0
       0
       0
       0
       0
       0
       0
       0
       0
       0
       0
       0
       0
       0
       0
       0
       0
       0
       0
       0
       0
       0
       1
       0
       0
       0
       1
       0
       0
       0
       0
       0
       1
       0
       0
       0
       0
       0
       0
       0
       0
       0
       0
       0
       0
       0
       0
       0
       0
       0
       0
       0
       0
       0
       0
       0
       1
       0
       1
       0
       0
       1
       0
       0
       0
       0
       0
       0
       0
       0
       0
       0
       0
       0
       0
       1
       0
       0
       0
       0
       0
       0
       1
       0
       0
       0
       1
       0
       0
       0
       0
       0
       0
       0
       0
       0
       0
       0
       0
       0
       0
       1
       0
       1
       0
       0
       0
       0
       0
       0
       0
       0
       0
       0
       0
       0
       0
       1
       0
       0
       0
       0
       0
       0
       0
       0
       0
       0
       0
       0
       0
       0
       0
       0
       0
       0
       0
       0
       0
       0
       0
       0
       0
       0
       0
       0
       0
       0
       0
       0
       0
       0
       0
       1
       0
       0
       0
       1
       0
       0
       0
       0
       0
       0
       0
       0
       0
       0
       0
       1
       0
       0
       1
       0
       0
       0
       0
       0
       1
       0
       0
       0
       0
       0
       0
       0
       0
       0
       0
       0
       0
       0
       0
       0
       0
       0
       0
       0
       0
       1
       0
       0
       0
       0
       0
       0
       0
       0
       0
       0
       0
       0
       0
       0
       0
       0
       0
       0
       0
       0
       0
       1
       0
       0
       0
       0
       0
       0
       0
       0
       0
       0
       0
       1
       1
       0
       0
       0
       0
       0
       0
       0
       0
       0
       0
       0
       0
       0
       0
       0
       0
       1
       0
       0
       0
       0
       0
       0
       0
       0
       0
       0
       0
       0
       0
       0
       0
       0
       0
       0
       0
       0
       0
       0
       0
       0
       0
       0
       0
       0
       0
       0
       0
       0
       0
       0
       0
       0
       0
       0
       1
       0
       0
       1
       0
       0
       0
       0
       0
       0
       0
       0
       0
       0
       0
       0
       0
       0
       0
       0
       0
       1
       0
       0
       0
       0
       0
       0
       0
       1
       0
       1
       0
       0
       0
       0
       0
       0
       1
       0
       1
       0
       0
       0
       1
       0
       0
       0
       0
       0
       0
       0
       0
       0
       0
       0
       1
       0
       0
       0
       0
       0
       0
       0
       0
       0
       0
       0
       0
       0
       0
       0
       0
       0
       0
       0
       0
       0
       0
       0
       0
       0
       1
       0
       0
       0
       0
       0
       0
       0
       0
       0
       0
       0
       0
       0
       0
       0
       0
       0
       0
       0
       0
       0
       0
       0
       0
       0
       0
       0
       0
       0
       0
       0
       0
       0
       0
       0
       0
       0
       0
       0
       0
       0
       0
       0
       0
       0
       0
       0
       0
       0
       0
       0
       0
       0
       0
       0
       0
       0
       0
       0
       0
       0
       0
       0
       1
       0
       0
       0
       1
       0
       0
       0
       0
       0
       0
       0
       0
       0
       0
       0
       0
       0
       0
       0
       0
       0
       0
       0
       0
       0
       0
       1
       0
       0
       0
       0
       0
       0
       0
       0
       0
       0
       0
       0
       0
       0
       0
       0
       0
       0
       0
       0
       0
       0
       0
       0
       0
       0
       0
       0
       0
       0
       0
       0
       0
       0
       0
       0
       0
       0
       0
       0
       0
       0
       0
       0
       0
       0
       0
       0
       0
       0
       0
       0
       0
       0
       0
       0
       0
       0
       0
       0
       0
       0
       0
       0
       0
       0
       0
       0
       0
       0
       0
       0
       0
       0
       0
       0
       1
       0
       0
       0
       0
       0
       0
       0
       0
       0
       0
       0
       0
       0
       0
       0
       0
       0
       0
       0
       0
       0
       0
       0
       0
       0
       0
       0
       0
       0
       0
       0
       0
       0
       0
       0
       0
       0
       0
       0
       0
       0
       0
       0
       0
       0
       0
       0
       0
       0
       0
       1
       0
       0
       0
       0
       0
       0
       0
       0
       0
       0
       0
       0
       0
       0
       0
       0
       0
       0
       0
       0
       0
       1
       0
       0
       0
       0
       0
       0
       0
       1
       0
       0
       0
       0
       0
       0
       0
       0
       0
       0
       0
       0
       0
       0
       0
       0
       0
       0
       0
       0
       0
       0
       0
       0
       0
       0
       0
       0
       1
       0
       0
       0
       0
       0
       0
       0
       0
       0
       1
       0
       0
       1
       1
       0
       0
       0
       0
       0
       1
       0
       0
       0
       0
       0
       0
       0
       0
       0
       0
       0
       0
       0
       0
       1
       0
       0
       0
       0
       1
       0
       0
       0
       0
       0
       0
       0
       0
       0
       0
       0
       0
       0
       0
       0
       0
       0
       0
       0
       1
       0
       0
       0
       0
       0
       0
       0
       0
       0
       0
       0
       0
       1
       1
       0
       0
       0
       0
       0
       0
       0
       0
       0
       0
       0
       0
       0
       0
       0
       0
       0
       0
       0
       0
       0
       0
       0
       0
       0
       0
       0
       0
       1
       0
       0
       0
       0
       0
       0
       0
       0
       1
       0
       0
       0
       0
       0
       0
       0
       1
       1
       1
       0
       0
       0
       0
       0
       0
       0
       0
       0
       0
       0
       0
       0
       0
       0
       0
       0
       0
       0
       0
       0
       0
       0
       0
       0
       0
       0
       0
       0
       0
       0
       0
       1
       1
       0
       0
       1
       0
       0
       0
       1
       0
       0
       0
       1
       0
       0
       0
       0
       0
       0
       0
       0
       0
       0
       0
       0
       0
       0
       0
       0
       1
       0
       0
       0
       0
       0
       0
       0
       0
       1
       0
       0
       0
       0
       1
       0
       0
       0
       0
       0
       0
       0
       0
       1
       0
       0
       0
       0
       0
       0
       0
       0
       0
       0
       0
       0
       0
       0
       2
       0
       0
       0
       0
       0
       0
       0
       1
       0
       0
       0
       1
       0
       0
       1
       0
       0
       0
       0
       0
       0
       0
       0
       0
       0
       0
       0
       0
       0
       0
       0
       0
       0
       1
       0
       0
       0
       0
       0
       0
       0
       0
       0
       0
       0
       0
       0
       0
       0
       0
       0
       0
       0
       0
       0
       0
       1
       0
       0
       0
       0
       0
       0
       0
       1
       0
       0
       0
       0
       0
       0
       0
       0
       0
       0
       1
       0
       0
       0
       0
       0
       0
       0
       0
       0
       0
       0
       0
       0
       0
       0
       0
       0
       0
       0
       0
       0
       0
       1
       1
       0
       0
       0
       0
       0
       1
       0
       0
       0
       0
       0
       0
       0
       0
       1
       0
       1
       0
       0
       0
       1
       0
       0
       0
       0
       0
       0
       0
       0
       0
       0
       0
       0
       0
       0
       0
       0
       0
       0
       1
       0
       0
       0
       0
       0
       0
       0
       0
       1
       0
       0
       0
       0
       0
       0
       0
       1
       0
       0
       0
       0
       0
       0
       0
       0
       0
       0
       0
       0
       0
       0
       0
       0
       0
       0
       0
       0
       0
       0
       0
       0
       0
       0
       0
       0
       0
       0
       1
       0
       0
       0
       0
       0
       0
       1
       0
       0
       1
       0
       0
       0
       0
       0
       0
       0
       0
       0
       0
       0
       0
       0
       0
       0
       0
       0
       0
       0
       0
       0
       0
       0
       0
       0
       0
       0
       0
       0
       0
       0
       0
       0
       0
       0
       0
       0
       0
       0
       0
       0
       0
       0
       0
       1
       0
       0
       0
       0
       0
       0
       0
       0
       0
       0
       0
       0
       0
       0
       0
       0
       0
       0
       0
       0
       0
       0
       0
       0
       0
       0
       0
       0
       0
       0
       0
       0
       0
       0
       0
       0
       0
       0
       0
       0
       0
       0
       0
       0
       0
       0
       0
       0
       0
       0
       0
       0
       0
       0
       0
       0
       0
       0
       0
       0
       0
       0
       0
       0
       1
       0
       0
       0
       0
       0
       0
       0
       0
       0
       0
       0
       0
       0
       0
       0
       0
       0
       0
       0
       0
       0
       0
       0
       0
       0
       0
       0
       0
       0
       0
       0
       0
       0
       0
       0
       0
       0
       0
       0
       1
       0
       0
       0
       0
       0
       0
       0
       0
       0
       0
       0
       0
       1
       1
       0
       0
       0
       0
       0
       0
       0
       0
       0
       0
       0
       1
       0
       0
       0
       0
       0
       0
       0
       0
       0
       0
       0
       0
       0
       1
       0
       0
       0
       0
       0
       0
       0
       0
       0
       0
       0
       0
       0
       0
       0
       0
       0
       0
       0
       0
       0
       0
       0
       0
       0
       0
       0
       0
       0
       0
       0
       0
       0
       0
       0
       0
       0
       0
       0
       0
       0
       1
       0
       0
       0
       0
       0
       0
       0
       0
       0
       0
       0
       0
       0
       0
       0
       0
       0
       0
       0
       0
       0
       0
       0
       0
       0
       0
       0
       0
       0
       0
       0
       0
       0
       0
       0
       1
       0
       0
       0
       0
       0
       1
       0
       0
       0
       0
       0
       0
       0
       0
       0
       0
       0
       1
       0
       0
       0
       0
       0
       0
       0
       0
       0
       0
       0
       0
       0
       0
       0
       0
       0
       0
       0
       0
       1
       0
       0
       0
       0
       1
       0
       0
       1
       0
       0
       0
       1
       0
       1
       0
       0
       0
       0
       0
       0
       0
       0
       0
       0
       0
       0
       0
       0
       0
       0
       0
       0
       0
       0
       0
       0
       0
       0
       0
       0
       0
       0
       0
       0
       0
       0
       0
       1
       0
       0
       0
       1
       0
       0
       0
       0
       0
       0
       0
       0
       0
       0
       0
       0
       0
       0
       0
       0
       0
       0
       0
       0
       0
       1
       0
       0
       0
       0
       0
       0
       0
       1
       0
       0
       0
       1
       1
       0
       0
       0
       0
       0
       0
       0
       0
       1
       0
       0
       0
       0
       0
       0
       0
       0
       0
       0
       0
       0
       0
       0
       0
       0
       0
       0
       0
       0
       0
       0
       0
       0
       1
       0
       0
       0
       0
       0
       0
       0
       0
       0
       0
       0
       0
       0
       0
       0
       2
       0
       0
       0
       0
       0
       0
       0
       0
       0
       0
       0
       0
       0
       0
       0
       0
       0
       0
       1
       0
       1
       0
       0
       0
       0
       0
       0
       0
       0
       0
       0
       0
       0
       1
       0
       0
       0
       0
       0
       0
       0
       0
       0
       0
       0
       0
       0
       1
       0
       0
       0
       0
       0
       0
       0
       0
       0
       0
       0
       0
       0
       0
       0
       0
       0
       0
       0
       0
       0
       0
       0
       0
       0
       0
       0
       0
       0
       0
       0
       0
       0
       1
       0
       0
       0
       0
       0
       0
       0
       0
       0
       0
       0
       0
       0
       0
       0
       0
       0
       0
       0
       0
       0
       0
       0
       1
       0
       0
       0
       0
       0
       0
       0
       0
       0
       0
       0
       0
       0
       0
       0
       0
       0
       0
       0
       0
       0
       0
       0
       0
       0
       0
       0
       0
       0
       0
       0
       0
       1
       0
       0
       0
       0
       0
       0
       0
       0
       0
       0
       0
       1
       0
       0
       0
       1
       0
       0
       0
       0
       0
       0
       0
       0
       0
       0
       0
       0
       0
       0
       0
       0
       0
       0
       0
       0
       0
       0
       0
       0
       0
       0
       0
       0
       0
       0
       0
       0
       0
       0
       0
       0
       0
       0
       0
       0
       0
       0
       0
       0
       0
       0
       0
       0
       0
       0
       0
       0
       0
       0
       0
       0
       0
       0
       0
       0
       0
       0
       0
       0
       0
       0
       0
       0
       0
       0
       0
       0
       0
       0
       0
       1
       0
       1
       1
       0
       0
       0
       0
       0
       0
       0
       0
       0
       0
       0
       0
       0
       0
       0
       0
       0
       1
       0
       0
       1
       0
       0
       0
       0
       0
       0
       0
       0
       0
       1
       0
       0
       0
       1
       0
       0
       0
       0
       0
       0
       0
       0
       0
       0
       0
       0
       0
       0
       0
       0
       0
       0
       0
       0
       0
       0
       1
       0
       0
       0
       0
       0
       0
       0
       0
       0
       0
       1
       0
       0
       0
       0
       0
       0
       0
       1
       0
       0
       0
       0
       0
       0
       0
       0
       0
       0
       0
       0
       0
       0
       0
       0
       0
       0
       0
       0
       0
       0
       0
       0
       0
       1
       0
       1
       0
       0
       0
       0
       0
       0
       0
       0
       0
       0
       0
       0
       1
       0
       1
       0
       0
       0
       1
       0
       0
       0
       0
       0
       0
       0
       0
       0
       0
       0
       0
       0
       0
       0
       0
       0
       0
       0
       0
       0
       0
       0
       0
       0
       0
       0
       0
       0
       0
       0
       0
       0
       1
       0
       0
       0
       0
       1
       0
       0
       0
       0
       0
       0
       0
       0
       0
       0
       0
       0
       0
       1
       0
       1
       0
       0
       0
       0
       0
       0
       0
       0
       0
       0
       0
       1
       0
       0
       0
       0
       0
       0
       0
       1
       0
       0
       0
       0
       0
       0
       0
       0
       1
       0
       0
       0
       0
       0
       0
       0
       0
       0
       0
       0
       0
       0
       0
       0
       0
       0
       0
       0
       0
       0
       0
       0
       0
       0
       0
       0
       1
       0
       1
       1
       0
       0
       0
       0
       0
       0
       0
       0
       0
       0
       0
       1
       0
       0
       0
       0
       0
       0
       0
       0
       0
       0
       0
       0
       0
       0
       0
       0
       0
       0
       0
       0
       0
       0
       0
       0
       0
       0
       0
       0
       0
       0
       0
       0
       0
       0
       0
       0
       0
       0
       0
       0
       0
       0
       0
       0
       0
       0
       0
       0
       0
       1
       0
       0
       0
       0
       0
       0
       0
       0
       0
       0
       0
       0
       0
       0
       0
       0
       0
       0
       0
       0
       0
       0
       1
       0
       0
       0
       0
       0
       0
       0
       0
       0
       0
       0
       0
       0
       0
       0
       0
       0
       0
       0
       0
       0
       0
       0
       0
       0
       0
       0
       0
       0
       0
       0
       0
       0
       0
       0
       0
       0
       0
       0
       0
       0
       0
       0
       0
       0
       1
       0
       0
       0
       0
       1
       0
       1
       0
       0
       0
       0
       0
       0
       0
       0
       0
       0
       0
       0
       0
       0
       0
       0
       0
       0
       0
       0
       0
       0
       0
       0
       0
       0
       0
       0
       0
       0
       0
       0
       0
       0
       0
       0
       0
       0
       0
       0
       0
       0
       0
       0
       0
       0
       0
       0
       0
       0
       0
       0
       1
       0
       0
       0
       0
       1
       0
       0
       0
       0
       1
       0
       0
       0
       0
       0
       0
       0
       0
       0
       0
       0
       0
       0
       0
       0
       0
       1
       0
       0
       0
       0
       0
       0
       0
       0
       0
       0
       0
       0
       0
       0
       0
       0
       0
       0
       0
       0
       0
       0
       0
       0
       0
       0
       0
       1
       0
       0
       0
       0
       0
       0
       0
       0
       0
       0
       0
       0
       0
       0
       0
       0
       0
       0
       0
       0
       0
       0
       0
       0
       0
       0
       0
       0
       0
       1
       0
       1
       0
       0
       0
       0
       0
       0
       0
       0
       0
       0
       0
       0
       0
       0
       0
       0
       0
       0
       0
       0
       0
       0
       0
       0
       0
       0
       0
       0
       1
       0
       0
       0
       0
       1
       0
       0
       0
       0
       0
       0
       1
       0
       0
       0
       1
       0
       0
       0
       0
       0
       0
       0
       0
       0
       0
       0
       0
       0
       0
       0
       0
       0
       0
       0
       1
       0
       0
       0
       0
       0
       0
       0
       0
       0
       0
       0
       0
       0
       0
       0
       0
       0
       1
       0
       0
       0
       0
       0
       0
       0
       0
       0
       1
       0
       0
       0
       0
       0
       0
       0
       0
       1
       0
       0
       0
       0
       0
       0
       0
       0
       0
       1
       0
       0
       0
       0
       0
       0
       0
       0
       0
       0
       0
       0
       0
       0
       0
       0
       0
       0
       0
       0
       0
       0
       0
       0
       0
       0
       0
       0
       1
       0
       0
       0
       0
       0
       0
       0
       0
       0
       0
       0
       0
       0
       0
       0
       0
       0
       0
       0
       1
       0
       0
       0
       0
       0
       1
       0
       1
       0
       0
       0
       0
       0
       0
       1
       0
       0
       0
       1
       0
       0
       0
       0
       0
       0
       0
       0
       0
       0
       0
       0
       0
       0
       0
       1
       0
       0
       0
       0
       0
       0
       0
       0
       0
       0
       0
       1
       0
       0
       0
       0
       1
       0
       0
       0
       0
       0
       0
       0
       0
       0
       0
       0
       0
       0
       0
       0
       0
       0
       0
       1
       0
       0
       0
       0
       0
       0
       0
       0
       0
       0
       0
       0
       0
       0
       0
       1
       0
       0
       0
       0
       0
       0
       0
       0
       0
       0
       0
       0
       0
       0
       0
       0
       0
       0
       0
       0
       0
       2
       0
       0
       0
       0
       0
       0
       0
       0
       0
       0
       0
       0
       0
       0
       0
       0
       0
       0
       0
       0
       0
       0
       0
       0
       0
       0
       0
       0
       0
       0
       0
       0
       0
       0
       0
       0
       0
       0
       0
       1
       0
       0
       0
       1
       0
       0
       0
       0
       0
       0
       0
       0
       0
       0
       0
       0
       1
       0
       0
       0
       0
       0
       0
       0
       1
       1
       0
       0
       0
       0
       0
       0
       0
       0
       1
       0
       0
       0
       0
       0
       0
       0
       0
       0
       0
       0
       0
       0
       0
       0
       1
       0
       0
       1
       0
       0
       0
       0
       0
       0
       0
       0
       0
       0
       0
       0
       0
       0
       0
       0
       0
       0
       0
       0
       0
       0
       0
       0
       0
       0
       0
       0
       0
       0
       1
       0
       0
       0
       0
       0
       0
       1
       0
       0
       0
       0
       0
       0
       0
       0
       0
       0
       0
       0
       0
       0
       0
       0
       0
       0
       0
       0
       0
       0
       0
       0
       0
       0
       0
       0
       0
       0
       0
       0
       0
       0
       1
       0
       0
       0
       0
       0
       0
       0
       1
       0
       0
       1
       1
       0
       0
       0
       0
       0
       1
       0
       0
       0
       0
       0
       0
       0
       0
       0
       0
       0
       0
       0
       0
       0
       0
       0
       0
       0
       0
       0
       0
       0
       0
       0
       0
       0
       0
       0
       0
       0
       0
       0
       0
       0
       0
       0
       0
       0
       0
       0
       0
       0
       0
       0
       0
       0
       0
       0
       0
       0
       0
       0
       0
       0
       0
       0
       0
       0
       0
       0
       0
       0
       0
       0
       0
       0
       0
       0
       0
       0
       0
       0
       0
       0
       0
       0
       0
       0
       0
       0
       0
       0
       0
       0
       0
       0
       0
       0
       0
       0
       0
       0
       0
       0
       0
       0
       0
       0
       0
       0
       0
       0
       0
       0
       0
       0
       0
       0
       0
       0
       0
       0
       0
       0
       0
       0
       0
       0
       0
       0
       0
       0
       0
       0
       0
       0
       0
       0
       0
       0
       0
       0
       0
       0
       0
       0
       0
       0
       0
       0
       0
       0
       0
       0
       0
       0
       0
       0
       0
       0
       0
       0
       0
       0
       0
       0
       0
       0
       0
       0
       0
       0
       0
       0
       0
       0
       0
       0
       0
       0
       0
       0
       0
       0
       0
       0
       0
       0
       0
       0
       0
       0
       0
       0
       0
       0
       0
       0
       0
       0
       0
       0
       0
       0
       0
       0
       0
       0
       0
       0
       0
       0
       0
       0
       0
       0
       0
       0
       0
       0
       0
       0
       0
       0
       0
       0
       0
       0
       0
       0
       0
       0
       0
       0
       0
       0
       0
       0
       0
       0
       0
       0
       0
       0
       0
       0
       0
       0
       0
       0
       0
       0
       0
       0
       0
       0
       0
       0
       0
       0
       0
       0
       0
       0
       0
       0
       0
       0
       0
       0
       0
       0
       0
       0
       0
       0
       0
       0
       0
       0
       0
       0
       0
       0
       0
       0
       0
       0
       0
       0
       0
       0
       0
       0
$ROI:
0
$PRESETS:
None
0
0
$ENER_FIT:
0.000000 0.533053
$MCA_CAL:
3
0.000000E+000 5.330531E-001 0.000000E+000 keV
$SHAPE_CAL:
3
0.000000E+000 0.000000E+000 0.000000E+000
