$SPEC_ID:
No sample description was entered.
$SPEC_REM:
DET# 1
DETDESC# DLAB-PHY-L3-48 Model 928 SN 14118571
AP# Maestro Version 7.01
$DATE_MEA:
02/26/2026 16:55:28
$MEAS_TIM:
75043 76899
$DATA:
0 16383
       0
       0
       0
       0
       0
       0
       0
       0
       0
       0
       0
       0
       0
       0
       0
       0
     258
     226
     187
     165
     167
     113
     109
      60
      55
      49
      27
      27
      14
      15
       6
       6
       8
       2
       3
       1
       1
       0
       0
       0
       3
       0
       1
       0
       0
       0
       0
       0
       1
       0
       2
       0
       1
       1
       1
       2
       1
       1
       0
       4
       3
       2
      17
      42
      82
     469
    1964
    6194
   14009
   48648
  314162
  773438
  472802
  193051
  144613
  129315
  122951
  122103
  122176
  125349
  128492
  134394
  139825
  145153
  149640
  156788
  162780
  168888
  174906
  180907
  186423
  192090
  198565
  203492
  209581
  214472
  220949
  227210
  230888
  236489
  242591
  248193
  252506
  258213
  263861
  269922
  275207
  282775
  288911
  295851
  302890
  310220
  316110
  323143
  331144
  338412
  348749
  355199
  364057
  373354
  381414
  391904
  401227
  410187
  420838
  430250
  441620
  452762
  461994
  476072
  487438
  499435
  512458
  524674
  537767
  549994
  562826
  578664
  590208
  604756
  618161
  631285
  645197
  658694
  673655
  684247
  697233
  709111
  718641
  729193
  738050
  748446
  757287
  764770
  769474
  775885
  778328
  782644
  784232
  785829
  783631
  784848
  779570
  775248
  769309
  765842
  756215
  749895
  739638
  730172
  717725
  705621
  694558
  681688
  668939
  653964
  640255
  625269
  610104
  594463
  580922
  566675
  551560
  536009
  520929
  505968
  491192
  477691
  463781
  451180
  436415
  424903
  411481
  399727
  389271
  376682
  367138
  357763
  347934
  338848
  331358
  323483
  314530
  308837
  302323
  295219
  290447
  284638
  279522
  275598
  272956
  268399
  265235
  262374
  259780
  257308
  254944
  253567
  253075
  251098
  250593
  249139
  247943
  247415
  246828
  246036
  245882
  246975
  246044
  245094
  245812
  245819
  245044
  246288
  246331
  245917
  246535
  246135
  247476
  246927
  245811
  246410
  247159
  247045
  246652
  247174
  247352
  247389
  248100
  247802
  247867
  247628
  247983
  248540
  247496
  247399
  248323
  247995
  247166
  246455
  246769
  246407
  246847
  246839
  247008
  245962
  246247
  245632
  244857
  245858
  244636
  244364
  244025
  245138
  242559
  243327
  242729
  241307
  241244
  241582
  240462
  240894
  240726
  240710
  239703
  238977
  237967
  237570
  236493
  237049
  236711
  236787
  235417
  234774
  233926
  233583
  232067
  231536
  232116
  230719
  230166
  229830
  228077
  228345
  227876
  227001
  226785
  225315
  225215
  223547
  222554
  222621
  221530
  221511
  219089
  220343
  218786
  218610
  216995
  216799
  215691
  214646
  214275
  213735
  212678
  211680
  211064
  210241
  209528
  208361
  208224
  207602
  205910
  206021
  203887
  203349
  203177
  202064
  201268
  200452
  199621
  198513
  197844
  197444
  195866
  195612
  195371
  193632
  193120
  191913
  191503
  189980
  189607
  188275
  188147
  187593
  185936
  185578
  184763
  183912
  183062
  182500
  180903
  180542
  179113
  178236
  177777
  177192
  176188
  174834
  174715
  173813
  173173
  172217
  171651
  170022
  169566
  168858
  168386
  167438
  166410
  165917
  165333
  165026
  162836
  162948
  161982
  161110
  159911
  159229
  158616
  157643
  157419
  155431
  155785
  155111
  154494
  153225
  152683
  151607
  151276
  149975
  149221
  148441
  147988
  146901
  146118
  145602
  144404
  143594
  144415
  143186
  141694
  140982
  140531
  139743
  139469
  138789
  137725
  137776
  135877
  135738
  135259
  134738
  133682
  133185
  132761
  132169
  130358
  130867
  129136
  129304
  128054
  127962
  126530
  127363
  125919
  125220
  124811
  123938
  123181
  123050
  121295
  121262
  120755
  120137
  119580
  119423
  118947
  117755
  117292
  116629
  115666
  115183
  114990
  114304
  113792
  113513
  112746
  111929
  111270
  110947
  109611
  110053
  109011
  108415
  108354
  107603
  107341
  106793
  106113
  105263
  104241
  104416
  103583
  103123
  102853
  102181
  101603
  100944
  100926
   99371
   99758
   98823
   98907
   98373
   96918
   97216
   96629
   96098
   95672
   95173
   94596
   94326
   93971
   93348
   92815
   92974
   91534
   91394
   91588
   90912
   90353
   89791
   88958
   88937
   88834
   88666
   87936
   87769
   87330
   86534
   85180
   84995
   85895
   84919
   84514
   83986
   83677
   82730
   82501
   82934
   82003
   81595
   80913
   80845
   79861
   79849
   79733
   79140
   78632
   78249
   78927
   77173
   77813
   76956
   76675
   76200
   75869
   75530
   75543
   74212
   74325
   74504
   73444
   73620
   73517
   72903
   72301
   71864
   71358
   71191
   71365
   70469
   70498
   70042
   69926
   69312
   69104
   68761
   68173
   68211
   67829
   67348
   67148
   66886
   66615
   66473
   66114
   65555
   65425
   65476
   64443
   64400
   63939
   64169
   63663
   63320
   63351
   62980
   62111
   61968
   61552
   61687
   60955
   61311
   60552
   60526
   59909
   60167
   59239
   59112
   58744
   58478
   58387
   58136
   57618
   57571
   57522
   56697
   57461
   56288
   56087
   56132
   55723
   55440
   55134
   54351
   54719
   54588
   54289
   54162
   53731
   53295
   53246
   53504
   53137
   52572
   52128
   51896
   52065
   51976
   51091
   51088
   51146
   50820
   50522
   50440
   49590
   49720
   49859
   49303
   49463
   49124
   48998
   48501
   48381
   48124
   47841
   47945
   47442
   47877
   46423
   47013
   46748
   46433
   46160
   46329
   45713
   46071
   45511
   44727
   45204
   44906
   44616
   44894
   44809
   44342
   43814
   43940
   43542
   43620
   43530
   43064
   42840
   42628
   42464
   42702
   42206
   41444
   42342
   41886
   41274
   41335
   40777
   40945
   40621
   40744
   40060
   40199
   40047
   39839
   39765
   39556
   39336
   39232
   38731
   38668
   38708
   38486
   38210
   38262
   37907
   37544
   37619
   37715
   37117
   37089
   36692
   36586
   36580
   36004
   36311
   36000
   35914
   35552
   35531
   35271
   35366
   34868
   34808
   34628
   34533
   34123
   34456
   34023
   33886
   33675
   33840
   33840
   33847
   33349
   32865
   32587
   32787
   32644
   32081
   32140
   32187
   31817
   31379
   32041
   31536
   31674
   31251
   31041
   31165
   31027
   30672
   30897
   30665
   30314
   30238
   30110
   29970
   29844
   29852
   29275
   29636
   29299
   28828
   28924
   28875
   28871
   28462
   28513
   28342
   28165
   28298
   27868
   27955
   28015
   27861
   27244
   27271
   27026
   27339
   27115
   27064
   27116
   26809
   26657
   26470
   26368
   26372
   26147
   26135
   26082
   25838
   25841
   25854
   25605
   25289
   25387
   25276
   24879
   24974
   24771
   24810
   24655
   24564
   24644
   24416
   24377
   24439
   24254
   24019
   23730
   23780
   23876
   23646
   23493
   23677
   23367
   23031
   23178
   22886
   23037
   22992
   22693
   22898
   22603
   22399
   22233
   22452
   22291
   22164
   22261
   22219
   21837
   21727
   21730
   21474
   21773
   21383
   21444
   21344
   21310
   21252
   21009
   21043
   20740
   20797
   20695
   20610
   20427
   20615
   20452
   20131
   20274
   20326
   20092
   19984
   19722
   20031
   20060
   19716
   19750
   19729
   19546
   19776
   19395
   19486
   19505
   19248
   19012
   19071
   18956
   18731
   18726
   18709
   18696
   18591
   18547
   18458
   18446
   18125
   18263
   18268
   18280
   18026
   18317
   18260
   17950
   17968
   17859
   17441
   17644
   17483
   17687
   17490
   17355
   17151
   17233
   17130
   17226
   17223
   16955
   17133
   16912
   16904
   16716
   16853
   16895
   16655
   16584
   16424
   16460
   16414
   16458
   16284
   16464
   16357
   15958
   16218
   15835
   16106
   15856
   15756
   15533
   15948
   15660
   15563
   15615
   15737
   15525
   15505
   15218
   15618
   15180
   15281
   15334
   15268
   15218
   15167
   15210
   14943
   14929
   15037
   14806
   14857
   14935
   14902
   14737
   14478
   14589
   14770
   14476
   14453
   14578
   14321
   14428
   14190
   14213
   14255
   14034
   14011
   13960
   13682
   13851
   13842
   13719
   13787
   13736
   13612
   13844
   13556
   13334
   13452
   13238
   13310
   13287
   13366
   13204
   13186
   13085
   12943
   12971
   13070
   12835
   12736
   12771
   12710
   12856
   12551
   12810
   12591
   12663
   12382
   12376
   12366
   12232
   12155
   12288
   12345
   12064
   12088
   12060
   11996
   11974
   11891
   11909
   11879
   11647
   11726
   11817
   11476
   11695
   11746
   11744
   11417
   11292
   11438
   11255
   11262
   11343
   11070
   11166
   11008
   11167
   11210
   10871
   10991
   11061
   10958
   10868
   10637
   10942
   10732
   10713
   10635
   10582
   10634
   10450
   10409
   10477
   10516
   10374
   10506
   10261
   10296
   10057
   10165
   10089
   10209
    9926
   10206
   10097
    9860
    9959
    9922
    9696
    9757
    9771
    9912
    9550
    9767
    9596
    9662
    9530
    9531
    9511
    9389
    9548
    9307
    9371
    9397
    9425
    9161
    9055
    9308
    9161
    9240
    9231
    9126
    9114
    8848
    8950
    8889
    9060
    8870
    8764
    8973
    8795
    8955
    8905
    8825
    8883
    8749
    8595
    8518
    8468
    8582
    8546
    8412
    8379
    8454
    8423
    8550
    8448
    8338
    8328
    8542
    8257
    8285
    8262
    8079
    8305
    8208
    8088
    8033
    8163
    7990
    7989
    7809
    7939
    7964
    7953
    7847
    7744
    7805
    7670
    7761
    7848
    7740
    7682
    7521
    7642
    7486
    7710
    7613
    7427
    7529
    7465
    7311
    7585
    7408
    7414
    7397
    7311
    7366
    7281
    7394
    7122
    7273
    7149
    7086
    7217
    7164
    7217
    7105
    7288
    6853
    6874
    6852
    7121
    6983
    6977
    6932
    6913
    6812
    6725
    6789
    6803
    6904
    6801
    6604
    6651
    6668
    6724
    6640
    6587
    6597
    6750
    6535
    6415
    6419
    6616
    6235
    6498
    6360
    6455
    6348
    6505
    6220
    6217
    6362
    6238
    6329
    6266
    6175
    6227
    6172
    6199
    6082
    6178
    5944
    6068
    6060
    6011
    6101
    5964
    6053
    6049
    5890
    5895
    5956
    5946
    5854
    5828
    5689
    5672
    5600
    5698
    5726
    5713
    5746
    5601
    5540
    5653
    5708
    5472
    5634
    5583
    5668
    5637
    5594
    5478
    5452
    5559
    5403
    5411
    5267
    5453
    5473
    5469
    5309
    5308
    5354
    5227
    5332
    5162
    5263
    5217
    5354
    5229
    5341
    5257
    5129
    5060
    4961
    5067
    5184
    5044
    4970
    5056
    5087
    5000
    4997
    4969
    5003
    4925
    4995
    4797
    4921
    5025
    4919
    4918
    4834
    4824
    4881
    4799
    4795
    4753
    4738
    4629
    4675
    4769
    4814
    4573
    4612
    4614
    4802
    4636
    4611
    4610
    4595
    4700
    4508
    4537
    4523
    4555
    4394
    4582
    4494
    4576
    4515
    4505
    4477
    4483
    4359
    4440
    4379
    4393
    4405
    4331
    4296
    4315
    4287
    4297
    4174
    4246
    4310
    4316
    4208
    4233
    4168
    4082
    4098
    4100
    4266
    4253
    4123
    4056
    4209
    4225
    4036
    4043
    3972
    4047
    4074
    3965
    3904
    3990
    3991
    4012
    3872
    3936
    3997
    3911
    3916
    3890
    3791
    3857
    3826
    3861
    3876
    3824
    3875
    3925
    3811
    3867
    3828
    3687
    3749
    3740
    3846
    3739
    3715
    3796
    3692
    3686
    3660
    3615
    3645
    3663
    3531
    3616
    3778
    3609
    3612
    3538
    3628
    3611
    3532
    3519
    3557
    3613
    3429
    3435
    3442
    3432
    3532
    3323
    3508
    3399
    3555
    3366
    3354
    3424
    3385
    3333
    3347
    3436
    3402
    3310
    3350
    3354
    3384
    3335
    3255
    3266
    3143
    3179
    3261
    3275
    3259
    3240
    3220
    3254
    3200
    3165
    3260
    3137
    3237
    3141
    3209
    3110
    3201
    3095
    3140
    3042
    3138
    3135
    3036
    3157
    3198
    2994
    3086
    3026
    3062
    3045
    3105
    2953
    3055
    3017
    2900
    2958
    2991
    3015
    2965
    2887
    3016
    3028
    2988
    2829
    2935
    2854
    2905
    2904
    2875
    2880
    2872
    2855
    2845
    2776
    2755
    2810
    2824
    2786
    2728
    2917
    2808
    2665
    2734
    2764
    2657
    2750
    2691
    2692
    2758
    2722
    2738
    2766
    2735
    2666
    2679
    2669
    2650
    2658
    2626
    2642
    2659
    2606
    2586
    2625
    2624
    2568
    2627
    2570
    2549
    2570
    2620
    2614
    2569
    2535
    2463
    2531
    2589
    2508
    2530
    2499
    2523
    2474
    2455
    2473
    2468
    2469
    2442
    2538
    2363
    2426
    2404
    2404
    2418
    2408
    2400
    2352
    2363
    2387
    2419
    2395
    2306
    2367
    2297
    2336
    2327
    2334
    2367
    2315
    2255
    2369
    2299
    2232
    2332
    2243
    2331
    2276
    2192
    2273
    2230
    2216
    2282
    2117
    2219
    2220
    2176
    2167
    2270
    2199
    2226
    2236
    2116
    2256
    2200
    2115
    2139
    2140
    2168
    2121
    2060
    2140
    2128
    2100
    2123
    2079
    2076
    2165
    2133
    2010
    2098
    2074
    2011
    2087
    2041
    2006
    2061
    1974
    2054
    2034
    1961
    2068
    2001
    1960
    1891
    1981
    1958
    1985
    1972
    2015
    1965
    1961
    1971
    2045
    1995
    1979
    1933
    1974
    1915
    1912
    1942
    1891
    1891
    1893
    1913
    1956
    1942
    1972
    1792
    1851
    1914
    1894
    1899
    1856
    1806
    1862
    1831
    1821
    1792
    1904
    1834
    1826
    1773
    1796
    1857
    1844
    1928
    1742
    1748
    1850
    1787
    1895
    1760
    1820
    1715
    1717
    1779
    1710
    1814
    1756
    1773
    1790
    1758
    1741
    1679
    1681
    1671
    1700
    1689
    1736
    1743
    1719
    1691
    1692
    1700
    1672
    1670
    1664
    1712
    1663
    1687
    1621
    1616
    1618
    1701
    1615
    1673
    1669
    1681
    1590
    1584
    1679
    1578
    1632
    1662
    1577
    1579
    1529
    1566
    1631
    1654
    1550
    1574
    1499
    1521
    1589
    1543
    1498
    1527
    1503
    1492
    1594
    1583
    1505
    1566
    1542
    1493
    1526
    1596
    1548
    1483
    1572
    1479
    1481
    1440
    1498
    1423
    1477
    1390
    1508
    1415
    1488
    1426
    1508
    1493
    1475
    1455
    1482
    1406
    1381
    1406
    1340
    1449
    1396
    1412
    1404
    1415
    1441
    1389
    1420
    1348
    1421
    1441
    1422
    1397
    1383
    1341
    1313
    1406
    1289
    1305
    1389
    1362
    1355
    1374
    1351
    1395
    1338
    1384
    1271
    1329
    1344
    1359
    1307
    1250
    1251
    1300
    1280
    1227
    1306
    1301
    1283
    1337
    1259
    1292
    1211
    1310
    1297
    1250
    1318
    1314
    1198
    1309
    1270
    1255
    1302
    1210
    1161
    1215
    1202
    1290
    1200
    1272
    1178
    1119
    1246
    1167
    1143
    1177
    1197
    1200
    1156
    1194
    1137
    1206
    1170
    1192
    1107
    1188
    1248
    1160
    1204
    1178
    1161
    1154
    1183
    1173
    1129
    1101
    1117
    1090
    1128
    1162
    1199
    1071
    1099
    1111
    1123
    1109
    1074
    1030
    1133
    1051
    1076
    1106
    1125
    1089
    1041
    1105
    1047
    1057
    1069
    1103
    1115
    1049
    1064
    1111
    1005
    1042
    1016
    1046
    1036
    1000
    1068
    1041
    1035
    1019
    1012
     996
    1055
    1016
     970
     974
     997
     955
    1011
    1041
     997
    1017
     992
     954
     979
    1018
    1009
     991
    1052
     975
     984
     966
    1009
     930
     915
     954
     946
     943
     959
     946
     966
     935
     985
     926
     983
     956
     955
     922
     938
     907
     871
     943
     874
     905
     916
     922
     848
     915
     928
     883
     905
     891
     827
     934
     876
     902
     892
     905
     857
     878
     872
     847
     916
     876
     848
     897
     888
     881
     838
     852
     838
     837
     865
     884
     870
     845
     876
     863
     848
     841
     840
     802
     814
     820
     836
     855
     789
     843
     843
     822
     751
     783
     805
     802
     741
     826
     841
     836
     801
     848
     813
     864
     823
     767
     769
     802
     802
     774
     787
     799
     799
     731
     759
     799
     788
     750
     775
     796
     771
     838
     808
     727
     774
     765
     724
     828
     791
     819
     757
     739
     730
     791
     749
     803
     790
     765
     771
     716
     732
     717
     762
     717
     717
     754
     733
     732
     700
     703
     687
     739
     723
     700
     700
     729
     751
     718
     693
     714
     666
     716
     724
     706
     700
     729
     695
     727
     711
     749
     687
     723
     709
     700
     694
     700
     693
     653
     712
     680
     695
     713
     698
     634
     689
     652
     662
     677
     660
     616
     630
     668
     694
     658
     687
     659
     672
     642
     630
     648
     688
     638
     620
     630
     610
     641
     646
     648
     630
     659
     667
     625
     632
     633
     625
     609
     611
     624
     618
     686
     593
     628
     599
     620
     630
     621
     570
     607
     568
     583
     559
     642
     545
     571
     633
     603
     643
     608
     625
     568
     616
     558
     594
     588
     611
     565
     575
     601
     539
     542
     537
     560
     589
     601
     562
     573
     535
     564
     545
     575
     563
     526
     533
     559
     566
     545
     586
     542
     589
     563
     559
     528
     565
     498
     531
     516
     539
     551
     547
     527
     511
     507
     543
     521
     487
     549
     536
     542
     532
     526
     501
     485
     531
     486
     522
     519
     473
     522
     453
     491
     516
     511
     492
     515
     498
     517
     486
     503
     487
     536
     514
     504
     465
     483
     498
     504
     485
     505
     522
     486
     451
     490
     538
     474
     454
     465
     477
     453
     464
     445
     436
     479
     486
     416
     467
     464
     450
     463
     502
     471
     422
     493
     436
     462
     422
     433
     417
     438
     424
     444
     431
     446
     435
     406
     490
     424
     445
     428
     419
     418
     432
     445
     442
     406
     439
     447
     392
     475
     460
     433
     414
     427
     407
     406
     414
     432
     424
     418
     414
     411
     396
     382
     396
     409
     424
     383
     436
     378
     399
     375
     447
     390
     405
     402
     418
     414
     406
     399
     368
     357
     376
     377
     420
     392
     342
     393
     376
     390
     385
     384
     382
     392
     367
     390
     335
     376
     373
     384
     359
     376
     370
     343
     394
     373
     359
     372
     330
     384
     360
     354
     368
     341
     380
     380
     363
     351
     333
     352
     375
     352
     358
     356
     334
     365
     368
     328
     326
     352
     312
     311
     341
     322
     310
     366
     350
     330
     334
     344
     313
     366
     349
     304
     338
     357
     311
     330
     313
     315
     337
     325
     316
     300
     324
     331
     311
     296
     300
     335
     326
     331
     286
     343
     292
     315
     307
     306
     315
     293
     315
     294
     306
     291
     297
     316
     304
     346
     333
     325
     271
     324
     312
     302
     290
     329
     289
     289
     282
     280
     305
     279
     324
     307
     291
     286
     270
     286
     275
     284
     283
     306
     291
     304
     285
     278
     269
     310
     276
     263
     289
     282
     277
     267
     301
     265
     288
     304
     291
     280
     303
     276
     281
     272
     271
     279
     315
     299
     300
     287
     290
     272
     255
     251
     253
     298
     273
     244
     296
     268
     311
     288
     266
     264
     283
     255
     274
     244
     292
     281
     272
     290
     277
     298
     260
     258
     275
     277
     286
     270
     282
     264
     250
     273
     283
     271
     291
     283
     259
     252
     249
     284
     269
     265
     273
     273
     264
     260
     243
     296
     318
     266
     264
     261
     263
     248
     273
     270
     265
     268
     295
     296
     296
     238
     250
     279
     287
     245
     247
     296
     251
     273
     274
     272
     268
     237
     246
     282
     260
     285
     266
     251
     270
     285
     286
     282
     263
     257
     270
     286
     256
     271
     256
     300
     290
     264
     287
     261
     292
     285
     274
     263
     266
     298
     284
     258
     285
     270
     257
     264
     262
     294
     280
     257
     287
     249
     270
     269
     264
     258
     268
     264
     267
     262
     257
     282
     282
     298
     281
     263
     272
     287
     273
     272
     291
     278
     285
     288
     277
     290
     283
     271
     298
     293
     268
     285
     272
     288
     248
     229
     259
     283
     274
     271
     271
     283
     297
     287
     296
     268
     304
     268
     286
     299
     295
     262
     310
     252
     285
     272
     286
     300
     300
     299
     310
     292
     279
     285
     293
     296
     293
     306
     263
     299
     293
     278
     269
     266
     261
     260
     292
     271
     299
     268
     282
     285
     263
     306
     283
     277
     287
     268
     271
     265
     305
     286
     297
     311
     304
     284
     274
     285
     295
     280
     270
     254
     282
     290
     321
     288
     295
     280
     276
     285
     256
     279
     308
     273
     279
     253
     255
     276
     282
     281
     285
     298
     288
     284
     253
     271
     248
     281
     262
     266
     294
     273
     235
     292
     271
     303
     273
     257
     273
     264
     265
     251
     307
     235
     235
     282
     225
     248
     251
     264
     253
     283
     288
     243
     256
     275
     259
     264
     271
     255
     253
     240
     280
     257
     282
     247
     228
     208
     245
     253
     256
     252
     195
     215
     239
     253
     244
     245
     245
     216
     225
     232
     267
     206
     197
     260
     272
     213
     236
     218
     204
     191
     248
     207
     215
     234
     222
     253
     232
     258
     211
     195
     209
     211
     218
     177
     197
     229
     202
     234
     213
     224
     181
     169
     213
     207
     203
     191
     178
     208
     178
     193
     203
     183
     164
     203
     170
     158
     198
     173
     218
     150
     174
     182
     157
     174
     169
     181
     176
     171
     149
     165
     162
     166
     156
     167
     154
     178
     158
     150
     159
     145
     145
     145
     161
     143
     161
     165
     171
     139
     145
     151
     153
     150
     124
     128
     118
     114
     124
     135
      98
     143
     132
     147
     140
     137
     139
     135
     142
     139
     113
     127
     114
     116
     134
     122
     111
     121
     128
     105
     128
     110
     119
     114
     125
     107
      94
      99
     115
     111
     100
     113
     114
     106
     100
     110
     100
     100
     105
      97
     107
     118
     104
     104
     124
      91
     100
      97
     108
     106
      94
      80
      90
      91
      91
      77
      78
      92
      91
      91
      99
      93
      90
      96
      92
      82
      87
     101
      89
      90
      78
     101
      97
     100
      94
      79
     108
     118
      96
     100
      82
      91
      70
     100
      85
      89
      79
      74
      75
      87
      95
      82
      80
      80
      91
      83
      64
      82
      61
      77
      82
      63
      68
      94
      70
      61
      51
      67
      83
      80
      76
      64
      69
      72
      82
      85
      63
      73
      57
      68
      76
      63
      85
      74
      63
      84
      56
      73
      75
      76
      60
      62
      62
      69
      75
      91
      64
      73
      72
      68
      83
      72
      72
      72
      59
      69
      68
      78
      78
      62
      59
      56
      57
      65
      69
      60
      71
      62
      86
      61
      48
      71
      77
      57
      70
      55
      71
      77
      80
      78
      63
      77
      62
      66
      60
      74
      70
      70
      73
      56
      60
      78
      54
      72
      61
      56
      49
      59
      67
      72
      79
      58
      64
      52
      61
      70
      52
      58
      74
      58
      64
      63
      69
      55
      70
      58
      50
      55
      68
      64
      69
      61
      70
      61
      49
      72
      58
      66
      62
      60
      71
      52
      65
      49
      69
      45
      71
      63
      70
      65
      53
      62
      61
      63
      63
      51
      58
      70
      73
      63
      51
      52
      53
      55
      52
      55
      71
      61
      54
      58
      48
      63
      56
      51
      58
      48
      51
      63
      65
      56
      61
      54
      55
      57
      59
      57
      54
      63
      63
      59
      66
      50
      58
      57
      45
      48
      49
      51
      68
      55
      47
      59
      55
      56
      58
      52
      42
      56
      56
      55
      57
      51
      53
      59
      52
      47
      65
      59
      49
      56
      52
      57
      52
      59
      59
      56
      52
      46
      70
      58
      65
      55
      57
      52
      51
      57
      54
      61
      41
      50
      54
      49
      51
      57
      57
      44
      46
      42
      57
      53
      45
      44
      56
      61
      52
      50
      52
      63
      61
      49
      49
      54
      51
      47
      60
      46
      55
      51
      34
      53
      56
      57
      45
      50
      34
      44
      46
      53
      47
      49
      46
      41
      60
      60
      58
      54
      58
      59
      52
      59
      51
      52
      51
      68
      48
      51
      55
      45
      39
      49
      38
      38
      60
      62
      57
      63
      44
      44
      42
      43
      49
      52
      43
      45
      60
      57
      44
      53
      45
      58
      51
      47
      52
      56
      59
      33
      51
      45
      38
      54
      58
      49
      51
      48
      44
      45
      45
      46
      43
      52
      42
      39
      39
      49
      50
      67
      51
      45
      47
      46
      29
      59
      47
      38
      44
      46
      53
      48
      55
      40
      49
      40
      41
      52
      48
      46
      44
      45
      44
      42
      37
      38
      48
      47
      47
      45
      35
      38
      49
      52
      47
      24
      45
      42
      48
      45
      41
      53
      38
      35
      44
      41
      43
      53
      43
      48
      43
      41
      33
      37
      47
      53
      32
      36
      50
      40
      31
      47
      48
      38
      54
      40
      36
      49
      32
      50
      34
      51
      30
      42
      36
      28
      35
      37
      47
      47
      27
      36
      36
      38
      47
      35
      33
      24
      39
      43
      29
      36
      44
      30
      37
      33
      38
      41
      34
      42
      38
      37
      35
      40
      25
      43
      38
      39
      39
      29
      26
      28
      44
      36
      55
      43
      33
      41
      33
      40
      37
      40
      32
      31
      40
      33
      33
      31
      24
      25
      39
      36
      35
      28
      31
      33
      33
      31
      36
      40
      24
      34
      47
      34
      35
      29
      23
      34
      34
      42
      33
      47
      25
      29
      35
      29
      26
      50
      28
      35
      32
      23
      25
      27
      29
      29
      26
      34
      39
      38
      34
      22
      32
      38
      35
      27
      25
      27
      23
      20
      31
      36
      34
      29
      29
      20
      32
      31
      21
      36
      25
      20
      31
      23
      22
      16
      28
      39
      37
      23
      31
      21
      26
      33
      32
      27
      32
      24
      31
      26
      35
      28
      27
      32
      23
      28
      31
      27
      19
      22
      29
      26
      27
      29
      29
      34
      19
      29
      25
      33
      27
      23
      33
      29
      28
      33
      23
      29
      32
      25
      41
      26
      26
      23
      31
      20
      26
      28
      21
      26
      30
      20
      33
      21
      17
      22
      25
      17
      29
      32
      23
      25
      20
      31
      31
      17
      18
      29
      29
      22
      27
      36
      25
      25
      23
      25
      23
      24
      28
      30
      27
      33
      25
      33
      27
      27
      26
      21
      26
      26
      11
      26
      19
      20
      31
      24
      27
      23
      31
      35
      31
      28
      23
      17
      22
      25
      29
      31
      34
      22
      24
      24
      27
      15
      22
      20
      24
      22
      22
      34
      31
      33
      25
      30
      29
      24
      18
      29
      15
      19
      18
      20
      35
      31
      29
      23
      32
      23
      18
      28
      23
      20
      23
      30
      28
      24
      28
      27
      25
      22
      35
      24
      22
      33
      25
      18
      31
      27
      25
      20
      17
      24
      26
      27
      21
      28
      34
      21
      23
      22
      26
      21
      24
      28
      16
      17
      23
      31
      32
      28
      15
      30
      24
      23
      14
      23
      16
      31
      23
      19
      22
      15
      36
      23
      23
      22
      27
      15
      22
      25
      24
      23
      28
      27
      23
      21
      23
      24
      21
      23
      24
      25
      26
      26
      24
      17
      25
      31
      19
      29
      30
      23
      34
      22
      28
      15
      21
      30
      24
      30
      17
      26
      25
      25
      33
      21
      33
      21
      25
      24
      20
      19
      22
      28
      18
      21
      23
      20
      18
      22
      33
      17
      27
      29
      18
      31
      34
      32
      25
      26
      20
      26
      26
      20
      18
      28
      31
      30
      28
      27
      21
      24
      26
      20
      29
      21
      23
      30
      23
      21
      32
      27
      22
      25
      30
      33
      21
      29
      29
      13
      24
      16
      27
      25
      32
      25
      24
      26
      25
      22
      32
      20
      24
      26
      34
      25
      28
      34
      16
      17
      22
      21
      29
      19
      23
      32
      20
      24
      22
      21
      27
      17
      37
      18
      19
      20
      30
      26
      35
      30
      19
      32
      24
      29
      15
      31
      25
      36
      25
      23
      30
      30
      24
      30
      32
      21
      27
      23
      26
      21
      21
      27
      34
      31
      35
      24
      27
      24
      26
      25
      22
      24
      24
      20
      24
      27
      28
      29
      31
      25
      36
      26
      17
      20
      26
      31
      22
      32
      26
      39
      27
      22
      21
      26
      27
      33
      32
      29
      18
      27
      16
      25
      17
      29
      22
      23
      29
      26
      23
      32
      25
      24
      23
      23
      33
      33
      32
      28
      46
      22
      40
      24
      34
      41
      28
      23
      26
      35
      29
      26
      19
      26
      31
      17
      21
      27
      25
      27
      28
      20
      24
      28
      18
      32
      20
      19
      21
      33
      26
      29
      20
      33
      12
      25
      32
      22
      22
      25
      24
      24
      20
      13
      28
      34
      20
      24
      31
      19
      28
      23
      26
      21
      26
      27
      31
      24
      25
      19
      24
      37
      33
      33
      36
      21
      29
      28
      19
      18
      28
      16
      34
      11
      26
      33
      24
      21
      20
      32
      19
      24
      25
      26
      27
      24
      38
      25
      19
      19
      22
      20
      28
      21
      32
      23
      22
      24
      31
      22
      22
      34
      25
      22
      24
      23
      22
      23
      24
      30
      25
      27
      32
      25
      17
      27
      20
      27
      17
      22
      26
      14
      21
      30
      21
      34
      28
      25
      23
      25
      19
      31
      21
      20
      28
      25
      24
      30
      21
      20
      18
      26
      23
      20
      23
      28
      30
      15
      21
      19
      31
      28
      25
      23
      20
      26
      25
      23
      23
      23
      18
      10
      26
      20
      22
      19
      27
      26
      20
      27
      25
      26
      24
      16
      21
      11
      14
      26
      22
      16
      19
      15
      20
      20
      15
      19
      15
      25
      19
      20
      26
      28
      29
      22
      27
      30
      21
      23
      11
      30
      10
      20
      24
      18
      20
      15
      17
      18
      18
      28
      30
      24
      20
      19
      23
      14
      22
      13
      35
      22
      19
      22
      25
      14
      26
      17
      26
      18
      17
       9
      25
      15
      20
      23
      20
      16
      14
      21
      20
      19
      19
      17
      19
      26
      22
      18
      18
      20
      14
      16
      23
      17
      17
      25
      14
      20
      21
      14
      23
      22
      20
      18
      21
      25
      15
       8
      13
      24
      20
      23
      17
      13
      16
      16
      22
      18
      21
      14
      23
      21
      20
      16
       5
      22
      11
      20
      20
       9
      22
      21
      16
      21
      17
      20
       9
      18
      20
      20
      12
      15
      17
      12
      19
      16
      25
      15
      15
      17
      13
      14
      21
      26
      12
      19
      15
      14
      20
      12
      17
      12
      10
       9
      18
      14
      16
      19
      16
      12
      23
      11
      17
      20
      14
      18
      24
      21
      11
      20
      18
      21
      16
      10
      22
      13
      15
       9
      20
      15
      10
      13
      18
      14
      13
      14
      19
      11
      22
      14
      25
      20
      15
      21
      23
      16
      17
      17
      21
      14
      17
      14
      16
      20
      15
      13
      16
      18
      17
      20
      17
      18
      15
       9
      19
      13
      17
      15
      16
      17
      15
      15
      18
      15
      27
      15
      13
       8
      21
      20
       9
      16
      12
      14
      11
      16
      20
      15
      14
      11
      21
      12
       7
      19
      16
      10
      13
      16
      12
      15
      18
      17
      10
      13
      11
      13
      20
      14
      10
      11
      13
       9
      16
      12
       4
      13
      17
      20
      17
       9
      12
      12
      11
      11
      16
      15
      12
      11
      13
      14
      14
      12
      16
      14
      13
      13
      21
      15
      15
      19
       8
      16
       8
      13
      17
      16
       9
      18
       9
      14
       9
      16
      13
      16
       8
      13
       9
      15
      21
      13
      14
      13
      21
      15
      11
      18
      12
      18
      15
      13
      18
      11
      12
      10
       8
      12
      15
      12
      14
      10
       9
      11
      12
      14
      10
      11
      17
      12
       9
      16
      17
      13
      15
      13
      11
      10
      10
      19
      17
      17
      18
       9
      15
      10
      17
      11
      13
      11
      10
      10
      23
      15
      10
       7
      18
      13
      13
      19
      13
      13
       7
      10
      19
      16
      18
      17
      14
      11
      11
      16
      15
       7
      21
       9
      20
      10
      14
       9
      14
      14
       5
      15
       8
      11
      13
      14
      14
      15
      15
       9
      13
      10
      13
      10
      12
      11
      12
       9
      10
       9
      12
      15
      14
      12
       7
      13
      16
      21
      10
      22
      11
      12
       8
      12
      12
       9
      16
      16
      14
      19
      16
      13
      12
      13
      10
      16
      20
      12
      13
      13
      12
      10
      12
      18
      22
      14
      12
      16
      13
      17
      10
      13
      15
      18
      10
      12
      17
      13
      17
       9
      15
      10
      21
      13
      11
       9
      11
      19
       8
      14
      14
      11
      20
      17
      15
      10
      15
      10
      15
      18
      18
      14
      12
      18
      13
      15
      18
       9
      18
      14
      19
      12
      10
      15
      19
      10
      15
      13
      16
      16
      10
      13
      14
      11
      16
      13
      20
      17
      16
      11
      13
      14
       9
      18
      15
      16
       8
      12
      12
      20
      18
      11
      10
      17
       9
      12
      19
      17
      12
      20
      10
      12
      15
      16
      11
      13
      10
      20
      19
      18
      14
      21
      19
      18
      11
      18
      22
      17
      12
      13
      18
      10
      22
      18
      17
      23
      20
      12
      16
      14
      14
      19
      11
      20
      24
      22
      11
      12
      13
      17
      19
      17
      18
      16
      16
      28
      15
      13
      19
      15
      17
      19
      19
      21
      14
      18
      22
      21
      25
      18
      16
      20
      22
      22
      28
      18
      17
      12
      15
      15
      19
      12
       8
      19
      29
      20
      15
      13
      21
      19
      24
      16
      17
      12
      17
      14
      25
      12
      20
      18
      16
      20
      13
      13
      15
      21
      14
      14
      20
      13
      22
      18
      20
      14
      17
      18
      21
      14
      18
      19
      20
      15
      19
      21
      23
      21
      15
      19
      13
      18
      20
      18
      18
      10
      13
      24
      19
      14
      12
      22
      11
      14
      13
      20
      13
      15
      21
      14
       8
      15
      27
      19
      13
      17
      11
      15
      15
      16
      19
      18
      17
      25
      19
      15
      12
      17
      19
      18
      24
      16
      15
      28
      13
      24
      21
      16
      22
      28
      14
       7
      21
      24
      20
      21
      18
      15
      12
      14
      19
      19
      24
      15
      24
      22
      15
      21
      13
      17
      18
      20
      17
      21
      23
      10
      23
      15
      10
      12
      21
      14
      20
      26
      17
      24
      18
      11
      19
      16
      22
      11
      20
      19
      17
      17
      22
      20
      20
      13
      14
      14
      21
      21
       9
      14
      14
      16
      14
      12
      18
      15
      15
      22
      11
      16
      19
      18
       8
      19
      22
      12
      10
      11
      20
      14
      19
      12
      14
      14
      23
      21
      15
      18
      17
       9
      13
       9
      19
       7
       8
      11
      17
      17
      19
      10
       8
      11
      11
      18
      12
      12
      14
      16
      13
      20
      11
      15
      13
      11
      13
       5
       9
      10
      12
      14
      16
       9
      13
      16
      11
      22
      14
      13
      12
       9
       9
      14
      11
       8
      17
      14
      10
       9
      16
      14
      12
      11
       9
       9
       9
      17
       6
      10
      12
      11
       8
      13
      12
       6
       6
       6
      12
       9
       5
      12
       5
       9
      11
       7
       5
       6
       6
       8
       7
      14
       9
      13
       8
       6
       9
       8
      12
      12
      10
      11
       8
       6
       4
      11
       6
       4
      13
       8
      12
      10
       5
       8
      11
       7
      13
       5
       6
       8
      15
      10
       7
       4
      10
      11
       8
       5
       8
      11
      10
       5
       7
      10
      10
       8
       6
       7
       8
       6
       9
       8
       8
       4
       2
       2
       8
       5
       5
       4
       7
       8
       7
       6
       2
       4
       4
       6
       1
       4
       5
       4
       9
       7
       7
       4
       2
       4
       2
       7
       8
       6
       4
       3
       2
       6
       7
       9
       8
       5
       7
       6
       1
       3
       4
       2
       1
      11
       2
       1
       5
       3
       5
       6
       2
       4
       5
       7
       6
       7
       4
       5
       4
       6
       5
       5
       2
       7
       5
       3
       3
       3
       4
       2
       3
       2
       1
       3
       4
       6
       2
       5
       3
       4
       6
       5
       4
       4
       3
       2
       3
       4
       3
       9
       3
       5
       0
       5
       5
       5
       3
       2
       6
       0
       6
      10
       3
       4
       3
       3
       2
       2
       4
       3
       1
       2
       2
       5
       6
       3
       0
       3
       4
       6
       4
       3
       5
       1
       2
       2
       3
       2
       6
       5
       4
       1
       1
       2
       2
       1
       2
       2
       1
       5
       5
       2
       2
       4
       2
       2
       3
       3
       1
       2
       5
       3
       0
       1
       2
       5
       3
       4
       2
       1
       1
       5
       5
       1
       1
       3
       4
       2
       2
       2
       4
       1
       5
       4
       4
       1
       0
       4
       2
       5
       2
       5
       4
       5
       4
       2
       1
       3
       1
       5
       1
       4
       3
       0
       4
       1
       3
       8
       3
       5
       5
       0
       5
       6
       4
       5
       4
       1
       1
       4
       3
       3
       4
       2
       5
       4
       5
       4
       5
       3
       0
       3
       0
       3
       0
       3
       2
       4
       0
       4
       3
       0
       9
       4
       3
       3
       4
       7
       1
       1
       4
       3
       4
       5
       6
       8
       6
       2
       5
       2
       2
       3
       1
       2
       4
       4
       1
       2
       3
       4
       4
       4
       1
       3
       5
       3
       3
       3
       5
       6
       1
       2
       3
       1
       3
       3
       1
       4
       3
       3
       5
       2
       1
       4
       4
       2
       2
       2
       1
       5
       7
       2
       3
       2
       1
       2
       3
       2
       3
       4
       1
       4
       1
       2
       2
       0
       4
       3
       2
       3
       1
       3
       1
       0
       0
       3
       3
       7
       4
       1
       2
       7
       4
       1
       2
       1
       1
       5
       1
       4
       6
       3
       5
       2
       8
       0
       2
       4
       3
       2
       2
       5
       2
       0
       6
       0
       3
       7
       2
       1
       4
       1
       4
       2
       4
       1
       2
       4
       1
       1
       3
       3
       3
       6
       2
       1
       3
       5
       1
       2
       6
       0
       5
       4
       2
       3
       4
       1
       2
       0
       2
       1
       6
       3
       4
       5
       3
       0
       4
       1
       4
       4
       9
       2
       1
       2
       0
       2
       3
       2
       3
       3
       3
       2
       6
       3
       1
       4
       3
       1
       1
       2
       3
       4
       4
       2
       1
       4
       1
       3
       4
       4
       3
       1
       4
       2
       1
       4
       5
       3
       6
       5
       7
       2
       4
       2
       2
       3
       0
       3
       3
       2
       4
       3
       1
       7
       2
       1
       1
       2
       1
       2
       3
       5
       0
       3
       1
       4
       5
       3
       4
       2
       8
       2
       2
       1
       0
       6
       3
       2
       2
       3
       2
       4
       4
       7
       3
       1
       4
       4
       5
       5
       2
       0
       3
       4
       4
       4
       2
       2
       2
       3
       3
       1
       4
       6
       6
       2
       4
       3
       2
       3
       1
       2
       5
       2
       2
       4
       3
       3
       3
       2
       1
       4
       2
       4
       5
       3
       1
       2
       2
       6
       5
       5
       1
       4
       2
       3
       3
       3
       2
       4
       1
       2
       3
       4
       0
      12
       3
       2
       3
       3
       2
       3
       1
       5
       1
       2
       4
       4
       0
       0
       2
       2
       2
       5
       1
       2
       2
       1
       2
       3
       1
       3
       4
       3
       2
       2
       5
       1
       0
       1
       0
       3
       6
       2
       3
       3
       2
       6
       2
       7
       3
       7
       0
       1
       3
       1
       3
       0
       1
       6
       1
       4
       3
       0
       6
       4
       2
       1
       2
       2
       4
       5
       4
       3
       3
       6
       1
       3
       1
       1
       4
       1
       3
       4
       2
       4
       1
       2
       5
       2
       4
       2
       3
       3
       2
       2
       0
       2
       3
       3
       1
       1
       3
       3
       4
       3
       0
       2
       4
       3
       2
       2
       2
       6
       4
       1
       4
       1
       3
       2
       3
       5
       2
       1
       5
       3
       0
       3
       0
       0
       5
       6
       4
       5
       4
       5
       2
       2
       1
       2
       1
       2
       2
       1
       3
       3
       1
       3
       1
       4
       5
       3
       1
       2
       2
       1
       1
       4
       2
       1
       0
       3
       1
       4
       3
       1
       3
       0
       3
       3
       2
       2
       2
       5
       2
       2
       2
       2
       3
       1
       1
       1
       1
       2
       6
       2
       2
       6
       2
       5
       5
       4
       3
       2
       1
       0
       1
       1
       2
       3
       3
       5
       2
       1
       3
       1
       0
       2
       1
       0
       2
       2
       2
       1
       4
       2
       4
       2
       2
       4
       2
       3
       6
       0
       2
       4
       2
       1
       2
       2
       7
       2
       3
       2
       6
       2
       4
       2
       0
       5
       2
       2
       1
       2
       2
       5
       2
       3
       3
       2
       3
       0
       1
       1
       6
       0
       2
       2
       1
       2
       4
       0
       2
       1
       0
       2
       5
       6
       2
       5
       8
       2
       1
       3
       2
       4
       3
       0
       1
       0
       5
       1
       2
       2
       7
       4
       3
       1
       4
       3
       7
       3
       1
       2
       1
       1
       2
       3
       3
       2
       3
       3
       1
       2
       1
       2
       1
       3
       3
       3
       2
       4
       1
       0
       0
       3
       4
       3
       2
       3
       0
       2
       2
       0
       1
       2
       2
       5
       2
       3
       6
       2
       2
       7
       3
       4
       3
       2
       2
       1
       5
       5
       1
       4
       1
       3
       1
       2
       2
       4
       0
       1
       0
       3
       1
       5
       2
       6
       4
       3
       5
       1
       3
       2
       1
       1
       1
       2
       3
       4
       1
       2
       4
       2
       2
       2
       0
       2
       2
       3
       0
       1
       2
       3
       4
       1
       1
       2
       2
       3
       3
       1
       3
       2
       2
       2
       1
       2
       1
       2
       2
       3
       2
       1
       2
       6
       6
       1
       0
       0
       0
       0
       3
       3
       1
       5
       3
       0
       1
       3
       1
       2
       2
       5
       3
       1
       3
       4
       1
       4
       1
       4
       1
       3
       4
       2
       1
       2
       3
       3
       2
       1
       2
       5
       1
       2
       4
       6
       2
       3
       4
       2
       4
       1
       1
       3
       0
       3
       3
       3
       3
       8
       3
       3
       1
       1
       3
       4
       2
       3
       3
       3
       2
       1
       1
       2
       3
       2
       2
       3
       1
       2
       1
       2
       1
       1
       6
       4
       2
       3
       3
       4
       4
       2
       3
       2
       1
       1
       1
       2
       3
       2
       6
       3
       1
       5
       3
       3
       2
       2
       3
       2
       3
       0
       3
       4
       2
       3
       2
       1
       3
       1
       0
       7
       2
       2
       1
       4
       5
       1
       3
       2
       3
       3
       1
       0
       3
       0
       1
       2
       1
       2
       4
       2
       2
       1
       2
       1
       0
       1
       2
       0
       1
       3
       9
       1
       1
       2
       2
       1
       3
       1
       5
       3
       2
       0
       3
       4
       4
       4
       3
       2
       2
       1
       3
       1
       2
       3
       1
       4
       3
       3
       1
       0
       1
       0
       2
       3
       1
       3
       3
       1
       2
       5
       5
       1
       1
       6
       2
       2
       2
       2
       0
       1
       1
       0
       1
       3
       4
       2
       1
       2
       1
       6
       4
       7
       3
       1
       1
       3
       2
       1
       2
       4
       2
       2
       2
       1
       1
       2
       2
       2
       1
       2
       0
       3
       0
       2
       1
       5
       1
       6
       3
       1
       4
       5
       1
       2
       1
       3
       2
       5
       1
       2
       4
       3
       8
       3
       3
       5
       3
       4
       1
       4
       4
       3
       4
       1
       0
       1
       4
       3
       5
       5
       2
       3
       2
       1
       2
       1
       2
       0
       1
       5
       2
       2
       4
       1
       1
       1
       2
       1
       0
       3
       0
       1
       3
       0
       3
       2
       3
       2
       2
       0
       0
       4
       0
       0
       2
       4
       1
       1
       0
       2
       2
       0
       1
       1
       2
       3
       4
       3
       0
       4
       0
       5
       2
       2
       1
       2
       1
       2
       4
       3
       4
       2
       2
       4
       5
       1
       3
       3
       2
       1
       1
       1
       4
       1
       5
       1
       3
       3
       1
       1
       3
       3
       1
       2
       3
       1
       6
       3
       2
       3
       1
       1
       3
       1
       2
       2
       2
       0
       1
       3
       2
       1
       3
       1
       0
       2
       1
       1
       2
       2
       4
       2
       2
       0
       3
       0
       3
       1
       1
       2
       4
       1
       2
       3
       1
       4
       4
       4
       0
       5
       4
       3
       2
       2
       4
       5
       3
       1
       2
       4
       2
       2
       1
       2
       1
       0
       2
       3
       3
       3
       2
       1
       0
       3
       2
       6
       4
       1
       2
       2
       0
       1
       5
       4
       1
       3
       1
       3
       6
       2
       1
       3
       4
       1
       5
       0
       3
       3
       1
       2
       4
       1
       1
       2
       3
       5
       1
       3
       5
       3
       4
       1
       3
       0
       3
       1
       4
       3
       4
       4
       3
       2
       4
       2
       2
       3
       1
       1
       3
       0
       2
       2
       3
       5
       2
       4
       0
       3
       2
       1
       1
       2
       3
       1
       3
       5
       1
       3
       1
       2
       4
       3
       5
       3
       2
       4
       3
       4
       1
       4
       0
       3
       0
       3
       0
       3
       2
       4
       4
       1
       3
       2
       3
       1
       1
       3
       2
       2
       3
       0
       2
       2
       2
       1
       3
       1
       2
       1
       0
       4
       3
       4
       2
       2
       3
       2
       1
       1
       1
       2
       0
       2
       1
       3
       1
       3
       0
       7
       1
       0
       2
       2
       4
       2
       1
       1
       2
       3
       2
       3
       3
       2
       3
       2
       1
       3
       0
       4
       2
       0
       2
       4
       4
       4
       2
       2
       6
       0
       5
       0
       0
       3
       2
       2
       4
       1
       5
       3
       2
       2
       2
       1
       1
       2
       1
       1
       1
       3
       3
       1
       2
       0
       1
       5
       0
       0
       3
       1
       1
       1
       4
       5
       1
       2
       4
       3
       0
       0
       2
       4
       1
       1
       1
       2
       1
       0
       3
       3
       1
       1
       1
       3
       3
       2
       2
       3
       6
       5
       1
       3
       2
       4
       1
       6
       6
       2
       4
       3
       2
       2
       3
       1
       4
       2
       3
       3
       4
       4
       2
       0
       2
       1
       5
       3
       1
       3
       1
       2
       2
       3
       1
       5
       8
       3
       4
       1
       3
       0
       2
       3
       1
       2
       2
       1
       2
       3
       3
       4
       4
       1
       2
       2
       1
       0
       3
       1
       1
       1
       4
       0
       1
       1
       3
       2
       1
       2
       5
       2
       6
       3
       4
       0
       3
       3
       0
       1
       3
       1
       2
       2
       1
       2
       1
       2
       2
       3
       2
       3
       4
       4
       3
       3
       2
       0
       2
       3
       3
       2
       2
       1
       1
       1
       1
       2
       0
       2
       5
       3
       1
       3
       5
       1
       3
       1
       4
       3
       0
       4
       3
       3
       3
       2
       1
       0
       5
       3
       1
       1
       4
       1
       1
       2
       1
       2
       2
       1
       1
       1
       0
       1
       1
       3
       1
       1
       0
       1
       3
       2
       0
       4
       1
       1
       2
       3
       4
       1
       2
       1
       1
       1
       2
       3
       3
       1
       1
       1
       2
       1
       4
       4
       2
       0
       4
       1
       2
       2
       3
       0
       2
       2
       2
       0
       4
       1
       6
       2
       4
       2
       6
       3
       3
       1
       2
       1
       3
       2
       4
       2
       1
       4
       1
       2
       4
       2
       0
       1
       3
       2
       2
       0
       0
       1
       0
       3
       1
       1
       1
       1
       1
       2
       2
       3
       2
       2
       1
       1
       3
       3
       3
       2
       4
       0
       2
       3
       1
       3
       2
       2
       0
       0
       1
       2
       3
       5
       2
       3
       2
       0
       2
       3
       2
       3
       0
       0
       1
       2
       2
       2
       1
       2
       1
       0
       1
       0
       1
       3
       1
       0
       1
       0
       1
       3
       4
       4
       2
       3
       2
       1
       4
       1
       1
       1
       4
       1
       3
       2
       1
       1
       2
       3
       4
       3
       3
       2
       2
       1
       0
       3
       2
       5
       1
       0
       3
       1
       4
       2
       3
       1
       2
       1
       3
       1
       0
       0
       1
       6
       0
       1
       4
       2
       5
       1
       3
       1
       2
       0
       2
       1
       1
       0
       1
       1
       4
       3
       1
       2
       0
       1
       2
       2
       2
       2
       2
       6
       3
       2
       0
       3
       2
       2
       3
       3
       1
       5
       0
       2
       1
       2
       0
       1
       3
       2
       0
       1
       1
       4
       2
       2
       2
       2
       1
       1
       5
       1
       1
       2
       1
       2
       2
       2
       1
       4
       2
       2
       2
       4
       2
       1
       3
       0
       2
       1
       2
       3
       3
       1
       1
       3
       2
       3
       4
       3
       0
       1
       1
       2
       1
       2
       1
       1
       2
       2
       4
       0
       4
       2
       2
       1
       3
       1
       0
       1
       3
       1
       5
       0
       1
       3
       2
       2
       2
       3
       5
       0
       0
       1
       0
       0
       1
       3
       3
       3
       3
       3
       0
       1
       2
       3
       2
       3
       2
       2
       3
       1
       2
       2
       3
       4
       2
       1
       0
       2
       1
       0
       5
       0
       5
       2
       2
       2
       1
       2
       0
       4
       6
       3
       2
       1
       5
       2
       2
       4
       0
       1
       6
       3
       0
       3
       1
       3
       1
       0
       0
       3
       2
       2
       0
       3
       2
       0
       2
       2
       3
       0
       0
       2
       2
       1
       0
       3
       2
       4
       2
       2
       3
       1
       2
       3
       3
       3
       0
       1
       0
       1
       1
       3
       3
       4
       5
       1
       2
       3
       0
       1
       3
       3
       0
       1
       1
       2
       4
       0
       5
       2
       2
       1
       5
       2
       1
       0
       1
       4
       2
       1
       1
       2
       1
       4
       2
       0
       1
       2
       5
       2
       3
       3
       3
       1
       3
       4
       0
       3
       1
       1
       2
       2
       3
       1
       1
       1
       3
       1
       6
       1
       2
       0
       5
       1
       1
       2
       0
       4
       5
       3
       0
       0
       2
       3
       2
       0
       2
       2
       0
       2
       4
       3
       0
       2
       1
       1
       3
       0
       1
       1
       2
       2
       1
       2
       2
       2
       1
       2
       3
       1
       5
       2
       0
       1
       1
       5
       1
       2
       0
       2
       3
       2
       1
       2
       2
       3
       0
       1
       2
       2
       1
       3
       1
       2
       2
       3
       2
       2
       1
       3
       0
       0
       0
       5
       2
       3
       2
       1
       3
       0
       0
       2
       3
       2
       1
       2
       4
       1
       1
       0
       2
       1
       4
       1
       1
       1
       2
       1
       3
       4
       0
       1
       5
       1
       0
       2
       3
       1
       1
       2
       0
       2
       3
       2
       1
       1
       1
       3
       1
       7
       3
       2
       0
       1
       2
       3
       1
       3
       0
       0
       2
       0
       1
       1
       0
       1
       5
       3
       2
       2
       1
       4
       3
       1
       1
       3
       2
       2
       3
       2
       1
       1
       4
       1
       2
       0
       0
       2
       6
       1
       1
       4
       2
       2
       2
       0
       3
       1
       0
       0
       3
       0
       0
       3
       4
       0
       2
       1
       0
       2
       1
       2
       0
       6
       2
       1
       1
       1
       3
       2
       2
       4
       1
       1
       1
       1
       5
       1
       1
       2
       3
       1
       3
       3
       1
       1
       2
       2
       2
       0
       1
       0
       3
       2
       0
       1
       2
       0
       1
       1
       6
       0
       1
       3
       2
       1
       1
       2
       4
       1
       2
       3
       0
       2
       0
       3
       2
       0
       1
       2
       2
       4
       4
       0
       1
       2
       3
       0
       0
       1
       2
       3
       2
       1
       2
       0
       5
       4
       1
       0
       3
       4
       1
       1
       2
       2
       1
       3
       6
       1
       4
       1
       3
       4
       2
       3
       1
       1
       2
       3
       0
       2
       1
       0
       1
       0
       0
       2
       2
       1
       3
       2
       3
       0
       4
       0
       2
       3
       2
       2
       2
       2
       2
       0
       0
       1
       3
       0
       2
       2
       2
       1
       4
       1
       1
       4
       2
       2
       1
       1
       1
       2
       2
       2
       2
       2
       2
       3
       0
       6
       0
       3
       1
       1
       0
       5
       1
       1
       1
       1
       0
       2
       2
       2
       1
       3
       0
       3
       2
       1
       3
       1
       2
       0
       0
       0
       3
       2
       1
       0
       0
       0
       1
       0
       0
       1
       1
       3
       0
       3
       0
       2
       1
       1
       6
       4
       1
       0
       2
       3
       3
       1
       1
       0
       2
       2
       4
       2
       2
       0
       6
       0
       0
       6
       1
       3
       1
       2
       2
       3
       1
       0
       4
       4
       1
       0
       3
       0
       2
       1
       1
       1
       1
       1
       2
       2
       3
       1
       2
       1
       1
       0
       1
       1
       1
       0
       3
       2
       2
       2
       2
       1
       3
       2
       2
       1
       3
       2
       4
       1
       0
       4
       1
       1
       0
       1
       5
       1
       1
       3
       1
       1
       1
       0
       1
       1
       0
       5
       1
       1
       2
       0
       4
       2
       0
       0
       2
       3
       2
       0
       1
       3
       1
       7
       1
       0
       1
       3
       1
       1
       2
       3
       1
       2
       1
       2
       3
       2
       4
       3
       2
       1
       0
       0
       0
       2
       2
       5
       3
       1
       4
       1
       2
       2
       2
       5
       2
       3
       4
       2
       1
       1
       4
       2
       0
       1
       3
       2
       0
       1
       3
       1
       2
       0
       2
       1
       1
       3
       2
       3
       1
       3
       2
       2
       1
       1
       2
       2
       2
       2
       3
       4
       2
       0
       1
       1
       2
       2
       1
       0
       6
       2
       4
       3
       1
       1
       2
       2
       1
       2
       4
       1
       2
       1
       1
       4
       0
       2
       1
       3
       0
       3
       3
       1
       2
       2
       3
       1
       3
       1
       2
       3
       2
       4
       3
       1
       0
       1
       1
       0
       2
       1
       3
       3
       2
       2
       1
       0
       2
       2
       0
       0
       4
       0
       6
       1
       1
       2
       2
       5
       1
       2
       1
       3
       0
       3
       2
       5
       4
       1
       1
       1
       6
       0
       0
       3
       2
       0
       0
       4
       3
       2
       5
       0
       2
       0
       1
       3
       0
       3
       2
       2
       3
       5
       0
       4
       1
       3
       2
       3
       3
       2
       0
       1
       0
       4
       2
       0
       1
       2
       2
       1
       1
       0
       2
       0
       1
       2
       0
       3
       1
       1
       2
       1
       3
       4
       1
       1
       2
       0
       1
       3
       4
       1
       2
       2
       1
       0
       3
       1
       5
       1
       4
       2
       4
       2
       3
       2
       1
       1
       0
       1
       2
       3
       0
       4
       2
       1
       1
       2
       1
       5
       4
       2
       2
       2
       2
       1
       1
       3
       0
       3
       5
       1
       1
       2
       1
       0
       0
       0
       1
       4
       1
       2
       2
       1
       2
       3
       2
       2
       1
       3
       1
       1
       1
       1
       3
       2
       1
       1
       1
       5
       1
       0
       5
       1
       2
       3
       1
       0
       3
       6
       0
       3
       2
       1
       2
       0
       2
       4
       1
       0
       5
       2
       4
       1
       0
       2
       1
       0
       2
       4
       1
       1
       3
       1
       2
       3
       2
       1
       1
       1
       0
       1
       0
       1
       1
       3
       0
       1
       4
       2
       3
       1
       3
       1
       0
       0
       1
       2
       0
       2
       1
       1
       1
       0
       2
       0
       2
       2
       5
       4
       0
       2
       1
       1
       1
       3
       3
       2
       1
       2
       1
       3
       4
       2
       4
       1
       2
       3
       1
       0
       3
       1
       2
       4
       1
       1
       2
       1
       2
       1
       8
       4
       5
       3
       0
       2
       0
       0
       1
       1
       1
       1
       3
       1
       2
       3
       5
       4
       1
       3
       1
       0
       1
       2
       1
       2
       1
       2
       2
       2
       0
       2
       1
       0
       1
       4
       0
       3
       1
       1
       2
       0
       5
       2
       2
       2
       1
       3
       1
       3
       5
       0
       1
       0
       2
       3
       1
       1
       1
       0
       3
       1
       0
       0
       1
       1
       1
       0
       1
       2
       3
       0
       0
       5
       1
       2
       2
       2
       2
       1
       0
       4
       0
       0
       1
       0
       0
       1
       2
       1
       1
       4
       2
       0
       0
       5
       3
       2
       5
       2
       0
       2
       0
       3
       3
       2
       1
       2
       3
       2
       2
       0
       0
       5
       1
       3
       3
       2
       0
       0
       2
       0
       2
       3
       4
       1
       3
       3
       3
       1
       0
       2
       1
       3
       3
       1
       2
       2
       1
       2
       1
       5
       1
       3
       4
       1
       3
       1
       1
       4
       2
       0
       0
       2
       1
       3
       4
       3
       4
       1
       0
       1
       3
       3
       2
       3
       3
       2
       3
       2
       2
       1
       1
       1
       1
       0
       1
       1
       2
       2
       0
       4
       1
       3
       1
       1
       2
       2
       4
       3
       2
       1
       1
       3
       1
       2
       3
       0
       2
       1
       2
       1
       2
       1
       1
       1
       0
       5
       2
       4
       3
       4
       0
       2
       2
       1
       2
       1
       1
       1
       2
       1
       1
       4
       2
       1
       2
       1
       0
       3
       2
       0
       1
       0
       2
       1
       2
       1
       2
       2
       2
       0
       2
       1
       3
       1
       3
       2
       4
       2
       3
       1
       3
       1
       1
       1
       1
       3
       3
       3
       0
       3
       3
       1
       2
       0
       2
       2
       1
       5
       3
       0
       3
       1
       1
       0
       5
       2
       2
       3
       2
       0
       2
       1
       2
       2
       3
       2
       2
       1
       1
       2
       1
       1
       5
       0
       1
       0
       3
       0
       0
       2
       2
       1
       3
       4
       2
       1
       1
       4
       1
       1
       0
       5
       2
       0
       0
       1
       1
       2
       4
       0
       1
       0
       1
       0
       4
       3
       1
       1
       2
       0
       2
       0
       3
       0
       1
       0
       2
       1
       1
       3
       1
       1
       2
       0
       0
       0
       2
       1
       5
       0
       1
       1
       2
       2
       2
       2
       4
       2
       2
       3
       2
       3
       5
       2
       4
       1
       2
       2
       4
       0
       1
       0
       6
       1
       3
       5
       1
       4
       3
       0
       2
       1
       3
       1
       1
       3
       2
       1
       3
       0
       3
       1
       1
       0
       0
       2
       1
       2
       2
       1
       3
       1
       4
       1
       3
       1
       0
       1
       1
       5
       2
       1
       3
       4
       1
       3
       1
       0
       0
       0
       2
       1
       1
       2
       0
       1
       2
       2
       1
       1
       3
       3
       1
       1
       2
       2
       1
       2
       1
       1
       3
       2
       2
       1
       2
       1
       2
       2
       4
       0
       1
       4
       0
       1
       2
       4
       2
       1
       0
       2
       1
       1
       1
       3
       1
       2
       3
       2
       0
       1
       3
       0
       1
       0
       0
       0
       1
       1
       2
       2
       0
       1
       0
       1
       0
       1
       3
       0
       1
       0
       2
       4
       2
       0
       2
       1
       3
       0
       1
       1
       4
       3
       1
       1
       1
       2
       3
       1
       2
       4
       1
       1
       1
       0
       0
       3
       2
       0
       1
       0
       2
       1
       1
       2
       2
       0
       2
       1
       3
       0
       2
       1
       3
       2
       1
       2
       2
       1
       2
       2
       4
       5
       2
       2
       0
       4
       1
       1
       0
       3
       2
       0
       1
       2
       1
       2
       1
       2
       4
       2
       1
       1
       0
       3
       3
       1
       3
       2
       1
       3
       3
       3
       3
       0
       4
       2
       4
       0
       0
       2
       1
       3
       0
       3
       2
       2
       3
       0
       2
       1
       1
       3
       3
       0
       1
       4
       3
       0
       3
       1
       1
       2
       4
       5
       1
       3
       2
       1
       1
       2
       2
       0
       3
       2
       0
       1
       4
       2
       1
       1
       1
       0
       0
       0
       0
       0
       3
       4
       0
       1
       1
       2
       4
       1
       4
       1
       3
       1
       0
       1
       1
       3
       0
       0
       1
       1
       0
       1
       1
       0
       2
       3
       1
       2
       1
       1
       2
       1
       0
       2
       1
       1
       0
       1
       1
       1
       0
       2
       0
       1
       1
       2
       1
       1
       3
       2
       0
       0
       0
       1
       2
       3
       1
       3
       1
       2
       4
       0
       5
       0
       3
       1
       2
       2
       2
       3
       0
       0
       1
       2
       3
       1
       4
       1
       5
       0
       0
       0
       4
       1
       3
       5
       2
       1
       1
       2
       2
       2
       2
       1
       0
       0
       3
       2
       0
       1
       0
       2
       1
       1
       1
       2
       1
       1
       2
       2
       2
       0
       1
       4
       0
       2
       3
       3
       1
       2
       1
       1
       3
       2
       0
       1
       1
       4
       2
       0
       3
       0
       3
       5
       0
       2
       4
       1
       0
       4
       1
       0
       1
       2
       1
       0
       3
       0
       0
       2
       2
       2
       3
       4
       1
       1
       3
       1
       1
       0
       3
       2
       2
       2
       2
       3
       2
       1
       1
       0
       3
       3
       2
       5
       2
       4
       1
       4
       1
       2
       1
       0
       1
       2
       1
       1
       3
       1
       2
       1
       2
       2
       0
       1
       2
       4
       2
       1
       0
       0
       1
       1
       0
       1
       2
       1
       4
       0
       1
       2
       0
       3
       1
       0
       0
       1
       0
       2
       0
       3
       3
       2
       2
       1
       0
       0
       1
       1
       2
       2
       0
       2
       2
       1
       0
       3
       0
       2
       1
       1
       0
       2
       1
       1
       1
       0
       3
       1
       0
       2
       3
       0
       1
       4
       3
       1
       1
       1
       2
       0
       3
       1
       1
       0
       0
       1
       0
       3
       3
       4
       4
       1
       0
       3
       1
       3
       1
       1
       1
       1
       0
       3
       2
       0
       0
       2
       3
       3
       2
       0
       0
       4
       1
       4
       1
       1
       0
       0
       1
       1
       2
       2
       3
       4
       1
       1
       0
       0
       2
       2
       0
       1
       1
       1
       1
       2
       1
       3
       1
       1
       6
       1
       1
       0
       2
       1
       2
       1
       2
       3
       2
       0
       3
       2
       1
       0
       1
       1
       2
       4
       2
       1
       5
       0
       2
       0
       1
       0
       0
       1
       0
       0
       3
       2
       2
       3
       0
       1
       2
       0
       4
       0
       1
       4
       4
       2
       4
       0
       2
       3
       2
       0
       1
       1
       1
       1
       0
       3
       0
       1
       4
       0
       0
       3
       1
       2
       3
       1
       0
       0
       2
       1
       2
       1
       0
       4
       2
       1
       3
       1
       2
       1
       2
       0
       1
       0
       0
       3
       2
       0
       4
       0
       2
       2
       1
       0
       1
       0
       0
       4
       2
       0
       3
       2
       0
       5
       2
       1
       2
       2
       2
       4
       1
       1
       1
       1
       0
       2
       1
       4
       1
       3
       2
       0
       0
       0
       2
       5
       2
       3
       2
       2
       0
       2
       1
       1
       1
       3
       1
       0
       2
       1
       1
       3
       1
       1
       3
       1
       0
       0
       2
       2
       1
       1
       2
       2
       1
       1
       1
       2
       1
       1
       1
       0
       2
       3
       1
       3
       2
       0
       0
       2
       2
       0
       1
       3
       4
       1
       1
       3
       3
       2
       0
       1
       2
       4
       3
       0
       1
       2
       2
       1
       4
       4
       1
       1
       1
       2
       1
       0
       0
       0
       1
       1
       2
       2
       3
       1
       3
       3
       1
       1
       1
       0
       0
       2
       3
       0
       3
       2
       3
       0
       3
       1
       4
       1
       2
       0
       0
       0
       3
       0
       0
       0
       2
       2
       1
       1
       1
       2
       1
       1
       3
       1
       1
       5
       1
       1
       2
       2
       1
       1
       1
       2
       2
       3
       1
       1
       5
       2
       3
       3
       1
       1
       2
       1
       1
       1
       1
       3
       1
       2
       1
       1
       3
       2
       2
       0
       1
       0
       0
       2
       2
       2
       2
       0
       1
       1
       3
       2
       0
       2
       1
       0
       1
       2
       1
       1
       0
       2
       5
       3
       1
       2
       0
       5
       2
       2
       1
       1
       2
       1
       0
       1
       2
       4
       4
       0
       3
       3
       1
       1
       2
       1
       2
       3
       1
       0
       2
       1
       3
       0
       2
       1
       3
       3
       0
       2
       3
       5
       4
       2
       3
       1
       0
       3
       2
       1
       3
       3
       0
       1
       1
       4
       1
       0
       2
       2
       1
       3
       2
       1
       2
       0
       2
       1
       2
       3
       0
       1
       3
       1
       3
       2
       0
       2
       0
       2
       1
       1
       1
       2
       2
       0
       2
       1
       2
       1
       1
       2
       1
       1
       0
       3
       2
       0
       1
       1
       3
       1
       1
       1
       1
       2
       2
       1
       0
       1
       2
       2
       0
       2
       0
       2
       1
       3
       0
       5
       2
       0
       3
       4
       0
       2
       1
       2
       1
       1
       3
       0
       2
       1
       2
       1
       2
       1
       1
       1
       1
       3
       0
       2
       2
       1
       2
       1
       0
       2
       1
       0
       1
       2
       2
       5
       1
       0
       1
       0
       1
       0
       1
       0
       1
       0
       3
       2
       3
       0
       0
       1
       0
       1
       2
       1
       1
       1
       2
       0
       0
       2
       2
       2
       1
       1
       1
       3
       2
       2
       3
       2
       1
       0
       2
       3
       4
       1
       0
       0
       2
       1
       1
       0
       3
       7
       4
       0
       3
       3
       1
       2
       0
       1
       0
       0
       1
       1
       2
       2
       1
       2
       1
       1
       0
       0
       1
       3
       1
       4
       1
       0
       3
       3
       1
       1
       1
       1
       1
       2
       1
       1
       0
       0
       1
       2
       1
       2
       1
       1
       0
       2
       0
       0
       1
       0
       2
       0
       0
       0
       0
       4
       4
       3
       0
       1
       0
       4
       1
       0
       1
       0
       1
       0
       1
       1
       1
       0
       0
       0
       1
       2
       2
       3
       4
       0
       4
       3
       0
       1
       2
       0
       2
       1
       1
       0
       1
       4
       2
       0
       1
       1
       1
       2
       1
       0
       0
       2
       3
       2
       3
       1
       1
       4
       1
       0
       5
       2
       3
       3
       2
       3
       2
       2
       2
       3
       1
       2
       2
       2
       3
       2
       5
       1
       5
       1
       1
       1
       0
       3
       0
       1
       0
       1
       3
       2
       2
       1
       5
       4
       3
       2
       2
       3
       1
       0
       2
       2
       3
       3
       0
       1
       2
       2
       2
       0
       2
       1
       0
       0
       2
       1
       2
       1
       0
       3
       2
       2
       0
       3
       0
       1
       0
       0
       5
       1
       1
       2
       2
       1
       3
       6
       3
       1
       0
       0
       3
       2
       0
       2
       1
       2
       2
       1
       4
       2
       2
       1
       0
       3
       0
       2
       0
       0
       2
       2
       2
       1
       2
       2
       0
       1
       1
       0
       3
       1
       2
       1
       3
       1
       2
       2
       4
       0
       2
       4
       3
       1
       1
       2
       2
       0
       3
       1
       2
       0
       1
       1
       2
       0
       3
       0
       6
       1
       1
       2
       0
       2
       3
       0
       1
       2
       0
       0
       2
       2
       3
       3
       2
       1
       2
       3
       2
       2
       0
       2
       0
       1
       4
       4
       2
       2
       2
       5
       2
       3
       3
       0
       0
       0
       2
       2
       0
       0
       2
       1
       2
       1
       1
       3
       1
       3
       1
       1
       0
       2
       4
       1
       1
       1
       1
       0
       1
       1
       0
       0
       2
       2
       3
       1
       1
       0
       0
       0
       1
       3
       4
       1
       0
       2
       1
       2
       1
       1
       0
       1
       0
       3
       1
       2
       3
       2
       0
       2
       2
       3
       3
       1
       2
       1
       1
       2
       4
       0
       0
       0
       1
       0
       1
       4
       1
       2
       2
       0
       3
       1
       2
       1
       5
       5
       1
       1
       1
       1
       0
       0
       3
       3
       0
       2
       1
       2
       0
       3
       0
       1
       2
       1
       2
       1
       2
       2
       3
       2
       3
       1
       0
       3
       2
       1
       4
       1
       0
       2
       2
       3
       1
       2
       1
       0
       4
       2
       3
       0
       2
       3
       3
       2
       0
       2
       4
       1
       0
       1
       0
       1
       1
       0
       3
       3
       2
       3
       1
       1
       4
       2
       1
       1
       1
       3
       0
       1
       1
       2
       0
       1
       3
       2
       2
       0
       2
       1
       0
       4
       2
       0
       2
       0
       0
       0
       1
       1
       1
       0
       2
       1
       1
       1
       1
       3
       3
       1
       3
       2
       2
       4
       1
       2
       2
       1
       1
       1
       0
       1
       0
       2
       1
       1
       4
       2
       1
       2
       1
       2
       3
       3
       1
       1
       1
       1
       2
       1
       2
       2
       1
       0
       1
       1
       2
       2
       3
       2
       2
       1
       0
       1
       0
       1
       0
       1
       2
       2
       2
       1
       2
       2
       3
       0
       1
       2
       1
       3
       3
       1
       2
       2
       3
       1
       2
       1
       2
       2
       0
       3
       2
       1
       1
       1
       3
       0
       2
       0
       0
       2
       0
       0
       1
       0
       0
       1
       3
       0
       6
       2
       1
       2
       3
       3
       1
       2
       3
       3
       1
       2
       1
       2
       0
       2
       1
       3
       2
       0
       0
       1
       2
       2
       2
       0
       2
       0
       2
       0
       3
       2
       2
       4
       1
       1
       3
       2
       1
       2
       0
       1
       0
       3
       1
       0
       2
       2
       1
       2
       3
       4
       3
       1
       0
       2
       2
       2
       0
       1
       3
       1
       1
       1
       1
       3
       2
       0
       3
       4
       0
       1
       0
       1
       2
       2
       0
       3
       2
       2
       0
       1
       1
       0
       3
       4
       1
       0
       2
       2
       2
       1
       3
       1
       0
       1
       0
       0
       0
       1
       2
       0
       2
       0
       2
       3
       3
       1
       1
       1
       1
       1
       2
       0
       0
       2
       0
       2
       1
       1
       1
       2
       6
       4
       2
       2
       2
       3
       3
       0
       0
       3
       1
       3
       3
       2
       4
       3
       2
       0
       0
       1
       0
       0
       2
       1
       0
       2
       0
       1
       2
       1
       2
       2
       5
       2
       1
       1
       1
       1
       2
       0
       1
       3
       3
       1
       1
       1
       0
       3
       0
       3
       2
       0
       3
       3
       4
       2
       2
       2
       4
       3
       0
       1
       1
       1
       2
       1
       3
       0
       0
       0
       6
       1
       0
       0
       1
       1
       2
       1
       0
       3
       2
       0
       4
       2
       1
       1
       0
       0
       0
       1
       0
       3
       2
       0
       1
       3
       1
       3
       1
       1
       0
       1
       2
       2
       3
       3
       0
       2
       1
       1
       4
       3
       1
       0
       0
       1
       3
       1
       3
       1
       1
       1
       1
       1
       0
       3
       2
       0
       1
       1
       5
       2
       1
       1
       1
       0
       2
       5
       0
       1
       1
       2
       1
       3
       1
       3
       0
       1
       2
       1
       3
       5
       0
       1
       1
       0
       1
       2
       3
       1
       0
       5
       3
       0
       1
       1
       4
       1
       1
       2
       2
       1
       1
       3
       3
       0
       1
       2
       2
       1
       1
       1
       1
       2
       1
       5
       0
       0
       2
       5
       1
       1
       0
       0
       2
       5
       1
       1
       2
       3
       1
       0
       6
       2
       0
       1
       1
       1
       1
       1
       1
       3
       1
       1
       1
       1
       4
       1
       2
       1
       1
       0
       3
       1
       1
       2
       1
       1
       0
       2
       2
       1
       1
       1
       0
       1
       0
       4
       1
       1
       0
       0
       4
       0
       1
       2
       1
       1
       1
       0
       3
       0
       1
       3
       2
       1
       2
       1
       0
       1
       3
       0
       2
       1
       5
       4
       1
       3
       2
       1
       4
       2
       0
       2
       0
       0
       1
       1
       1
       1
       1
       2
       0
       1
       0
       0
       2
       0
       2
       3
       2
       0
       1
       1
       2
       1
       1
       0
       5
       1
       0
       3
       2
       0
       1
       1
       4
       2
       0
       1
       2
       0
       2
       1
       1
       1
       0
       1
       6
       3
       1
       2
       0
       3
       0
       3
       0
       1
       2
       2
       3
       1
       1
       0
       1
       1
       0
       2
       2
       2
       0
       1
       2
       2
       2
       1
       2
       0
       1
       2
       0
       1
       0
       2
       3
       3
       3
       0
       1
       2
       2
       2
       0
       0
       0
       2
       2
       0
       2
       2
       1
       0
       2
       0
       1
       0
       1
       1
       1
       0
       0
       1
       1
       2
       1
       0
       0
       2
       1
       1
       3
       2
       1
       1
       3
       2
       0
       0
       0
       3
       1
       2
       0
       1
       1
       0
       1
       0
       1
       0
       0
       1
       0
       1
       1
       3
       1
       1
       0
       2
       2
       1
       2
       0
       2
       1
       1
       1
       4
       1
       2
       4
       0
       0
       0
       3
       3
       0
       0
       1
       2
       0
       2
       4
       1
       1
       0
       1
       1
       0
       1
       1
       2
       1
       1
       3
       2
       0
       2
       1
       3
       3
       0
       1
       2
       2
       1
       3
       0
       0
       2
       1
       0
       3
       3
       1
       2
       0
       0
       1
       2
       2
       1
       2
       2
       5
       0
       4
       1
       2
       2
       1
       3
       2
       1
       1
       0
       2
       1
       1
       1
       1
       1
       1
       1
       1
       1
       1
       1
       1
       0
       0
       0
       1
       2
       1
       2
       0
       1
       0
       1
       0
       3
       1
       3
       1
       2
       1
       1
       2
       1
       1
       2
       3
       3
       2
       0
       1
       0
       5
       1
       1
       0
       0
       0
       4
       1
       1
       0
       0
       5
       1
       2
       1
       1
       2
       2
       1
       1
       2
       0
       2
       0
       1
       1
       2
       1
       1
       0
       3
       1
       3
       1
       0
       0
       4
       0
       1
       3
       1
       1
       0
       2
       1
       3
       1
       0
       1
       1
       0
       0
       1
       4
       2
       3
       2
       3
       1
       0
       3
       2
       0
       1
       2
       1
       1
       0
       0
       1
       2
       1
       1
       2
       1
       0
       0
       3
       0
       1
       1
       1
       1
       2
       0
       2
       0
       0
       0
       0
       1
       1
       0
       0
       1
       0
       1
       1
       0
       2
       0
       0
       1
       2
       2
       3
       0
       1
       2
       2
       1
       2
       2
       0
       1
       1
       3
       1
       0
       0
       1
       2
       3
       3
       2
       0
       1
       0
       2
       2
       1
       0
       4
       0
       0
       3
       0
       0
       0
       1
       0
       1
       0
       0
       0
       0
       3
       1
       1
       2
       0
       5
       4
       2
       1
       0
       1
       2
       2
       4
       1
       1
       3
       0
       0
       3
       1
       0
       0
       1
       2
       3
       2
       0
       0
       1
       0
       1
       0
       0
       1
       3
       2
       4
       1
       0
       1
       5
       2
       0
       1
       1
       0
       2
       2
       2
       1
       0
       2
       3
       0
       1
       0
       0
       1
       0
       2
       1
       1
       1
       1
       4
       0
       2
       4
       2
       1
       1
       2
       3
       0
       0
       1
       3
       1
       2
       2
       0
       5
       1
       2
       3
       0
       1
       3
       1
       0
       0
       2
       0
       1
       2
       0
       2
       2
       1
       0
       1
       2
       4
       1
       3
       1
       2
       1
       2
       0
       3
       1
       0
       1
       1
       0
       3
       1
       0
       1
       4
       1
       3
       3
       2
       1
       2
       3
       3
       3
       0
       1
       1
       1
       1
       4
       1
       1
       3
       2
       1
       3
       0
       1
       2
       3
       2
       0
       3
       0
       3
       1
       4
       0
       2
       0
       2
       2
       2
       3
       2
       0
       2
       1
       1
       3
       2
       3
       0
       0
       1
       2
       1
       1
       2
       2
       0
       1
       1
       1
       1
       0
       0
       1
       0
       1
       3
       2
       3
       6
       2
       0
       2
       1
       0
       0
       0
       2
       1
       4
       1
       0
       2
       1
       1
       1
       0
       1
       1
       1
       0
       3
       1
       1
       4
       2
       0
       0
       2
       2
       0
       2
       0
       0
       1
       2
       2
       1
       1
       0
       2
       2
       2
       4
       1
       2
       1
       0
       1
       0
       1
       0
       0
       2
       2
       3
       1
       3
       0
       1
       1
       3
       0
       1
       6
       0
       2
       0
       1
       0
       3
       0
       0
       0
       2
       2
       1
       3
       2
       3
       2
       0
       1
       1
       1
       2
       1
       2
       0
       1
       1
       0
       1
       2
       1
       1
       4
       0
       2
       2
       1
       2
       0
       0
       2
       0
       0
       2
       0
       2
       5
       0
       1
       1
       4
       0
       0
       0
       0
       1
       2
       2
       2
       5
       1
       1
       1
       1
       2
       3
       1
       3
       0
       0
       1
       0
       1
       0
       0
       0
       2
       1
       4
       0
       2
       1
       3
       4
       2
       1
       1
       0
       4
       0
       2
       1
       3
       4
       0
       2
       3
       1
       1
       1
       1
       1
       2
       1
       4
       0
       0
       4
       0
       1
       3
       0
       0
       3
       1
       3
       1
       3
       2
       0
       3
       1
       1
       4
       0
       3
       4
       5
       1
       0
       0
       0
       4
       1
       4
       1
       2
       2
       3
       5
       2
       4
       1
       2
       0
       0
       1
       0
       2
       2
       0
       1
       0
       1
       2
       2
       1
       2
       1
       4
       0
       0
       4
       1
       2
       2
       0
       2
       3
       0
       3
       1
       2
       2
       3
       0
       3
       1
       1
       4
       2
       2
       1
       4
       0
       2
       1
       1
       0
       0
       3
       1
       2
       1
       1
       0
       2
       1
       1
       1
       1
       1
       1
       1
       1
       0
       2
       1
       2
       2
       2
       0
       0
       1
       2
       2
       1
       1
       1
       0
       1
       3
       2
       1
       2
       0
       4
       1
       2
       2
       2
       2
       0
       1
       1
       0
       4
       1
       2
       2
       3
       1
       2
       0
       3
       2
       1
       0
       1
       0
       3
       2
       2
       2
       1
       4
       2
       0
       1
       3
       0
       3
       0
       1
       1
       1
       0
       2
       3
       0
       3
       1
       1
       2
       2
       1
       1
       2
       2
       3
       4
       2
       1
       0
       3
       2
       0
       1
       0
       1
       1
       0
       1
       1
       5
       3
       1
       0
       3
       0
       1
       1
       0
       0
       2
       1
       1
       1
       3
       3
       1
       2
       1
       3
       2
       2
       3
       1
       1
       1
       1
       0
       2
       1
       0
       0
       1
       0
       1
       1
       1
       3
       1
       2
       4
       5
       1
       1
       3
       0
       0
       0
       0
       2
       1
       1
       2
       3
       1
       0
       0
       0
       0
       2
       2
       1
       1
       0
       1
       1
       0
       1
       1
       2
       1
       1
       0
       3
       1
       2
       2
       4
       0
       2
       1
       0
       2
       2
       4
       2
       3
       0
       1
       2
       2
       2
       2
       1
       0
       1
       3
       2
       1
       1
       1
       3
       0
       1
       2
       2
       2
       0
       3
       0
       3
       0
       1
       1
       1
       0
       0
       2
       2
       2
       1
       1
       1
       0
       2
       1
       0
       1
       1
       1
       1
       0
       1
       3
       0
       4
       1
       0
       2
       1
       0
       0
       2
       1
       1
       0
       2
       1
       2
       1
       2
       1
       0
       1
       1
       1
       1
       1
       1
       1
       1
       2
       0
       2
       3
       2
       2
       2
       0
       2
       1
       0
       2
       3
       0
       2
       0
       2
       1
       0
       2
       1
       2
       2
       4
       2
       3
       0
       1
       1
       1
       1
       3
       0
       2
       0
       1
       0
       2
       1
       2
       2
       2
       1
       2
       1
       1
       2
       3
       0
       3
       0
       1
       0
       3
       2
       2
       0
       3
       1
       3
       0
       0
       3
       2
       1
       0
       0
       1
       1
       0
       0
       2
       0
       1
       1
       1
       1
       0
       2
       1
       1
       1
       1
       3
       1
       3
       4
       1
       1
       3
       0
       2
       2
       5
       3
       0
       2
       3
       2
       0
       0
       1
       3
       1
       0
       0
       1
       2
       1
       4
       0
       1
       2
       1
       0
       2
       2
       0
       1
       2
       3
       0
       5
       2
       2
       2
       3
       3
       0
       2
       1
       2
       0
       4
       2
       1
       1
       0
       1
       0
       1
       1
       1
       3
       2
       2
       3
       2
       0
       3
       0
       2
       0
       1
       1
       5
       0
       0
       2
       1
       2
       3
       2
       1
       1
       0
       1
       0
       2
       0
       1
       4
       1
       0
       2
       3
       0
       1
       2
       1
       2
       1
       2
       2
       0
       0
       2
       0
       0
       3
       1
       0
       3
       2
       0
       1
       0
       0
       4
       1
       1
       2
       1
       1
       3
       2
       1
       4
       1
       1
       1
       2
       1
       4
       2
       1
       0
       0
       3
       2
       2
       1
       1
       0
       1
       0
       4
       3
       2
       2
       3
       1
       2
       2
       1
       0
       2
       1
       1
       0
       1
       1
       1
       2
       1
       2
       1
       0
       0
       1
       0
       2
       0
       2
       1
       0
       1
       2
       1
       1
       1
       0
       0
       1
       1
       1
       2
       0
       3
       2
       0
       1
       0
       2
       1
       0
       0
       1
       1
       2
       2
       0
       0
       2
       3
       1
       0
       0
       0
       3
       1
       4
       4
       0
       0
       0
       3
       2
       0
       2
       1
       0
       1
       1
       1
       2
       1
       3
       2
       0
       0
       0
       2
       0
       0
       0
       1
       0
       0
       1
       2
       0
       3
       1
       1
       2
       1
       1
       2
       3
       3
       0
       2
       3
       2
       2
       2
       2
       0
       0
       0
       3
       3
       2
       3
       0
       0
       2
       3
       1
       0
       1
       2
       2
       2
       0
       1
       4
       1
       1
       2
       1
       3
       2
       1
       1
       0
       3
       1
       1
       0
       0
       0
       2
       2
       0
       1
       0
       1
       3
       1
       0
       0
       0
       1
       1
       0
       1
       1
       2
       2
       1
       2
       0
       1
       0
       1
       1
       1
       1
       1
       1
       3
       1
       2
       4
       1
       2
       0
       1
       1
       2
       2
       0
       0
       0
       3
       0
       2
       1
       1
       0
       2
       1
       1
       1
       0
       0
       1
       2
       0
       3
       0
       1
       0
       1
       2
       0
       1
       1
       1
       1
       0
       1
       1
       2
       0
       0
       1
       2
       1
       0
       1
       1
       0
       2
       3
       1
       1
       1
       0
       0
       0
       0
       1
       1
       0
       2
       0
       3
       0
       0
       0
       0
       0
       2
       2
       2
       1
       2
       1
       1
       2
       0
       0
       1
       0
       1
       1
       0
       0
       1
       1
       1
       2
       0
       0
       1
       1
       2
       3
       1
       1
       0
       0
       2
       0
       2
       4
       1
       3
       2
       2
       2
       0
       1
       2
       4
       0
       1
       0
       0
       2
       1
       1
       2
       1
       2
       0
       0
       0
       1
       2
       1
       0
       0
       2
       1
       1
       1
       1
       1
       1
       4
       0
       0
       3
       1
       2
       2
       2
       1
       1
       1
       2
       0
       0
       0
       0
       1
       1
       2
       1
       0
       1
       1
       1
       2
       0
       0
       2
       1
       1
       2
       1
       0
       0
       1
       0
       1
       1
       2
       1
       1
       2
       0
       1
       2
       1
       1
       2
       0
       3
       1
       4
       0
       0
       3
       0
       1
       0
       0
       2
       2
       4
       0
       3
       1
       3
       2
       1
       0
       1
       1
       0
       2
       2
       3
       0
       2
       1
       1
       1
       2
       1
       1
       1
       1
       1
       0
       1
       1
       0
       0
       4
       0
       3
       3
       1
       0
       2
       3
       2
       3
       1
       1
       1
       2
       1
       4
       2
       2
       3
       1
       1
       0
       3
       0
       2
       1
       1
       1
       2
       0
       1
       2
       3
       3
       1
       0
       2
       0
       2
       1
       1
       0
       1
       1
       2
       2
       1
       1
       3
       2
       2
       0
       2
       2
       0
       2
       4
       1
       3
       1
       1
       5
       3
       2
       1
       2
       5
       2
       1
       2
       2
       0
       1
       1
       5
       0
       3
       3
       0
       0
       1
       1
       2
       0
       0
       0
       2
       1
       0
       1
       2
       2
       1
       0
       2
       1
       1
       1
       2
       2
       1
       2
       1
       0
       3
       1
       0
       0
       1
       4
       1
       2
       3
       3
       2
       5
       0
       1
       2
       1
       1
       1
       0
       0
       0
       1
       2
       1
       3
       2
       1
       1
       2
       2
       2
       1
       0
       0
       1
       0
       1
       2
       0
       3
       1
       4
       3
       2
       5
       1
       1
       0
       1
       3
       1
       0
       1
       0
       4
       0
       1
       2
       0
       0
       0
       1
       2
       1
       0
       1
       2
       2
       1
       0
       0
       1
       2
       1
       1
       1
       1
       0
       0
       0
       2
       1
       2
       2
       2
       1
       2
       1
       0
       0
       1
       0
       2
       0
       0
       2
       1
       3
       1
       4
       2
       1
       1
       3
       0
       2
       0
       2
       2
       0
       0
       0
       2
       1
       1
       0
       1
       1
       1
       0
       0
       0
       4
       1
       0
       3
       0
       1
       0
       2
       1
       0
       2
       1
       2
       1
       1
       1
       2
       0
       0
       1
       0
       1
       1
       1
       0
       3
       2
       0
       0
       1
       3
       2
       3
       1
       0
       2
       1
       0
       0
       1
       0
       1
       1
       0
       1
       3
       1
       2
       2
       0
       3
       0
       3
       0
       1
       1
       3
       1
       0
       1
       0
       0
       1
       1
       3
       1
       1
       2
       3
       1
       0
       4
       2
       2
       0
       1
       1
       1
       1
       1
       0
       1
       0
       2
       2
       1
       1
       0
       2
       0
       1
       1
       2
       2
       2
       3
       1
       1
       1
       3
       0
       1
       1
       1
       2
       1
       0
       2
       1
       1
       1
       1
       1
       2
       0
       3
       0
       1
       1
       0
       1
       1
       1
       0
       0
       1
       5
       3
       0
       3
       0
       0
       3
       5
       1
       2
       0
       4
       2
       1
       0
       1
       3
       2
       3
       0
       1
       2
       0
       1
       2
       1
       2
       1
       0
       1
       0
       1
       3
       0
       0
       1
       1
       0
       1
       2
       2
       0
       0
       0
       3
       4
       0
       2
       0
       0
       2
       2
       2
       2
       0
       1
       1
       2
       0
       0
       1
       0
       4
       0
       0
       0
       2
       1
       0
       0
       1
       1
       0
       1
       2
       1
       0
       2
       1
       0
       2
       1
       0
       1
       0
       1
       2
       0
       2
       2
       2
       1
       0
       2
       0
       3
       0
       2
       1
       0
       0
       1
       0
       0
       2
       0
       1
       1
       0
       4
       1
       0
       1
       0
       2
       1
       1
       2
       0
       1
       0
       1
       3
       3
       2
       1
       0
       1
       2
       1
       4
       2
       0
       2
       2
       0
       1
       1
       2
       2
       0
       0
       1
       1
       2
       1
       0
       0
       0
       1
       0
       1
       1
       0
       1
       1
       3
       2
       0
       0
       2
       2
       1
       0
       2
       0
       3
       0
       2
       2
       2
       0
       1
       1
       0
       1
       1
       2
       0
       2
       0
       1
       0
       1
       0
       1
       4
       0
       1
       0
       0
       1
       1
       1
       1
       0
       0
       0
       1
       2
       1
       3
       2
       1
       2
       0
       3
       2
       2
       0
       1
       2
       2
       1
       1
       0
       1
       3
       1
       1
       0
       2
       1
       0
       1
       3
       1
       1
       2
       2
       0
       2
       1
       1
       1
       0
       0
       0
       1
       1
       1
       0
       0
       1
       2
       2
       1
       2
       2
       1
       0
       0
       1
       1
       1
       4
       2
       1
       2
       1
       2
       2
       1
       0
       0
       1
       0
       1
       1
       1
       0
       2
       0
       1
       2
       1
       1
       1
       1
       1
       2
       0
       0
       3
       0
       2
       4
       1
       0
       1
       1
       2
       3
       2
       1
       1
       3
       1
       4
       0
       1
       3
       1
       2
       0
       2
       1
       2
       2
       1
       1
       2
       1
       0
       3
       1
       1
       3
       1
       3
       3
       1
       3
       2
       0
       1
       1
       0
       0
       3
       1
       1
       0
       1
       1
       2
       2
       1
       0
       1
       0
       0
       1
       2
       0
       0
       1
       2
       1
       1
       1
       2
       1
       2
       1
       1
       0
       2
       2
       1
       1
       2
       1
       0
       0
       2
       0
       0
       2
       0
       1
       4
       1
       1
       2
       1
       1
       0
       0
       2
       0
       1
       1
       2
       3
       1
       1
       1
       3
       2
       3
       3
       1
       0
       3
       1
       3
       0
       1
       0
       0
       2
       2
       1
       1
       2
       1
       1
       0
       1
       1
       0
       0
       1
       1
       0
       0
       4
       1
       4
       1
       1
       1
       2
       1
       2
       0
       0
       0
       0
       3
       0
       0
       0
       0
       2
       0
       0
       2
       2
       0
       2
       3
       3
       2
       2
       2
       1
       1
       2
       3
       3
       3
       0
       1
       0
       0
       0
       1
       1
       3
       3
       1
       1
       1
       0
       2
       3
       1
       1
       2
       1
       2
       3
       2
       1
       2
       2
       3
       3
       0
       0
       2
       0
       1
       4
       2
       0
       0
       0
       1
       0
       2
       1
       0
       2
       1
       1
       0
       1
       0
       1
       2
       1
       1
       0
       2
       2
       1
       1
       0
       0
       1
       2
       3
       0
       0
       0
       3
       1
       1
       3
       1
       0
       0
       1
       1
       2
       3
       3
       0
       3
       1
       1
       0
       1
       0
       0
       2
       1
       1
       1
       3
       1
       1
       1
       1
       1
       1
       1
       1
       1
       2
       2
       1
       0
       1
       2
       0
       0
       1
       0
       1
       0
       1
       0
       2
       1
       2
       0
       0
       2
       1
       2
       1
       2
       3
       0
       4
       1
       1
       0
       1
       0
       1
       0
       1
       2
       1
       2
       0
       0
       2
       1
       0
       0
       0
       2
       3
       0
       2
       0
       0
       1
       1
       1
       0
       0
       0
       1
       0
       1
       2
       2
       1
       1
       0
       2
       1
       1
       2
       0
       4
       0
       0
       0
       1
       1
       1
       1
       0
       3
       1
       0
       0
       3
       2
       2
       0
       0
       2
       2
       2
       0
       3
       1
       2
       1
       1
       1
       0
       1
       3
       2
       0
       2
       2
       1
       0
       0
       1
       1
       0
       0
       1
       0
       2
       0
       1
       3
       1
       0
       1
       3
       0
       0
       2
       5
       1
       1
       1
       1
       1
       0
       4
       1
       1
       1
       1
       1
       2
       1
       0
       2
       2
       1
       3
       1
       2
       1
       2
       0
       0
       1
       1
       2
       0
       0
       2
       1
       1
       2
       1
       1
       3
       1
       1
       1
       4
       0
       0
       4
       2
       1
       2
       2
       2
       0
       0
       2
       4
       2
       2
       3
       1
       1
       2
       2
       1
       0
       0
       1
       0
       1
       1
       1
       3
       3
       2
       0
       0
       1
       0
       0
       0
       0
       0
       0
       2
       2
       1
       1
       1
       0
       2
       1
       1
       1
       2
       0
       3
       3
       4
       1
       0
       1
       3
       2
       1
       0
       4
       3
       2
       0
       0
       1
       3
       1
       2
       1
       2
       2
       0
       0
       1
       2
       0
       0
       0
       1
       3
       1
       3
       1
       0
       2
       1
       1
       0
       0
       2
       2
       0
       1
       1
       1
       1
       1
       1
       2
       0
       2
       3
       2
       1
       2
       3
       3
       1
       0
       0
       0
       1
       1
       2
       2
       3
       0
       2
       3
       0
       0
       1
       3
       1
       2
       0
       0
       1
       0
       1
       1
       2
       1
       0
       1
       1
       2
       1
       0
       2
       2
       1
       0
       2
       1
       4
       1
       0
       0
       3
       1
       2
       2
       1
       1
       0
       1
       0
       1
       2
       2
       0
       1
       1
       2
       3
       1
       1
       3
       0
       2
       2
       1
       1
       1
       0
       1
       1
       0
       1
       1
       0
       1
       3
       1
       1
       1
       3
       1
       2
       4
       0
       1
       2
       0
       1
       0
       1
       0
       1
       2
       1
       1
       0
       0
       1
       1
       0
       4
       2
       3
       0
       1
       1
       2
       1
       0
       2
       0
       2
       0
       2
       1
       1
       3
       4
       1
       0
       0
       1
       0
       2
       1
       2
       1
       1
       2
       1
       3
       0
       1
       1
       1
       0
       2
       0
       1
       1
       0
       2
       0
       2
       0
       1
       1
       1
       0
       2
       1
       4
       1
       1
       2
       1
       2
       1
       0
       0
       0
       2
       3
       1
       1
       2
       2
       1
       1
       0
       0
       1
       1
       1
       1
       0
       1
       0
       2
       1
       1
       2
       2
       0
       3
       4
       4
       0
       2
       5
       3
       3
       1
       1
       2
       0
       0
       1
       2
       0
       2
       3
       2
       1
       1
       0
       1
       0
       3
       1
       0
       1
       1
       0
       2
       1
       1
       0
       1
       0
       1
       2
       2
       4
       2
       0
       2
       1
       1
       0
       1
       0
       0
       1
       1
       0
       2
       1
       0
       1
       2
       1
       2
       1
       2
       1
       0
       2
       0
       1
       1
       2
       1
       1
       2
       2
       1
       1
       0
       2
       0
       0
       1
       2
       1
       0
       3
       2
       1
       0
       2
       1
       0
       2
       1
       1
       1
       3
       1
       2
       2
       0
       1
       1
       0
       2
       0
       0
       1
       3
       2
       2
       0
       0
       1
       1
       2
       1
       1
       0
       0
       1
       1
       3
       1
       0
       1
       1
       2
       0
       0
       1
       0
       2
       0
       1
       3
       0
       1
       0
       1
       1
       0
       2
       2
       3
       3
       2
       0
       0
       0
       0
       1
       1
       4
       3
       2
       1
       0
       2
       0
       2
       1
       3
       1
       4
       2
       3
       0
       1
       2
       0
       1
       3
       0
       2
       2
       2
       0
       1
       1
       1
       2
       1
       1
       0
       1
       2
       0
       1
       1
       0
       3
       1
       1
       1
       2
       0
       1
       2
       0
       2
       1
       0
       4
       0
       1
       0
       1
       2
       1
       1
       0
       1
       1
       1
       1
       0
       0
       1
       1
       0
       1
       0
       4
       0
       1
       0
       0
       2
       1
       3
       2
       0
       1
       1
       1
       4
       2
       3
       2
       1
       1
       1
       1
       2
       3
       1
       2
       1
       1
       1
       1
       0
       1
       1
       0
       0
       0
       0
       2
       1
       2
       1
       2
       0
       0
       0
       1
       0
       1
       2
       0
       0
       1
       2
       1
       3
       2
       1
       2
       2
       4
       0
       0
       0
       0
       0
       2
       3
       1
       2
       1
       0
       1
       2
       1
       1
       2
       0
       0
       2
       2
       1
       4
       2
       1
       1
       0
       1
       0
       2
       2
       1
       1
       0
       1
       1
       1
       0
       2
       2
       0
       0
       1
       1
       0
       0
       1
       1
       2
       2
       2
       0
       1
       0
       1
       3
       0
       0
       1
       1
       0
       2
       0
       0
       2
       1
       0
       0
       2
       0
       0
       1
       0
       0
       1
       0
       4
       0
       2
       2
       1
       0
       0
       0
       3
       1
       0
       3
       1
       1
       1
       1
       0
       2
       0
       1
       2
       0
       2
       1
       3
       1
       3
       5
       0
       0
       3
       0
       0
       0
       0
       1
       1
       0
       0
       0
       1
       1
       0
       4
       3
       0
       1
       3
       1
       3
       1
       1
       1
       1
       0
       1
       3
       2
       1
       2
       2
       1
       3
       0
       4
       1
       1
       1
       1
       0
       1
       0
       0
       0
       0
       1
       2
       1
       2
       3
       0
       3
       0
       0
       2
       2
       1
       0
       1
       2
       1
       2
       1
       2
       1
       1
       2
       1
       1
       1
       1
       1
       3
       2
       0
       2
       0
       0
       1
       2
       1
       0
       1
       2
       0
       0
       0
       0
       4
       1
       0
       1
       2
       5
       0
       0
       0
       3
       0
       0
       0
       1
       1
       0
       2
       0
       1
       1
       2
       2
       0
       2
       3
       2
       2
       1
       2
       0
       0
       1
       2
       0
       2
       1
       0
       0
       2
       0
       0
       1
       1
       2
       0
       2
       0
       1
       0
       2
       2
       0
       1
       1
       0
       4
       2
       1
       2
       2
       3
       1
       2
       0
       5
       3
       2
       4
       1
       1
       0
       2
       0
       1
       1
       0
       0
       0
       0
       3
       1
       2
       2
       1
       1
       2
       2
       1
       2
       2
       1
       1
       3
       1
       0
       1
       1
       1
       2
       0
       1
       1
       2
       1
       1
       2
       2
       0
       1
       0
       3
       1
       1
       1
       2
       2
       3
       2
       2
       3
       1
       2
       0
       0
       0
       2
       1
       0
       0
       2
       0
       1
       2
       1
       1
       0
       1
       1
       0
       1
       1
       1
       0
       1
       2
       0
       1
       1
       0
       1
       1
       0
       2
       1
       0
       2
       0
       1
       1
       0
       2
       1
       2
       0
       0
       1
       0
       2
       2
       2
       1
       1
       1
       0
       3
       1
       0
       3
       0
       0
       0
       0
       0
       2
       0
       0
       0
       1
       3
       0
       0
       1
       2
       0
       0
       1
       1
       0
       1
       1
       0
       1
       3
       2
       0
       1
       0
       2
       2
       5
       1
       0
       5
       0
       0
       1
       1
       2
       2
       2
       2
       0
       1
       2
       0
       1
       0
       2
       1
       0
       2
       0
       2
       1
       1
       2
       1
       1
       1
       0
       2
       1
       2
       2
       0
       3
       1
       1
       3
       2
       0
       1
       0
       0
       1
       1
       2
       2
       2
       0
       0
       3
       1
       3
       1
       0
       2
       1
       1
       0
       2
       0
       0
       3
       1
       1
       2
       0
       0
       3
       1
       0
       0
       0
       1
       1
       3
       2
       2
       0
       2
       2
       1
       0
       2
       0
       1
       0
       1
       0
       0
       2
       1
       1
       3
       2
       4
       0
       2
       2
       0
       0
       2
       0
       1
       3
       1
       2
       0
       3
       3
       1
       1
       3
       1
       2
       0
       0
       1
       2
       2
       3
       2
       1
       0
       1
       2
       0
       2
       3
       3
       2
       2
       0
       4
       1
       1
       1
       1
       2
       0
       1
       1
       0
       0
       1
       0
       0
       1
       1
       2
       1
       3
       0
       1
       0
       1
       0
       2
       1
       0
       0
       0
       1
       1
       1
       1
       0
       0
       3
       0
       0
       1
       0
       2
       0
       2
       1
       2
       0
       0
       1
       1
       1
       0
       1
       0
       2
       2
       1
       1
       0
       1
       1
       0
       2
       2
       1
       2
       0
       1
       0
       2
       3
       2
       0
       2
       3
       1
       0
       2
       0
       1
       0
       3
       3
       1
       0
       2
       1
       0
       1
       2
       1
       2
       1
       0
       1
       0
       0
       2
       0
       1
       6
       1
       0
       0
       2
       1
       1
       5
       2
       3
       0
       1
       0
       3
       1
       0
       0
       2
       1
       1
       1
       2
       2
       0
       0
       0
       0
       0
       1
       0
       1
       1
       0
       0
       0
       0
       1
       1
       0
       0
       1
       0
       1
       1
       1
       0
       0
       0
       1
       0
       1
       1
       0
       1
       0
       1
       2
       2
       1
       0
       0
       1
       0
       1
       4
       1
       1
       0
       0
       2
       1
       5
       2
       0
       1
       2
       2
       1
       2
       0
       3
       1
       4
       1
       1
       1
       1
       1
       3
       1
       0
       1
       1
       1
       0
       2
       1
       1
       1
       3
       0
       3
       0
       1
       1
       0
       1
       1
       1
       1
       0
       2
       2
       1
       1
       2
       1
       1
       2
       0
       2
       0
       2
       2
       0
       1
       3
       1
       1
       0
       1
       1
       0
       1
       1
       1
       1
       3
       1
       0
       1
       0
       1
       0
       2
       0
       2
       2
       0
       0
       2
       0
       3
       2
       0
       1
       2
       0
       1
       0
       1
       1
       0
       2
       2
       3
       1
       1
       0
       2
       1
       2
       0
       2
       0
       0
       1
       2
       0
       0
       1
       0
       2
       1
       2
       1
       2
       3
       3
       1
       1
       1
       2
       1
       0
       0
       0
       1
       1
       2
       0
       1
       1
       2
       0
       2
       1
       1
       0
       1
       5
       0
       1
       0
       1
       0
       1
       0
       0
       1
       2
       2
       0
       0
       0
       1
       1
       2
       2
       1
       1
       1
       0
       2
       1
       1
       0
       0
       1
       0
       1
       1
       2
       0
       0
       3
       4
       1
       1
       0
       1
       0
       1
       0
       0
       0
       2
       0
       1
       3
       2
       1
       0
       3
       0
       4
       0
       0
       3
       3
       1
       0
       1
       1
       1
       2
       0
       0
       2
       2
       1
       2
       0
       0
       3
       1
       1
       0
       1
       1
       0
       2
       1
       0
       1
       2
       3
       0
       1
       4
       1
       1
       1
       2
       0
       0
       3
       1
       1
       0
       3
       3
       2
       1
       1
       3
       0
       0
       2
       3
       1
       2
       1
       1
       2
       2
       0
       2
       0
       0
       2
       0
       1
       0
       0
       0
       1
       1
       0
       1
       2
       1
       1
       0
       2
       2
       1
       2
       1
       0
       2
       1
       2
       0
       3
       0
       1
       1
       2
       0
       1
       2
       1
       1
       2
       0
       1
       1
       0
       0
       2
       1
       0
       1
       1
       0
       2
       2
       1
       2
       1
       0
       2
       1
       1
       4
       0
       1
       0
       1
       3
       0
       0
       0
       0
       5
       0
       1
       0
       1
       1
       0
       2
       1
       0
       0
       2
       0
       0
       0
       2
       2
       1
       0
       0
       1
       3
       0
       1
       0
       1
       0
       1
       0
       2
       4
       0
       0
       4
       0
       0
       0
       1
       3
       0
       2
       2
       1
       0
       1
       1
       1
       0
       1
       2
       0
       3
       1
       0
       1
       1
       0
       3
       0
       2
       4
       2
       0
       0
       0
       0
       2
       1
       1
       3
       1
       0
       0
       2
       1
       2
       2
       0
       0
       1
       1
       1
       0
       1
       2
       4
       1
       1
       2
       1
       2
       1
       1
       0
       1
       3
       1
       0
       1
       1
       2
       0
       5
       0
       2
       2
       0
       1
       1
       1
       0
       1
       1
       2
       0
       2
       1
       2
       2
       0
       0
       0
       2
       2
       2
       0
       2
       2
       0
       2
       1
       3
       0
       1
       0
       1
       0
       2
       2
       1
       1
       1
       0
       3
       0
       1
       1
       1
       0
       3
       1
       0
       2
       0
       1
       6
       0
       0
       1
       2
       2
       2
       1
       0
       0
       0
       1
       2
       1
       0
       2
       1
       2
       1
       3
       0
       0
       0
       0
       0
       1
       0
       0
       0
       0
       0
       2
       0
       0
       2
       0
       1
       0
       1
       0
       0
       0
       1
       0
       1
       0
       0
       1
       1
       1
       0
       1
       3
       1
       1
       0
       0
       1
       1
       1
       1
       3
       0
       0
       0
       0
       0
       2
       2
       0
       0
       2
       2
       0
       1
       0
       0
       3
       2
       1
       3
       1
       1
       0
       0
       0
       1
       2
       1
       0
       0
       4
       1
       0
       0
       1
       2
       0
       0
       4
       1
       0
       1
       2
       1
       1
       2
       2
       2
       1
       2
       1
       2
       2
       3
       3
       1
       1
       2
       1
       2
       2
       1
       0
       1
       1
       2
       0
       1
       0
       1
       1
       3
       3
       1
       0
       3
       0
       3
       0
       1
       4
       1
       0
       2
       1
       1
       0
       0
       0
       0
       1
       0
       0
       1
       0
       1
       2
       4
       3
       1
       0
       2
       1
       1
       0
       0
       0
       0
       2
       2
       0
       0
       0
       2
       2
       0
       1
       1
       1
       0
       0
       3
       2
       0
       2
       1
       2
       2
       0
       2
       0
       1
       1
       0
       1
       4
       0
       1
       0
       1
       2
       1
       1
       0
       2
       3
       0
       0
       1
       3
       1
       0
       2
       0
       1
       1
       0
       0
       0
       1
       5
       1
       0
       1
       0
       0
       2
       3
       2
       0
       0
       0
       0
       1
       0
       0
       1
       1
       0
       0
       0
       1
       1
       1
       1
       0
       2
       0
       1
       2
       0
       0
       1
       2
       2
       2
       1
       0
       1
       2
       0
       0
       3
       0
       2
       1
       1
       0
       2
       1
       0
       1
       0
       2
       2
       2
       0
       0
       1
       0
       0
       0
       0
       2
       1
       3
       1
       0
       2
       1
       1
       0
       0
       1
       2
       1
       0
       1
       2
       1
       2
       1
       0
       1
       1
       1
       2
       0
       0
       1
       0
       2
       0
       1
       0
       0
       3
       2
       0
       0
       1
       0
       0
       1
       1
       0
       0
       1
       0
       1
       0
       0
       2
       2
       1
       2
       2
       1
       0
       1
       1
       0
       3
       1
       3
       2
       3
       3
       0
       0
       2
       0
       0
       1
       0
       2
       0
       0
       0
       0
       1
       2
       3
       3
       2
       0
       2
       2
       1
       3
       1
       0
       1
       0
       0
       0
       1
       1
       1
       0
       0
       3
       2
       1
       1
       0
       2
       2
       2
       3
       3
       2
       0
       2
       2
       0
       2
       2
       2
       1
       0
       3
       1
       1
       3
       0
       0
       0
       2
       0
       0
       0
       0
       0
       0
       0
       1
       1
       3
       2
       0
       1
       0
       0
       0
       1
       2
       1
       2
       3
       1
       0
       1
       1
       0
       0
       2
       1
       1
       1
       1
       0
       1
       0
       0
       1
       0
       2
       0
       0
       1
       2
       3
       2
       2
       1
       1
       4
       0
       1
       2
       0
       0
       2
       0
       1
       0
       2
       0
       3
       2
       1
       0
       0
       0
       0
       3
       4
       0
       2
       1
       0
       2
       1
       0
       0
       0
       0
       3
       0
       0
       1
       0
       2
       1
       1
       3
       3
       3
       0
       0
       1
       1
       0
       2
       0
       1
       2
       0
       2
       1
       1
       1
       1
       1
       0
       0
       0
       1
       2
       3
       4
       1
       4
       0
       4
       1
       1
       1
       0
       2
       0
       1
       3
       0
       1
       2
       1
       5
       1
       2
       1
       3
       1
       2
       0
       2
       1
       1
       3
       0
       1
       1
       1
       2
       0
       0
       2
       0
       0
       2
       4
       1
       0
       0
       0
       1
       1
       1
       2
       3
       1
       1
       2
       1
       2
       1
       1
       0
       2
       0
       0
       1
       0
       2
       0
       0
       0
       0
       2
       0
       3
       1
       1
       0
       0
       2
       0
       2
       1
       3
       1
       2
       2
       0
       1
       0
       2
       1
       1
       1
       0
       1
       0
       0
       0
       1
       1
       2
       0
       0
       0
       3
       0
       1
       1
       1
       1
       1
       2
       1
       2
       2
       5
       0
       1
       1
       4
       0
       4
       0
       2
       1
       1
       0
       1
       0
       0
       1
       3
       0
       1
       0
       2
       2
       1
       1
       1
       0
       2
       0
       1
       1
       2
       0
       1
       1
       4
       0
       1
       1
       0
       3
       3
       2
       0
       1
       1
       1
       2
       0
       0
       1
       0
       2
       0
       0
       1
       0
       1
       0
       2
       1
       1
       0
       1
       0
       2
       0
       1
       0
       0
       0
       2
       1
       4
       2
       3
       1
       0
       0
       0
       1
       0
       0
       1
       1
       0
       1
       0
       0
       1
       0
       2
       6
       2
       1
       0
       2
       1
       0
       3
       1
       3
       1
       1
       0
       2
       0
       0
       1
       1
       3
       0
       2
       2
       1
       1
       2
       2
       1
       0
       0
       0
       1
       1
       2
       2
       0
       4
       1
       3
       1
       3
       1
       2
       1
       1
       1
       3
       1
       0
       2
       0
       3
       0
       1
       1
       1
       2
       0
       1
       2
       2
       0
       1
       0
       1
       2
       0
       1
       1
       1
       1
       0
       1
       1
       1
       1
       1
       2
       1
       0
       2
       0
       0
       0
       1
       0
       0
       0
       0
       0
       0
       2
       1
       0
       0
       0
       1
       0
       2
       2
       0
       1
       1
       0
       2
       1
       1
       3
       0
       1
       1
       0
       3
       0
       0
       2
       1
       2
       2
       0
       2
       2
       0
       1
       1
       2
       2
       1
       0
       1
       3
       0
       0
       2
       1
       1
       0
       0
       1
       1
       0
       1
       1
       2
       1
       1
       0
       0
       3
       3
       1
       4
       1
       1
       0
       0
       1
       1
       1
       0
       1
       2
       1
       2
       0
       0
       3
       0
       0
       0
       0
       0
       1
       0
       2
       1
       1
       3
       1
       1
       2
       0
       1
       1
       1
       0
       0
       1
       1
       1
       1
       2
       0
       1
       0
       1
       1
       0
       0
       2
       2
       0
       1
       0
       1
       1
       1
       0
       0
       1
       2
       0
       1
       1
       0
       0
       2
       2
       2
       1
       2
       1
       0
       1
       0
       1
       2
       0
       2
       0
       2
       1
       3
       0
       0
       0
       1
       4
       2
       1
       2
       2
       2
       0
       2
       1
       0
       2
       0
       1
       2
       2
       2
       1
       1
       0
       1
       1
       0
       0
       2
       0
       1
       1
       0
       3
       1
       1
       1
       1
       0
       0
       1
       3
       2
       1
       1
       1
       2
       0
       0
       0
       1
       0
       1
       1
       0
       0
       2
       1
       3
       3
       2
       1
       0
       2
       3
       3
       1
       2
       2
       0
       0
       0
       0
       2
       0
       0
       0
       0
       0
       0
       1
       1
       2
       1
       1
       3
       0
       0
       1
       1
       2
       1
       0
       0
       0
       0
       1
       1
       1
       3
       0
       0
       2
       3
       1
       0
       2
       0
       0
       0
       2
       1
       0
       0
       1
       1
       1
       2
       0
       2
       0
       0
       0
       1
       1
       1
       1
       1
       1
       2
       2
       0
       0
       2
       0
       0
       1
       1
       2
       1
       0
       1
       0
       1
       2
       0
       3
       0
       1
       0
       1
       2
       0
       1
       0
       0
       0
       0
       0
       5
       0
       2
       1
       0
       1
       1
       4
       0
       2
       2
       0
       1
       0
       1
       0
       0
       1
       1
       1
       0
       3
       1
       0
       0
       1
       2
       0
       0
       0
       1
       0
       1
       1
       1
       1
       1
       0
       0
       0
       0
       2
       0
       0
       2
       0
       0
       0
       0
       0
       0
       0
       0
       0
       0
       0
       1
       0
       0
       0
       0
       0
       0
       1
       1
       2
       0
       0
       1
       3
       2
       2
       1
       0
       1
       1
       1
       1
       0
       4
       0
       1
       3
       1
       0
       2
       2
       1
       0
       1
       1
       0
       2
       1
       2
       2
       1
       1
       2
       3
       0
       2
       0
       1
       2
       0
       1
       1
       0
       1
       3
       2
       3
       0
       0
       0
       2
       0
       0
       0
       0
       0
       0
       0
       0
       0
       0
       0
       0
       0
       0
       0
       0
       0
       0
       0
       0
       0
       0
       0
       0
       0
       0
       0
       0
       0
       0
       0
       0
       0
       0
       0
       0
       0
       0
       0
       0
       0
       0
       0
       0
       0
       0
       0
       0
       0
       0
       0
       0
       0
       0
       0
       0
       0
       0
       0
       0
       0
       0
       0
       0
       0
       0
       0
       0
       0
       0
       0
       0
       0
       0
       0
       0
       0
       0
       0
       0
       0
       0
       0
       0
       0
       0
       0
       0
       0
       0
       0
       0
       0
       0
       0
       0
       0
       0
       0
       0
       0
       0
       0
       0
       0
       0
       0
       0
       0
       0
       0
       0
       0
       0
       0
       0
       0
       0
       0
       0
       0
       0
       0
       0
       0
       0
       0
       0
       0
       0
       0
       0
       0
       0
       0
       0
       0
       0
       0
       0
       0
       0
       0
       0
       0
       0
       0
       0
       0
       0
       0
       0
       0
       0
       0
       0
       0
       0
       0
       0
       0
       0
       0
       0
       0
       0
       0
       0
       0
       0
       0
       0
       0
       0
       0
       0
       0
       0
       0
       0
       0
       0
       0
       0
       0
       0
       0
       0
       0
       0
       0
       0
       0
       0
       0
       0
       0
       0
       0
       0
       0
       0
       0
       0
       0
       0
       0
       0
       0
       0
       0
       0
       0
       0
       0
       0
       0
       0
       0
       0
       0
       0
       0
       0
       0
       0
       0
       0
       0
       0
       0
       0
       0
       0
       0
       0
       0
       0
       0
       0
       0
       0
       0
       0
       0
       0
       0
       0
       0
       0
       0
       0
       0
       0
       0
       0
$ROI:
0
$PRESETS:
None
0
0
$ENER_FIT:
0.000000 0.533053
$MCA_CAL:
3
0.000000E+000 5.330531E-001 0.000000E+000 keV
$SHAPE_CAL:
3
0.000000E+000 0.000000E+000 0.000000E+000
