$SPEC_ID:
No sample description was entered.
$SPEC_REM:
DET# 1
DETDESC# DLAB-PHY-L3-48 Model 928 SN 14118571
AP# Maestro Version 7.01
$DATE_MEA:
03/06/2026 16:54:06
$MEAS_TIM:
332296 336598
$DATA:
0 16383
       0
       0
       0
       0
       0
       0
       0
       0
       0
       0
       0
       0
       0
       0
       0
       0
     907
     848
     711
     713
     558
     508
     415
     310
     266
     222
     167
     134
     111
      72
      54
      43
      42
      28
      36
      28
      21
      21
      35
      29
      35
      26
      26
      23
      18
      16
      24
      18
       9
      12
      15
       6
       4
       2
       5
       3
       1
       1
       3
       2
       1
       2
       4
      14
      23
      87
     509
    2594
    9706
   56518
  484344
 1417210
  995150
  372931
  265874
  232601
  219030
  214100
  214288
  217238
  223613
  230303
  238026
  246552
  255165
  264471
  272959
  283483
  291178
  299625
  308298
  319534
  327830
  335412
  344892
  354058
  362671
  371616
  380196
  390897
  400019
  409029
  418855
  428313
  438324
  449027
  459798
  470453
  482667
  491122
  503373
  515571
  525055
  537131
  549666
  561434
  570514
  583141
  593042
  605000
  613050
  623803
  633675
  643279
  652230
  662007
  670200
  677247
  685073
  691639
  697851
  702596
  708042
  712228
  719596
  723043
  725556
  725886
  729434
  731630
  735160
  736075
  735626
  735339
  736724
  737008
  736344
  734909
  734092
  733434
  731561
  729396
  726301
  723267
  720691
  716997
  713075
  710584
  704998
  701943
  696085
  692391
  687710
  681880
  678217
  672420
  664417
  658803
  653968
  646632
  639466
  633555
  625909
  620617
  612965
  605761
  600455
  591430
  585387
  577841
  570646
  563464
  558493
  551464
  544202
  535961
  529563
  524107
  516719
  511854
  504645
  497651
  491657
  485621
  478569
  474664
  468925
  463460
  457258
  452184
  447693
  442678
  437547
  432906
  428540
  422457
  417948
  414252
  410258
  405822
  402818
  398234
  394505
  391003
  387582
  383328
  380390
  377390
  374458
  370693
  367785
  364320
  361673
  358705
  355425
  352134
  349611
  347979
  344971
  343393
  339188
  336669
  333930
  331405
  329626
  325993
  323537
  321860
  319911
  316912
  314761
  312671
  310727
  308198
  306816
  303186
  302054
  297852
  295748
  294685
  291292
  289911
  288156
  286547
  283601
  281191
  280575
  277452
  275097
  273398
  271581
  269145
  267595
  266347
  264331
  261874
  259756
  258128
  255994
  254439
  252709
  251189
  249880
  247291
  246234
  243939
  241897
  240753
  238197
  237580
  235647
  234316
  232809
  231533
  229181
  228671
  226974
  225701
  223894
  222483
  221449
  219773
  219322
  218498
  215575
  214791
  214120
  212086
  211564
  209798
  207980
  207435
  206381
  206180
  203897
  203719
  202683
  200529
  200324
  199553
  197115
  197419
  196589
  195373
  195383
  193493
  192803
  191807
  189675
  190057
  189316
  189282
  187983
  187344
  186162
  185798
  186116
  184446
  184246
  183525
  183229
  182268
  181907
  181109
  180016
  179360
  178738
  179124
  178268
  176895
  176969
  176977
  176804
  175924
  175308
  176182
  174687
  174258
  173943
  173815
  173728
  172878
  171855
  172628
  171831
  171880
  171695
  171397
  170864
  170805
  169992
  170298
  170508
  170594
  170537
  170149
  170105
  169248
  169330
  168982
  169302
  168710
  168981
  168544
  169513
  168355
  168016
  167885
  168119
  167906
  167859
  167857
  168343
  167213
  167838
  167333
  166975
  167951
  167288
  167591
  167836
  167585
  167549
  167184
  167011
  167408
  167491
  168602
  166930
  167709
  167047
  167298
  167101
  168049
  167666
  167425
  167260
  167580
  167216
  167140
  167688
  167968
  167533
  168325
  167562
  167023
  167805
  167919
  167959
  168064
  167418
  168116
  168080
  167994
  167978
  168053
  167507
  168291
  168357
  167755
  167678
  168078
  167690
  167843
  168237
  168283
  167576
  168329
  168195
  168147
  168034
  167757
  167653
  168014
  168155
  167662
  168398
  168094
  168002
  167508
  167993
  168139
  168312
  168389
  167889
  167647
  168197
  167369
  167465
  167505
  168539
  168192
  167593
  167254
  167148
  167741
  167822
  167952
  167602
  166936
  167395
  166916
  166844
  167326
  167061
  167433
  166886
  167309
  167386
  166349
  166373
  167314
  166244
  166210
  165391
  165928
  166027
  166368
  166412
  164985
  165513
  166109
  165734
  164901
  164856
  164686
  164160
  164577
  165063
  164206
  164851
  164334
  163422
  163809
  163386
  163321
  163329
  163515
  162746
  162725
  161932
  162739
  162397
  162973
  162294
  162231
  161501
  162532
  161005
  160643
  161029
  160881
  160999
  160819
  160336
  160636
  159918
  160276
  159840
  159616
  158754
  158523
  158228
  158466
  158753
  157436
  158137
  157584
  157493
  157654
  156930
  156156
  156714
  156788
  155994
  155857
  155465
  154252
  154892
  155451
  154639
  153181
  153562
  153893
  154104
  153361
  153211
  153042
  152341
  152395
  151365
  151244
  151382
  151050
  151206
  150321
  149861
  150807
  149526
  149476
  149195
  148598
  148862
  148399
  147369
  147229
  147853
  146348
  146584
  146413
  146581
  145788
  144939
  145470
  145529
  145006
  144665
  143217
  143551
  143202
  143173
  143031
  142393
  141847
  141908
  141493
  140759
  140873
  140644
  139697
  139839
  139620
  139662
  139379
  138575
  137475
  137459
  137911
  136620
  137542
  136527
  136410
  135869
  136359
  134754
  135291
  134645
  134295
  134327
  133374
  134159
  132822
  132311
  132299
  132116
  131543
  131235
  131082
  130836
  130115
  129973
  129789
  129388
  128868
  128805
  128226
  127926
  127462
  127682
  127286
  126422
  126472
  126227
  126545
  125496
  125250
  124667
  124531
  123712
  123989
  123866
  124046
  123319
  122777
  122288
  122202
  121315
  121055
  120931
  120425
  120105
  120227
  119502
  119498
  118668
  118846
  118518
  118296
  117988
  117147
  116975
  116416
  116459
  116352
  116377
  116209
  115360
  114221
  113546
  113998
  113707
  113803
  112284
  112336
  112153
  112276
  112625
  111070
  110977
  110362
  110633
  109860
  110031
  109283
  109239
  108025
  108417
  108052
  107772
  106829
  106372
  106039
  105571
  105249
  105277
  104792
  104716
  104522
  104484
  103810
  103264
  102774
  102946
  102575
  101060
  101452
  101635
  101230
  100212
  100464
   99840
   99690
   99095
   99217
   98833
   98310
   97798
   97852
   97636
   96194
   96427
   96570
   95956
   95277
   94966
   94585
   94464
   93997
   93527
   93888
   92834
   92415
   92609
   92007
   92193
   91717
   91691
   91206
   90217
   90093
   90196
   90000
   89266
   89090
   89346
   88679
   88515
   88300
   87784
   87606
   86845
   86920
   86615
   86399
   85822
   85927
   85131
   85102
   85039
   84565
   83891
   83992
   84267
   83427
   83018
   83077
   82669
   81922
   81823
   81360
   81052
   81334
   81173
   80333
   80370
   80308
   79971
   79904
   79378
   79123
   78706
   78974
   78089
   77999
   78304
   77552
   77412
   76871
   76093
   76209
   76742
   76318
   76033
   75242
   75659
   75098
   74801
   74586
   73846
   74485
   73380
   73619
   73183
   72964
   73298
   72743
   72229
   72039
   72420
   71006
   71909
   71117
   70474
   70986
   70514
   70210
   70054
   69886
   69782
   69657
   69502
   69031
   69052
   68446
   68627
   68042
   68003
   68114
   67569
   67457
   66991
   66569
   67010
   66307
   65952
   65566
   65454
   65473
   65610
   65807
   64629
   64917
   64936
   64156
   64115
   64051
   63709
   63706
   63916
   62880
   62827
   62804
   62205
   62507
   62400
   61738
   62095
   61559
   61488
   61161
   61257
   60751
   60328
   60260
   60411
   60184
   60431
   59882
   59849
   59882
   58929
   59458
   58826
   58760
   58455
   58468
   58182
   58676
   57760
   57519
   57735
   57900
   57519
   56846
   57032
   56541
   56641
   56401
   56376
   55852
   55575
   55845
   55743
   55529
   55409
   55200
   54982
   54462
   54521
   54411
   54045
   53552
   54120
   53970
   54098
   53464
   53380
   53607
   53146
   53287
   53047
   52692
   52510
   52217
   52139
   51927
   51834
   51581
   51971
   51382
   51545
   51180
   50694
   50834
   50704
   50682
   50969
   50558
   49731
   49904
   50029
   50129
   49529
   49547
   49383
   49068
   48833
   49102
   48626
   48758
   48644
   48265
   48215
   48214
   48051
   47587
   47719
   47407
   47713
   47278
   46889
   46995
   46684
   46548
   46612
   46405
   46392
   45998
   45719
   45733
   45313
   45266
   44832
   45290
   45292
   44907
   44335
   44976
   44599
   44157
   44165
   43955
   43542
   43972
   43762
   43607
   43482
   43098
   43095
   42810
   43030
   42568
   42556
   42539
   41896
   42245
   41839
   41565
   41805
   41587
   41287
   41324
   41331
   40734
   40746
   40049
   40460
   40506
   40286
   39878
   40052
   39806
   39474
   39404
   39191
   39214
   39451
   39242
   39076
   38720
   38589
   38479
   38006
   38181
   37975
   37575
   37918
   37765
   37741
   37409
   37139
   37224
   37089
   37038
   36630
   36532
   36500
   36395
   36226
   36005
   36032
   35798
   35492
   35965
   35744
   35177
   35212
   34893
   35047
   34985
   35063
   34757
   34451
   34445
   34472
   34264
   34005
   34271
   34073
   33889
   33798
   33299
   33673
   33640
   33327
   33010
   33076
   33264
   33239
   33246
   32748
   33117
   32777
   32303
   32548
   32222
   32119
   32217
   32062
   31831
   31809
   31540
   31777
   31716
   31303
   31314
   30993
   31081
   31069
   31104
   30799
   30833
   30841
   30725
   30601
   30496
   30141
   30433
   30096
   30004
   30040
   29532
   29759
   29893
   29853
   29377
   29068
   29291
   29221
   29107
   29214
   29131
   28920
   28845
   28572
   28944
   28116
   28310
   28380
   28206
   28427
   27991
   27961
   28074
   27774
   27803
   27723
   27546
   27374
   27620
   27368
   27206
   26948
   27142
   27057
   26625
   27017
   26661
   26861
   26546
   26813
   26716
   26345
   26077
   26317
   26351
   25848
   26333
   26154
   25906
   25743
   25790
   25594
   25721
   25510
   25399
   25245
   25087
   25002
   25008
   25113
   24866
   24788
   24732
   24563
   24713
   24685
   24602
   24732
   24329
   24350
   24154
   24204
   23831
   24024
   23845
   23786
   23724
   23439
   23555
   23377
   23308
   23396
   23359
   23034
   23188
   23715
   22836
   22887
   22757
   22889
   22885
   22665
   22517
   22575
   22371
   22228
   22170
   22403
   21964
   22161
   21884
   21839
   21794
   21824
   21706
   21606
   21669
   21492
   21471
   21119
   21301
   21416
   21088
   20995
   21092
   21105
   20830
   21049
   20849
   20810
   20456
   20293
   20512
   20476
   20401
   20077
   20251
   20038
   20087
   20287
   20152
   19813
   20243
   19831
   19884
   19591
   19666
   19850
   19717
   19467
   19526
   19464
   19317
   19206
   19212
   19145
   19105
   19270
   19083
   18809
   18774
   18869
   18706
   18687
   18805
   18493
   18494
   18440
   18549
   18530
   18274
   18313
   18163
   18159
   18335
   18169
   18301
   18013
   18051
   17807
   17673
   17774
   17744
   17676
   17520
   17512
   17664
   17409
   17649
   17491
   17191
   17259
   17390
   17202
   17001
   17173
   17638
   16993
   17077
   16969
   16825
   16855
   16737
   16627
   16624
   16617
   16358
   16623
   16707
   16493
   16648
   16427
   16459
   16239
   16387
   16157
   16128
   16155
   16269
   16011
   16054
   16117
   15840
   15894
   15641
   15671
   15979
   15720
   15772
   15657
   15569
   15238
   15537
   15438
   15484
   15264
   15135
   15209
   15346
   14968
   15259
   14981
   15033
   14985
   14973
   15064
   14832
   14854
   14853
   14802
   14548
   14641
   14656
   14679
   14662
   14444
   14678
   14443
   14449
   14362
   14592
   14440
   14331
   14210
   14106
   14092
   14256
   13969
   13994
   13862
   13836
   13935
   13939
   13808
   13727
   13718
   13555
   13746
   13980
   13493
   13615
   13499
   13708
   13410
   13427
   13389
   13341
   13391
   13214
   13254
   13361
   13133
   12967
   13118
   13247
   13097
   12886
   13192
   12971
   12786
   12901
   12852
   12920
   12734
   12722
   12795
   12706
   12639
   12458
   12431
   12567
   12460
   12459
   12383
   12493
   12316
   12373
   12494
   12416
   12212
   12435
   11995
   12478
   12100
   12000
   12132
   11854
   12068
   11874
   11977
   11898
   11999
   11844
   11805
   11707
   11738
   11687
   11667
   11549
   11590
   11502
   11443
   11584
   11468
   11424
   11486
   11354
   11484
   11293
   11236
   11210
   11178
   11237
   11124
   11251
   11120
   11160
   10944
   11071
   10991
   10777
   10966
   10957
   11033
   10789
   10683
   10885
   10699
   10691
   10697
   10639
   10613
   10462
   10547
   10650
   10658
   10528
   10555
   10376
   10357
   10271
   10259
   10509
   10466
   10231
   10337
   10202
   10339
   10055
   10245
   10266
   10049
   10010
   10053
   10017
   10119
    9826
    9958
    9926
    9979
    9968
    9757
    9696
    9827
    9718
    9716
    9768
    9700
    9617
    9663
    9755
    9607
    9637
    9649
    9551
    9589
    9571
    9649
    9214
    9368
    9360
    9322
    9268
    9258
    9241
    9284
    9204
    9398
    9173
    9231
    9153
    9072
    9199
    9078
    9064
    9009
    9114
    9027
    9012
    8886
    8924
    8935
    8782
    8907
    8843
    8787
    8650
    8580
    8837
    8860
    8711
    8570
    8549
    8664
    8507
    8552
    8743
    8438
    8445
    8455
    8455
    8618
    8322
    8434
    8359
    8431
    8247
    8502
    8302
    8376
    8258
    8320
    8382
    8146
    8050
    8147
    8071
    7959
    8147
    8081
    7936
    8024
    8108
    7926
    7983
    8111
    7948
    7880
    8135
    7954
    7733
    7788
    7774
    7971
    7725
    7787
    7700
    7766
    7847
    7657
    7803
    7677
    7813
    7764
    7659
    7685
    7589
    7406
    7620
    7542
    7667
    7423
    7510
    7416
    7465
    7383
    7401
    7313
    7309
    7355
    7313
    7280
    7255
    7088
    7217
    7265
    7236
    7237
    7216
    7341
    7308
    7127
    7154
    7167
    7147
    7163
    7184
    7150
    6995
    6940
    7108
    6968
    6939
    7023
    7232
    6835
    7044
    6978
    6867
    6918
    7084
    6922
    6732
    7052
    6793
    6753
    6878
    6761
    6657
    6900
    6706
    6704
    6687
    6799
    6588
    6720
    6560
    6456
    6527
    6547
    6498
    6514
    6456
    6494
    6433
    6506
    6492
    6557
    6317
    6456
    6440
    6432
    6328
    6383
    6377
    6272
    6337
    6428
    6290
    6335
    6232
    6251
    6318
    6183
    6223
    6160
    6249
    6137
    6119
    6088
    6012
    6160
    6082
    6101
    6070
    6021
    6014
    6071
    5933
    5978
    5905
    5994
    5881
    5973
    5946
    5913
    5899
    5920
    5870
    5886
    5753
    5869
    5746
    5660
    5827
    5610
    5693
    5669
    5735
    5602
    5779
    5672
    5743
    5667
    5537
    5614
    5615
    5523
    5675
    5598
    5470
    5424
    5487
    5518
    5520
    5487
    5409
    5583
    5403
    5424
    5545
    5369
    5371
    5386
    5289
    5481
    5328
    5250
    5175
    5333
    5283
    5244
    5172
    5177
    5205
    5229
    5155
    5211
    5244
    5112
    5137
    5308
    5060
    5138
    5069
    5226
    5049
    5065
    5098
    5121
    4850
    5096
    5189
    5004
    5088
    4977
    4954
    4872
    4959
    4860
    4940
    4934
    4784
    4930
    4887
    4811
    4818
    4848
    4895
    4898
    4765
    4866
    4628
    4655
    4886
    4708
    4797
    4743
    4586
    4617
    4668
    4667
    4687
    4608
    4505
    4642
    4463
    4463
    4549
    4502
    4624
    4543
    4477
    4707
    4475
    4597
    4452
    4454
    4519
    4594
    4376
    4237
    4527
    4258
    4329
    4328
    4347
    4345
    4250
    4383
    4316
    4319
    4282
    4282
    4235
    4316
    4275
    4150
    4134
    4180
    4123
    4179
    4169
    4127
    4122
    4097
    4164
    4155
    4128
    4061
    4042
    4068
    4039
    4017
    4023
    4043
    4005
    4019
    4123
    3970
    3941
    4077
    4023
    3960
    3843
    3859
    3848
    4038
    4015
    3856
    3795
    3920
    3914
    3834
    3862
    3869
    3771
    3843
    3905
    3764
    3885
    3729
    3786
    3752
    3777
    3761
    3746
    3611
    3725
    3736
    3783
    3630
    3695
    3671
    3639
    3651
    3682
    3692
    3772
    3677
    3573
    3609
    3534
    3560
    3613
    3690
    3578
    3613
    3680
    3534
    3489
    3638
    3626
    3562
    3443
    3537
    3431
    3479
    3542
    3449
    3501
    3454
    3412
    3489
    3491
    3378
    3395
    3376
    3368
    3496
    3337
    3534
    3373
    3381
    3310
    3443
    3279
    3213
    3363
    3308
    3368
    3397
    3309
    3185
    3331
    3256
    3195
    3339
    3323
    3238
    3224
    3249
    3190
    3178
    3100
    3187
    3152
    3146
    3188
    3158
    3111
    3094
    3203
    3104
    3124
    3131
    3176
    3053
    3235
    3085
    3123
    3144
    3168
    3153
    3078
    3026
    3111
    3014
    3059
    2984
    3084
    2956
    2956
    3098
    3020
    3028
    3042
    3010
    3011
    3014
    3009
    2917
    3009
    2978
    2972
    2996
    3030
    2984
    2915
    2872
    2935
    2896
    2830
    2856
    2868
    2867
    2919
    2943
    2782
    2834
    2890
    2862
    2936
    2882
    2850
    2779
    2871
    2849
    2755
    2774
    2833
    2727
    2800
    2820
    2814
    2777
    2942
    2692
    2775
    2648
    2751
    2694
    2691
    2681
    2719
    2761
    2719
    2711
    2689
    2706
    2676
    2604
    2612
    2653
    2635
    2636
    2586
    2668
    2627
    2651
    2687
    2644
    2572
    2573
    2684
    2674
    2567
    2511
    2574
    2586
    2590
    2564
    2508
    2545
    2464
    2524
    2630
    2675
    2545
    2522
    2556
    2470
    2515
    2423
    2493
    2460
    2462
    2531
    2497
    2494
    2390
    2427
    2522
    2474
    2401
    2436
    2415
    2440
    2358
    2431
    2307
    2398
    2471
    2425
    2373
    2422
    2336
    2339
    2338
    2455
    2367
    2276
    2317
    2236
    2267
    2349
    2280
    2313
    2302
    2262
    2206
    2271
    2278
    2212
    2302
    2249
    2299
    2221
    2171
    2252
    2209
    2227
    2143
    2212
    2191
    2141
    2103
    2147
    2178
    2213
    2164
    2132
    2194
    2117
    2095
    2175
    2160
    2214
    2109
    2114
    2193
    2139
    2089
    2131
    2083
    2125
    2041
    2132
    2118
    2086
    2146
    2107
    2085
    2049
    2021
    2025
    2048
    2117
    2133
    2058
    2005
    2013
    1980
    2020
    2005
    1889
    1936
    2000
    1962
    1951
    2013
    1972
    1913
    2056
    1946
    1960
    1930
    1939
    1901
    1889
    1870
    1918
    1797
    1904
    1934
    1836
    1866
    1846
    1864
    1865
    1853
    1870
    1816
    1869
    1820
    1800
    1766
    1816
    1789
    1817
    1763
    1895
    1794
    1854
    1859
    1754
    1753
    1800
    1774
    1767
    1845
    1792
    1805
    1792
    1791
    1743
    1716
    1805
    1720
    1731
    1655
    1643
    1680
    1670
    1763
    1657
    1642
    1680
    1712
    1734
    1658
    1632
    1685
    1645
    1597
    1728
    1642
    1687
    1656
    1606
    1666
    1644
    1679
    1646
    1643
    1548
    1675
    1602
    1602
    1640
    1594
    1536
    1523
    1592
    1672
    1531
    1522
    1586
    1560
    1548
    1501
    1528
    1539
    1521
    1544
    1536
    1520
    1531
    1520
    1547
    1500
    1545
    1539
    1510
    1490
    1470
    1560
    1454
    1508
    1473
    1418
    1427
    1429
    1472
    1518
    1475
    1414
    1456
    1470
    1447
    1427
    1487
    1371
    1454
    1439
    1480
    1449
    1398
    1363
    1378
    1366
    1372
    1400
    1363
    1427
    1356
    1432
    1464
    1442
    1395
    1437
    1347
    1346
    1306
    1401
    1423
    1387
    1340
    1358
    1350
    1294
    1311
    1303
    1344
    1317
    1331
    1268
    1277
    1283
    1280
    1262
    1261
    1295
    1264
    1305
    1364
    1315
    1276
    1301
    1260
    1265
    1248
    1277
    1207
    1266
    1221
    1210
    1266
    1283
    1252
    1274
    1255
    1206
    1284
    1264
    1261
    1220
    1235
    1203
    1198
    1227
    1231
    1231
    1224
    1238
    1251
    1294
    1196
    1225
    1217
    1220
    1217
    1125
    1242
    1172
    1173
    1174
    1161
    1198
    1203
    1197
    1256
    1140
    1127
    1245
    1174
    1155
    1204
    1091
    1154
    1135
    1197
    1125
    1086
    1074
    1181
    1183
    1087
    1142
    1133
    1094
    1176
    1163
    1163
    1171
    1165
    1091
    1161
    1152
    1161
    1126
    1110
    1141
    1110
    1151
    1126
    1112
    1087
    1128
    1121
    1128
    1056
    1074
    1122
    1130
    1118
    1169
    1058
    1111
    1136
    1108
    1094
    1009
    1120
    1080
    1098
    1118
    1124
    1072
    1110
    1058
    1053
    1123
    1050
    1084
    1160
    1098
    1127
    1103
    1100
    1123
    1079
    1082
    1123
    1097
    1116
    1027
    1102
    1149
    1052
    1159
    1056
    1008
    1042
    1089
    1098
    1073
    1057
    1096
    1151
    1064
    1083
    1118
    1102
    1085
    1083
    1034
    1038
    1077
    1125
    1038
    1114
    1124
    1114
    1077
    1133
    1094
    1095
    1133
    1060
    1114
    1090
    1105
    1175
    1089
    1052
    1077
    1055
    1081
    1096
    1067
    1070
    1174
    1092
    1096
    1135
    1107
    1152
    1131
    1117
    1092
    1117
    1067
    1138
    1085
    1131
    1059
    1103
    1111
    1137
    1117
    1138
    1137
    1139
    1121
    1174
    1118
    1114
    1035
    1095
    1110
    1165
    1140
    1151
    1111
    1109
    1157
    1112
    1090
    1118
    1095
    1151
    1144
    1166
    1128
    1174
    1134
    1176
    1155
    1189
    1119
    1121
    1192
    1169
    1130
    1153
    1150
    1138
    1185
    1162
    1165
    1195
    1197
    1113
    1136
    1205
    1123
    1123
    1223
    1134
    1190
    1141
    1220
    1171
    1113
    1169
    1167
    1175
    1103
    1188
    1218
    1203
    1176
    1207
    1180
    1167
    1231
    1134
    1200
    1185
    1158
    1152
    1222
    1246
    1175
    1183
    1233
    1204
    1153
    1209
    1183
    1215
    1250
    1222
    1154
    1181
    1225
    1168
    1134
    1198
    1209
    1153
    1183
    1287
    1241
    1224
    1103
    1173
    1224
    1232
    1139
    1212
    1172
    1149
    1233
    1203
    1164
    1171
    1198
    1240
    1190
    1180
    1145
    1258
    1147
    1173
    1171
    1117
    1133
    1194
    1247
    1224
    1199
    1246
    1146
    1191
    1186
    1140
    1154
    1148
    1138
    1184
    1134
    1074
    1146
    1124
    1104
    1150
    1129
    1171
    1212
    1143
    1129
    1104
    1183
    1123
    1110
    1133
    1165
    1195
    1089
    1033
    1134
    1153
    1038
    1043
    1113
    1061
    1100
    1091
    1092
    1069
    1069
    1082
    1070
    1081
    1084
    1094
    1085
    1067
    1011
    1049
    1027
    1065
    1035
    1077
    1020
    1018
    1063
    1023
    1035
    1038
     960
    1000
    1035
    1002
     991
     937
     984
     964
    1003
     990
     960
     996
     915
     959
     975
    1004
     920
     911
     897
     938
     916
     887
     890
     867
     923
     918
     856
     841
     855
     854
     854
     839
     784
     864
     880
     868
     846
     829
     834
     788
     842
     837
     781
     791
     802
     773
     744
     780
     813
     739
     777
     796
     741
     775
     750
     699
     726
     748
     755
     720
     717
     703
     710
     714
     697
     664
     742
     702
     661
     698
     657
     677
     645
     678
     657
     617
     627
     646
     615
     584
     634
     634
     600
     596
     582
     606
     614
     584
     534
     580
     610
     568
     549
     560
     553
     558
     550
     553
     543
     552
     537
     545
     537
     524
     534
     515
     524
     452
     483
     488
     475
     501
     489
     469
     512
     420
     483
     483
     478
     484
     483
     473
     486
     482
     489
     441
     422
     459
     430
     461
     413
     460
     423
     404
     435
     403
     394
     421
     390
     431
     447
     413
     408
     415
     389
     363
     380
     395
     381
     412
     392
     378
     382
     388
     393
     383
     355
     388
     393
     385
     344
     387
     368
     354
     342
     347
     353
     350
     333
     349
     350
     338
     380
     354
     352
     346
     302
     331
     365
     359
     323
     355
     356
     321
     376
     340
     346
     350
     354
     322
     324
     323
     331
     320
     293
     294
     332
     333
     311
     289
     303
     318
     295
     285
     321
     321
     311
     301
     335
     338
     301
     330
     327
     309
     297
     295
     320
     298
     282
     288
     306
     273
     281
     274
     326
     282
     292
     282
     286
     324
     298
     310
     264
     290
     280
     301
     295
     317
     290
     282
     307
     260
     285
     319
     305
     265
     301
     267
     298
     285
     284
     287
     288
     269
     262
     271
     253
     300
     280
     296
     269
     258
     282
     275
     272
     300
     261
     271
     268
     273
     257
     269
     292
     231
     282
     266
     275
     261
     284
     265
     274
     260
     254
     308
     258
     295
     276
     246
     234
     235
     245
     237
     268
     265
     244
     264
     244
     248
     233
     249
     261
     278
     282
     260
     239
     246
     266
     267
     258
     236
     246
     251
     274
     281
     251
     226
     250
     276
     260
     258
     243
     245
     253
     252
     252
     254
     254
     275
     255
     263
     266
     258
     242
     245
     241
     236
     286
     244
     232
     245
     254
     273
     234
     212
     243
     228
     235
     255
     257
     279
     250
     202
     226
     262
     238
     202
     238
     238
     226
     268
     245
     251
     230
     232
     246
     214
     214
     215
     234
     224
     251
     251
     237
     244
     242
     225
     213
     235
     230
     264
     238
     228
     247
     230
     247
     232
     230
     223
     220
     209
     224
     222
     213
     218
     230
     232
     203
     238
     204
     222
     212
     215
     236
     245
     240
     242
     223
     215
     236
     218
     243
     236
     236
     221
     216
     220
     233
     243
     221
     220
     231
     210
     211
     197
     225
     245
     207
     227
     225
     212
     241
     250
     217
     219
     225
     183
     231
     222
     214
     202
     190
     228
     206
     244
     233
     203
     229
     221
     255
     224
     213
     227
     247
     223
     229
     233
     202
     232
     207
     207
     226
     218
     240
     222
     234
     223
     239
     218
     206
     244
     209
     203
     228
     223
     232
     204
     190
     182
     215
     201
     203
     225
     188
     199
     213
     222
     202
     219
     247
     183
     221
     214
     213
     200
     232
     192
     195
     195
     211
     213
     214
     207
     210
     211
     194
     213
     170
     170
     195
     216
     188
     205
     197
     208
     217
     219
     212
     216
     165
     201
     196
     206
     187
     212
     210
     203
     204
     190
     194
     195
     193
     191
     213
     189
     170
     179
     187
     206
     198
     189
     167
     201
     201
     160
     178
     213
     203
     177
     167
     195
     205
     198
     170
     154
     174
     193
     173
     160
     184
     189
     181
     189
     166
     195
     198
     185
     210
     168
     179
     173
     189
     166
     171
     146
     168
     169
     191
     151
     192
     170
     163
     159
     174
     181
     170
     164
     174
     184
     182
     155
     163
     168
     144
     157
     164
     151
     179
     158
     186
     147
     153
     168
     152
     143
     164
     160
     176
     158
     154
     145
     147
     152
     139
     186
     147
     172
     161
     168
     162
     172
     141
     155
     173
     158
     193
     145
     160
     175
     145
     162
     175
     147
     165
     136
     148
     156
     145
     161
     134
     138
     148
     132
     144
     165
     149
     143
     147
     160
     134
     148
     141
     158
     147
     152
     133
     137
     163
     135
     137
     131
     136
     147
     140
     125
     141
     158
     148
     143
     137
     116
     144
     132
     132
     130
     130
     129
     131
     132
     149
     123
     128
     112
     137
     131
     125
     130
     128
     130
     150
     131
     137
     135
     131
     130
     149
     118
     121
     126
      99
     125
     109
     135
     126
     138
     130
     127
     123
     148
     127
     118
     133
     126
     146
     133
     131
     108
     129
     108
     124
     128
     139
     130
     112
     107
     118
     117
     125
     117
     117
     118
     121
     140
     122
     137
     135
     125
     115
     112
     111
     101
     129
     102
     126
     116
     110
     111
     132
     121
     102
     124
     122
     113
     102
     119
      96
     112
     134
     113
     111
     114
     111
     116
     115
     106
     111
     110
     102
      97
     105
     116
     104
     139
     114
      99
     128
     121
     111
     114
     123
     122
     129
     126
      97
     111
     111
     125
     123
     106
     114
     104
     108
     104
     110
     115
     134
     125
     114
      98
     105
      84
     111
     116
     101
      95
     101
      90
     120
     115
     104
     111
     105
     111
      90
     126
     106
     112
     124
     106
     112
      99
     124
     119
     107
     104
     112
     123
     116
     111
      95
     125
      89
     116
     115
     108
      98
     121
     106
     114
     111
     109
      97
     122
     107
     108
     116
     111
     117
     106
     104
     106
     116
      99
      90
      92
     114
     116
     102
      86
     110
     103
      90
      97
      98
     113
     101
      89
      89
     100
     107
      99
     139
      96
     101
     103
     115
      99
     109
      86
     105
     114
     114
     101
      96
      94
      89
     112
      89
     118
     103
      97
      96
     104
     110
     121
     104
      90
      96
     106
     118
     114
     107
     116
      95
     115
     113
      97
     113
      99
     107
     119
      87
     110
     114
     124
      98
     119
      96
      88
     120
      81
     114
     109
     110
      97
      86
      91
      90
     104
      82
     117
     107
     108
     104
     124
      94
     127
     100
     110
     104
     109
     105
     118
      95
     116
     111
     103
     115
     107
     103
     106
     100
     100
     113
     104
      95
     110
     106
     109
     104
     112
     108
     113
      98
      97
     115
      93
      87
      91
     110
     116
     101
      99
      99
     115
     137
     119
     110
     107
      97
      99
     104
     115
     103
     117
     132
     109
     128
     109
     105
      91
     141
     104
     105
     102
      92
     132
      94
     109
     116
     105
      97
     107
     103
     104
     110
      99
     104
     122
     117
      88
     116
     113
      99
     115
     110
     100
     111
      95
     117
     121
      98
     114
      98
     109
     120
     127
     130
      97
     104
      89
     112
      92
     117
     108
     117
     108
     101
     111
      99
     109
     113
      92
     123
     131
     106
     135
     130
     111
     100
     115
      94
      88
     107
     108
      97
     101
     131
     116
     107
     114
     135
     101
     110
      95
     103
     123
     103
     130
     107
     131
     121
     106
      99
     117
     100
     116
     135
     115
     102
     130
     114
      97
     109
     123
     116
     122
      98
     122
     110
      91
     105
     128
     132
     101
     113
     125
     114
     120
     102
     109
     106
     107
     120
     103
     110
     111
      95
     103
     108
      98
      95
     106
     121
     109
     113
      96
     111
     109
     105
     123
     101
     114
     109
     118
      95
      90
     128
     100
     108
     113
     113
      95
     106
     114
     100
     101
     108
     106
     104
     124
     124
      98
     109
     119
     114
     112
      99
     124
     118
     126
     100
     118
     107
     121
     121
     116
     114
     104
     111
     117
     117
     107
     113
      95
      91
      83
     117
     101
      98
     116
     112
      93
      97
     111
     117
     101
     105
     132
     105
      96
     114
     107
     111
     103
     122
     120
     106
      91
     119
     111
     103
      96
     120
     102
      90
     115
      82
     108
     107
      96
     124
      82
     119
     112
     113
     105
     123
     108
      94
     101
      93
     110
      99
     125
     118
     116
      78
     128
      92
     102
     107
     102
     104
      89
     103
     100
     118
      97
      96
     113
     102
     102
      98
     101
     101
     109
     100
      83
      95
      91
      92
      83
      88
     107
      96
     106
      81
     114
      93
      96
     108
      95
     119
     112
     107
      98
      95
     115
      90
     102
      89
      90
      90
      96
      84
      95
     105
     103
      85
      98
     111
     111
     100
      94
     118
      90
     103
     100
     101
      98
      95
     110
      96
      89
     110
      94
      99
     100
      94
      93
      89
      98
      90
      94
      99
      85
     100
     101
     101
      95
      84
      81
      71
      88
      81
      96
     105
      87
     109
      95
     109
      86
     105
      80
      80
      99
     114
      87
     110
      79
      82
      91
      95
     101
      98
      96
      73
     108
     110
     107
      93
      92
      81
      84
      90
      81
      89
      93
      80
      93
      87
      90
      89
      94
      84
      87
      99
     101
      96
      90
      69
      91
      85
      83
      83
      93
      85
      76
      76
      93
     100
      87
     100
      80
      89
      82
      91
     102
      81
      83
      73
      72
      87
      78
      62
      85
      82
      76
      78
      88
      92
      96
      89
      85
      83
      76
      74
      98
      87
      72
      81
      73
      84
      89
      82
      74
      85
      79
      77
      82
      79
      76
      77
      81
      86
      84
     105
      72
      76
      76
      78
      81
      83
      80
      59
     100
      74
      62
      84
      76
      82
      86
      78
      91
      76
      64
      70
      68
      68
      75
      75
      89
      67
      75
      77
      65
      57
      81
      64
      79
      82
      69
      77
      78
      76
      81
      74
      80
      74
      88
      83
      96
      67
      68
      62
      58
      78
      59
      72
      63
      57
      72
      69
      91
      83
      76
      77
      72
      62
      56
      69
      72
      58
      76
      60
      73
      55
      69
      67
      57
      83
      66
      71
      78
      69
      73
      70
      79
      56
      69
      55
      70
      68
      65
      64
      64
      64
      75
      71
      72
      55
      61
      73
      71
      66
      81
      62
      66
      52
      70
      59
      59
      70
      53
      68
      66
      53
      69
      73
      60
      71
      55
      60
      66
      70
      63
      75
      52
      57
      78
      68
      60
      59
      50
      60
      58
      51
      44
      56
      70
      56
      83
      64
      49
      66
      61
      73
      61
      57
      57
      56
      60
      60
      61
      61
      74
      55
      65
      68
      64
      59
      73
      61
      55
      61
      49
      69
      43
      59
      69
      50
      52
      54
      52
      59
      65
      59
      59
      68
      81
      58
      61
      63
      54
      62
      43
      63
      60
      70
      54
      63
      54
      52
      57
      63
      53
      53
      53
      51
      62
      74
      58
      54
      52
      66
      62
      52
      66
      59
      51
      50
      48
      60
      45
      72
      61
      47
      72
      70
      55
      61
      44
      70
      51
      54
      63
      67
      67
      53
      59
      54
      51
      61
      59
      67
      62
      51
      55
      54
      66
      55
      60
      53
      48
      61
      57
      50
      58
      43
      54
      44
      56
      51
      66
      52
      52
      53
      61
      44
      51
      66
      54
      50
      63
      56
      55
      57
      56
      77
      49
      72
      51
      53
      58
      46
      54
      49
      66
      55
      56
      53
      58
      63
      51
      52
      55
      51
      52
      64
      39
      50
      56
      59
      44
      50
      65
      51
      56
      57
      64
      50
      46
      41
      53
      67
      54
      56
      53
      45
      54
      46
      54
      67
      54
      55
      43
      62
      64
      53
      65
      54
      55
      43
      54
      64
      65
      70
      43
      51
      70
      50
      57
      57
      67
      44
      43
      46
      54
      62
      36
      50
      54
      47
      40
      65
      54
      57
      56
      47
      53
      51
      64
      49
      61
      55
      65
      65
      58
      61
      52
      60
      67
      61
      59
      61
      50
      59
      55
      49
      60
      68
      58
      63
      60
      63
      74
      69
      57
      50
      55
      55
      50
      66
      59
      63
      69
      66
      59
      69
      55
      75
      59
      68
      61
      54
      50
      54
      68
      52
      58
      78
      76
      63
      64
      64
      65
      67
      69
      57
      61
      71
      80
      72
      68
      58
      49
      61
      63
      66
      68
      72
      81
      55
      59
      50
      59
      76
      59
      62
      59
      84
      84
      57
      63
      66
      67
      58
      62
      64
      61
      71
      73
      60
      58
      59
      49
      55
      55
      81
      64
      72
      60
      75
      75
      79
      75
      74
      57
      72
      68
      64
      78
      73
      73
      81
      69
      60
      54
      75
      79
      76
      74
      74
      80
      66
      69
      62
      65
      71
      76
      62
      57
      77
      76
      66
      65
      66
      72
      66
      75
      84
      63
      77
      69
      64
      58
      75
      79
      48
      66
      72
      65
      83
      81
      77
      83
      61
      73
      69
      69
      79
      66
      80
      56
      56
      66
      72
      77
      75
      78
      76
      87
      74
      68
      80
      57
      68
      83
      73
      65
      67
      62
      72
      86
      76
      75
      70
      71
      63
      65
      78
      77
      66
      69
      71
      70
      72
      82
      78
      87
      72
      73
      60
      70
      78
      77
      81
      69
      64
      90
      84
      67
      87
      68
      74
      65
      75
      83
      64
      73
      85
      76
     101
      76
      86
      62
      86
      73
      76
      80
      76
      84
      69
      64
      69
      67
      92
      73
      59
      67
      67
      73
      89
      88
      66
      74
      66
      71
      89
      65
      66
      74
      75
      83
      97
      87
      83
      79
      73
      80
      59
      73
      76
      78
      74
      80
      75
      94
      77
      67
      74
      68
      76
      77
      76
      69
      82
      83
      60
      83
      69
      72
      73
      83
      77
      76
      84
      70
      82
      79
      72
      62
      66
      73
      75
      76
      59
      59
      80
      63
      66
      63
      78
      72
      71
      63
      76
      64
      72
      55
      67
      78
      63
      75
      66
      63
      64
      77
      72
      55
      60
      58
      65
      61
      73
      86
      65
      57
      62
      78
      64
      74
      71
      72
      63
      76
      53
      63
      74
      68
      52
      55
      66
      56
      52
      64
      65
      63
      59
      72
      51
      62
      52
      49
      73
      64
      75
      66
      60
      48
      58
      60
      62
      69
      57
      49
      53
      45
      61
      56
      64
      73
      53
      60
      58
      60
      54
      65
      56
      56
      51
      46
      51
      68
      53
      57
      62
      44
      42
      60
      57
      59
      61
      51
      42
      37
      58
      54
      46
      50
      47
      45
      54
      45
      56
      46
      41
      45
      44
      63
      43
      47
      47
      43
      44
      39
      36
      54
      50
      43
      35
      41
      49
      45
      60
      43
      37
      37
      32
      44
      36
      44
      38
      34
      37
      41
      33
      42
      47
      44
      25
      28
      29
      30
      38
      33
      36
      37
      40
      35
      32
      39
      37
      31
      23
      29
      33
      31
      31
      35
      35
      30
      27
      31
      38
      23
      26
      20
      44
      24
      23
      27
      20
      33
      29
      25
      30
      40
      32
      28
      22
      26
      27
      23
      25
      29
      27
      22
      34
      25
      20
      31
      24
      30
      24
      18
      25
      25
      13
      25
      24
      22
      18
      17
      24
      23
      21
      25
      30
      23
      29
      30
      24
      29
      17
      18
      23
      11
      21
      26
      17
      23
      30
      22
      18
      20
      17
      22
      13
      14
      19
      14
      18
      15
      20
      13
      15
      21
      25
      17
      23
      21
      13
      12
      13
      12
      21
      17
      26
      21
      15
      14
      26
      18
      18
      14
      14
      23
      11
      14
      18
      10
      27
      18
      19
      14
      15
      15
      17
      16
      22
      18
       8
      12
      20
      17
      10
      15
      15
      13
      10
      15
      14
      11
      18
      13
      13
      19
      13
      11
       9
      14
      17
       6
      10
      17
      10
      13
      10
      13
      16
       9
      10
      13
       9
      11
      15
      19
      13
      13
      10
      15
      13
       9
      18
      15
      18
      19
       9
      12
      20
      21
      13
      12
      16
      21
      12
      22
      10
      21
      12
      15
       9
       6
      15
      19
      13
      11
      15
      11
       7
      12
      14
       8
      13
      17
      12
      14
      11
      14
       7
      11
      15
      21
      15
      12
       5
      10
      13
      12
      12
      10
      17
      10
       7
      13
      11
       8
       8
      12
       6
      18
      14
      10
      15
      17
       7
      11
      14
      17
      10
      14
       8
      17
      17
      16
      15
      14
      18
      12
      16
      14
      14
      11
       5
      14
      19
      17
      13
      13
       9
      16
      17
      12
      19
      12
      20
      15
      12
      17
      14
      13
      10
      19
      13
      15
      15
      10
      16
      15
      13
       9
      15
      17
      16
      14
      14
      11
      13
      10
      12
      10
      11
       7
      19
      11
      13
      17
      16
      20
      19
      15
      12
      14
      11
      13
      13
      15
      12
      11
      13
      10
      11
      18
       8
      14
      13
      11
      14
      11
      12
      16
      15
       9
       6
      13
      18
      14
      15
      10
      20
      13
      11
       7
      12
      18
      10
      14
      16
      14
      11
      13
       9
      15
      20
      10
      10
      15
      12
      14
      13
      12
      18
      21
      14
      13
       9
      15
      18
      13
      13
      11
      11
      13
      16
      25
      17
       4
      11
       8
      24
      16
      14
      16
      17
      17
      11
       8
      12
       8
      11
      17
      14
      13
      17
      14
      20
      11
      14
      15
      15
      19
       8
      14
       3
      12
      11
      10
      13
      12
      11
      12
      15
      10
      20
      14
      13
      13
      21
      10
       6
      18
      13
      12
      15
      12
      17
      12
      12
       8
       9
      12
      12
       6
       9
      16
      18
       9
      12
      11
       8
      10
      13
      10
       8
      12
      27
      11
       6
      11
      17
      12
      13
      14
      10
      11
      10
      11
      15
      12
      14
      11
      11
       5
      10
      13
      11
       7
      15
       9
       8
      13
      11
      17
      18
       8
      13
      10
      10
      10
      13
       6
      12
      15
      21
       9
       9
      20
      13
      18
      15
      10
       8
      10
      19
      14
      14
      11
      11
      16
      12
      13
      11
      14
      18
       7
       6
      11
      14
      13
       9
       9
      12
      10
       6
      10
      12
      12
       8
      21
      12
      10
      15
      12
      11
      10
      14
       8
      13
      15
      13
      14
      12
      14
      11
      16
      13
      11
      10
      11
      10
      17
      15
      14
      13
       9
      12
      11
      12
       8
      11
       8
      19
       7
      12
      10
      16
      10
      12
      13
      11
      14
      10
      11
      19
      10
       9
       7
       8
      11
      12
      12
      14
      17
      12
      13
      14
      12
       6
      10
      10
       8
      14
      10
      11
      10
      13
      14
      13
      12
      10
      18
      11
      11
       9
      13
      14
       8
      16
      10
      13
      11
      11
       9
      10
       8
       7
       8
      15
      11
      17
      13
       8
      11
      11
       8
      12
      11
       9
       8
      15
       9
      12
      12
       9
      11
      11
      12
      13
      10
      10
      12
      11
      19
      10
      11
       7
      13
      14
       7
      17
      14
      18
       7
      14
      10
      13
      12
      18
       9
      11
      12
       7
       9
      11
      10
      12
       8
      16
      12
       9
       9
      10
      12
       7
       8
      10
      17
      10
      11
      14
      10
      10
      12
      10
       9
      10
      10
      15
      12
      14
      11
      14
      13
      14
       8
       9
      13
      10
      12
      11
       7
      11
      10
      10
      11
      12
      12
      10
      17
      14
      17
      13
      12
      12
      12
      13
      17
       5
      13
       7
      16
       6
      11
      10
       9
      12
      11
      11
       9
      12
       7
      10
      14
       7
      17
      14
       8
      10
      11
      17
      13
       5
       5
      10
      10
      20
       9
      14
      11
      11
      13
       9
       8
       7
       4
      10
      14
       6
      13
      12
      12
       9
       9
      15
      12
       5
       8
      10
      11
      14
      14
      14
      12
      10
      16
       9
      11
       7
      15
      11
      13
       2
      12
      15
      12
       9
      15
      12
      16
      12
      17
       6
       5
      12
      14
      18
      10
      12
      11
      13
      15
      14
       5
      12
      15
       9
      15
      16
      12
       8
      16
      19
       4
      12
      13
      15
      13
       6
      10
      14
       6
      13
      14
       9
      15
      10
      10
       7
      11
       1
       6
      10
      12
      12
      13
       8
      11
      13
       7
       8
      18
      18
      10
      10
      13
      13
      12
       2
       7
       7
       8
      10
      10
       9
      11
      13
      14
       8
      11
       8
       9
      10
       7
      14
      16
      10
      13
      10
       8
       8
       7
      16
       4
      13
      11
       9
       9
      18
       9
       8
      11
      12
      12
      10
      14
       7
       6
       3
      11
       9
       9
      11
       6
      11
       8
      10
       4
      12
       9
       7
      13
       9
       9
      13
       6
      11
      11
       4
       6
       8
       9
      14
      13
       7
       8
       8
       9
      13
      11
      15
      12
       9
       9
      12
      11
       9
       9
       9
      13
      13
       8
      10
       7
       9
      10
       4
      11
      15
       9
       6
       9
      14
      13
      11
       8
      12
      10
      15
      11
       7
      12
      14
       5
      10
      12
      13
       7
      11
       7
      10
      14
      15
       8
       7
      12
      10
      13
       4
      11
       8
      14
       9
       6
      13
      10
       7
       7
       7
       7
      10
      10
       7
       9
      10
      12
      14
      13
       7
       9
      14
      12
       7
      12
       8
      18
       9
      12
       6
       9
      11
      13
       6
       6
       5
      11
       7
      10
       8
       7
       5
       6
       4
      14
      10
       9
      17
      13
      10
       8
       6
      12
       7
       6
      11
      15
       7
      17
       7
       7
      11
       7
       8
       6
      10
       6
      12
       8
      14
       7
      11
      12
       9
      10
      11
      13
       9
      11
       7
      12
       9
      13
       4
       6
       9
       6
      11
      19
       4
       7
      15
      13
      10
      10
       4
       6
      10
      14
      10
      10
      13
       9
       8
      16
       7
      16
      11
       9
       9
       4
       8
      14
       7
      12
      12
       8
      17
       8
      12
       9
       9
      14
      13
      12
      13
      13
      14
      13
       8
       5
      11
       7
      16
       6
       9
       8
      11
       9
      15
      10
      10
       9
      11
      12
      11
       8
       6
       9
      12
      14
       5
      11
      10
      13
      10
      13
      12
      12
       9
      10
       8
      18
      12
       9
      10
      15
      10
      12
       8
      10
       9
       7
      13
       9
      11
      10
       6
      11
       8
       5
      11
      14
      11
      11
      16
       8
      23
      12
       7
       8
      11
       9
       5
      13
      11
       5
       8
      10
      10
       9
      12
      10
      21
      12
       7
       6
       7
       7
      13
      12
      13
       9
       9
       8
      12
      11
       5
       9
      14
      11
       7
       7
      14
       9
       6
      10
       9
      12
      10
      14
       9
      11
       9
       5
      10
       7
      10
      10
      11
      10
       6
       4
       8
      15
      10
      11
      10
       9
      18
      10
       9
      12
      10
       9
      10
       8
       7
       9
       7
       9
      10
      13
       7
       8
       8
       9
      16
      14
      16
      12
       8
       9
       4
       6
       7
       8
      11
       7
       5
       4
       7
       7
       6
      10
       8
       5
      12
      14
      10
       8
      13
       9
       7
      10
       7
      10
      12
       7
      14
       4
      14
      10
       5
      12
      15
       8
       6
      13
       8
      12
      12
       9
      10
       5
       6
       8
       8
       7
       7
      10
       7
      10
       9
      12
       9
       7
      11
       8
       9
       8
       8
      10
       8
       9
      14
      13
      10
       7
       9
      12
       9
       8
      11
      13
       8
       6
       7
      12
       8
       6
       4
       9
      11
       7
       6
       8
       8
       5
       9
      12
       9
       5
       8
      17
       9
      10
       8
      10
       5
       5
      11
       5
       8
       7
       6
       6
       7
      10
      15
      14
      17
      10
       7
       9
       9
       9
       9
       8
      10
       6
      15
      13
      10
       8
       9
      13
      10
       7
      12
       5
      10
      12
       5
      12
      10
       9
       7
      10
      11
       5
      10
      14
      12
      11
       8
       7
       4
      10
       7
      11
       6
       8
      11
      12
       6
       3
       4
       6
       8
       7
      13
       7
       9
      12
       8
      11
      10
       3
       5
      10
       9
       8
       7
       6
      10
      13
      13
       6
      12
      11
      10
       9
      10
       5
      11
       4
       7
      12
       6
      11
       9
       8
       3
       8
       8
      10
       8
       9
       9
       7
       8
       8
       8
      11
      10
      12
       9
       9
       9
       5
      16
      10
       9
      13
       8
      10
       3
       7
      10
       8
       6
       8
      11
       5
      17
       8
       8
       4
      13
      10
      12
      10
       9
       6
       8
       8
       6
      10
       3
       7
       8
       6
       7
       6
       4
      10
      11
      12
       6
       8
      11
       5
      11
       6
      12
       6
      12
       9
      13
      15
      13
      10
       6
       2
      10
       9
       9
       6
       6
      12
      11
       7
       4
      10
      14
      10
       3
      10
       9
       7
       8
       4
      10
       6
       5
      10
       6
       4
       7
      10
       7
       7
       8
      17
      10
       8
      12
       7
      14
      14
       7
       9
       7
      11
       8
       7
       8
      10
       9
       6
      14
       9
      11
      13
      10
       2
       5
      10
       8
       9
      11
       9
       8
      12
      15
      13
       6
       5
       8
       4
       7
       8
       7
       7
       6
      10
       9
       6
       8
      11
      12
       7
       6
       7
       9
       6
       7
       7
       5
      12
      14
       4
       8
       6
      12
       6
       8
       6
      11
       8
      13
       7
       8
       5
       7
      11
       8
      10
      10
      13
      10
       5
      11
      10
       8
      11
      11
       7
       8
      11
       6
       5
       9
       6
       5
       9
       6
       8
      12
      11
       8
       6
       6
       7
       4
      10
       6
       6
      13
      11
      11
      15
      12
      11
       8
       5
       7
      11
       9
      11
      11
       9
      10
       8
       8
       6
      14
       6
       3
       8
       7
      10
       9
       8
       5
       7
       7
       8
      10
       7
       8
       6
      10
       9
       8
       8
       6
       8
      11
      11
       9
       7
       2
       6
       8
      15
      10
      11
       9
      12
       8
       6
      10
       6
      10
       7
       2
       6
       9
      10
       9
      16
      11
       6
      12
       9
       6
       5
       7
       8
       7
       3
       5
      12
       4
      10
       5
       9
       9
      10
      10
       9
      10
       9
       5
      11
       9
       6
       6
       6
       9
       7
       6
      10
       8
      11
      10
       8
      10
       4
      10
       8
      12
       5
       9
       8
       6
      12
      10
      10
       8
       5
      12
      10
      11
       5
       8
      13
       8
       9
       6
       7
      10
      10
       5
      10
       5
      11
       7
      11
       9
       8
       8
      10
       9
      14
       7
      13
       7
       7
      11
       8
       6
       8
      11
      10
       6
       6
       3
       6
       6
      14
       7
       7
       4
       6
       9
       9
       9
       3
       8
      14
      10
       6
       7
       6
       7
      11
       7
       8
       6
      11
       7
       8
       7
       9
      13
       3
      10
       8
       6
      10
      17
       6
       5
      12
      10
      11
       7
       7
      13
       3
       9
      11
      10
      11
       7
       9
       5
       9
      11
       9
       6
       9
       7
      12
       9
       3
       8
      12
       9
       6
       6
      18
       3
       9
       7
      10
       5
       4
       7
       8
       9
       9
       3
       7
       6
      11
       7
       8
      19
      12
      10
      15
      10
       7
       7
       6
       6
       6
       7
      12
      12
      10
      12
       7
      11
       5
       8
       7
       5
      12
       8
      10
       9
      10
      11
      10
       7
       6
       4
      10
      11
      10
       6
       8
       4
       4
      11
      10
       6
      12
       7
       7
       7
       9
       9
       5
      10
       7
       3
       7
      11
       5
       8
      10
       7
      11
       7
      11
       9
       9
       7
       8
       8
       7
       3
       3
       9
      10
      10
       4
      11
      10
      10
       4
       8
       5
       7
       8
      11
       7
      11
       7
      11
       5
       5
      13
       9
       9
      10
       7
      13
       9
      13
      11
       6
      14
      11
       9
      15
      10
       8
       5
       7
       5
       9
       9
       8
       7
       9
       6
       9
       4
       7
      10
       5
      10
      10
       8
       4
       5
       5
      10
       4
      10
       9
      10
       3
       7
      10
      16
       9
       6
       4
       3
       8
      10
       8
       9
       4
       7
       8
       4
       9
      13
       8
       9
      11
       8
      14
       5
       8
      12
       8
      13
       6
       5
       9
       7
       5
      12
      12
       8
       7
      11
       8
       6
      12
       8
       3
       7
      10
       7
      12
       7
      11
      10
       7
       5
      11
       9
       7
       6
       6
      13
       8
      10
       6
       6
       8
      11
       8
       8
       9
      11
       3
      13
      12
       9
       9
      11
      10
      10
      13
       5
       5
       3
      10
      10
       3
       4
       9
      10
      13
      13
       9
       9
      11
      10
       3
      11
       8
      12
       8
      12
       8
      10
       4
      13
       9
       7
       7
      10
       3
      10
       8
      11
      14
       5
       6
       5
      13
       7
      17
       9
       9
       8
       8
       6
       8
       3
      10
       6
       7
      12
       3
       7
       7
       7
       5
       7
       9
       7
       6
       6
       7
       8
       6
       8
       4
       8
      10
       6
      12
       6
      12
      11
       7
       7
       8
       8
      11
      10
      12
       6
       6
      12
       4
       8
       5
       9
       7
       8
      16
       8
       3
       7
       7
      10
       8
      17
       9
       9
       4
       6
       7
      12
       5
      10
       6
       9
       5
       9
       7
       7
       6
       8
       8
       7
      12
      10
       6
      11
       3
       6
      13
       7
      12
       9
       9
       6
       8
       9
       5
       5
       5
       8
       8
       5
       5
      11
       6
       7
      12
      10
       8
       8
       5
       5
       9
      12
      12
       8
       8
      10
      10
       8
       5
      10
       7
      10
      13
       8
       8
       7
       8
       6
       5
       9
       8
      12
       9
      10
       6
       4
       5
       7
       6
       4
      10
       9
       5
      13
       6
      10
       1
       9
       8
       7
      10
       7
      13
       6
      10
       5
       6
       5
       9
       9
      11
       8
       9
       8
       5
       5
       8
       6
      11
       8
       8
       6
       6
       8
       7
       8
      11
      11
       5
       7
       6
      10
       8
       6
       9
      14
      10
       8
       9
       9
       6
       5
       7
       6
       4
       8
       3
      10
       6
       8
      10
       9
       4
       7
       6
       9
       8
       5
       8
       6
       7
       7
       9
       7
       8
       7
       8
       8
       3
       4
       6
      11
       9
       3
       7
       4
       7
      12
       8
       7
       8
       5
       9
       8
       7
       7
       3
       7
       7
      10
      13
       8
       8
       6
       6
       3
      10
      13
       5
      10
      13
      10
       6
       6
       8
       6
       5
      12
      14
       8
      10
       6
       8
      11
       3
       6
       8
       6
       9
       5
       7
       4
      12
       2
       3
       9
      18
       2
       5
       5
      12
       5
       3
      11
       7
       9
       7
       9
      10
       3
      12
      10
       9
      13
       9
       5
       6
       9
       9
       7
       9
      10
       6
      13
       8
       6
      10
      11
       7
       6
      11
       5
       7
       8
       6
       6
       6
       9
       6
       5
       4
       4
       7
       9
       6
       9
       5
      12
      15
      10
       8
       3
       8
       4
       6
       8
       7
       6
       7
       7
      14
       6
      10
      12
       9
      11
      11
      10
       8
       9
       5
       7
       6
       8
      12
       5
       7
       6
       3
       6
       7
       7
       8
       1
       5
       7
       5
      11
       7
       4
      12
       6
       9
      11
      10
      11
       4
       8
       4
       6
       9
       9
      10
       8
       6
       7
       6
       3
       9
      11
      12
       8
       4
       4
       6
      14
       3
      10
       9
       8
      14
       5
      12
       5
       5
       7
       4
       7
       5
       6
      10
       8
       4
       9
       8
      10
       7
       9
       7
      11
       6
       6
       9
       6
       7
       6
       6
       8
      12
       8
      10
       8
      10
       7
      11
       3
       6
       9
       6
       6
      10
       3
       6
      12
       7
       3
       7
       4
       6
       8
      10
       9
       9
       7
      10
       8
       6
      14
       7
       6
      12
       8
       6
       9
       7
       8
      12
       6
      12
       4
       5
      10
       8
       7
       6
       8
      15
       7
       6
       9
      10
       7
       7
       7
      10
       6
       9
       6
       6
      11
       9
       8
       4
      10
       6
      10
       5
       6
       8
      13
       6
      11
       5
      18
      11
       5
       9
       3
      10
       6
      12
       4
       6
       5
      12
       6
      10
      10
      11
       9
       8
       8
       5
       7
       6
      12
      13
       7
       4
       7
       5
       3
       9
       9
      10
      13
       8
       6
       5
      12
       7
       6
       5
       3
       9
       9
       6
      11
      10
       7
       7
      19
      10
       6
       3
       7
      10
       8
      10
       8
       8
      11
       9
       8
      10
       7
       7
       5
       8
       9
       5
       4
       5
       7
       7
       8
       5
       9
      13
       4
       5
       8
       3
       5
      10
       5
      11
       8
       9
       8
      11
       7
       5
       5
      10
       4
       5
      10
       8
       5
       7
      10
      10
      12
       3
       8
       5
       5
       9
       5
      14
       7
       4
       9
       7
      10
       7
       6
       2
       8
       5
       7
       4
      10
       8
       8
       8
       8
       2
      17
       4
       6
      15
       4
       9
       6
       9
       4
       7
       7
       2
       9
       5
       8
       6
       2
      10
       7
       4
      11
       2
       8
       7
      11
       5
       3
      10
       7
       6
       6
       9
       8
       6
       9
       3
       5
      11
       7
       6
       5
       7
       9
       9
       5
      11
       9
       4
       7
       8
       4
      10
       8
      12
       9
      14
      11
       9
       6
       4
       6
       8
      10
      14
       4
      10
       9
       7
       6
      10
      11
       8
       9
      11
       7
       4
      10
       5
       9
       4
       4
      11
       7
       9
       7
       8
       8
       6
       6
      11
       0
       8
       9
       3
       5
       7
       4
       4
      10
       5
       9
       5
       7
       6
      10
       5
       8
       8
       6
      13
       3
       7
       8
       4
       6
       4
      11
       8
       9
      10
       8
      10
       8
      10
       5
       7
      11
      16
      10
       5
       4
       6
       9
       5
       8
      12
      11
      11
       9
       9
       7
       2
       9
       6
       7
      10
       4
      10
      10
      10
       4
       7
       9
       3
      10
       4
      10
       6
       6
      10
       5
       7
       7
       8
      10
       6
      10
       5
       5
       9
       6
      13
       9
       5
       9
      11
       9
       9
       6
       5
       9
      11
       4
       9
       8
       5
       9
       3
       9
      11
      12
       9
       5
       8
       9
       6
       6
       8
       8
      10
       5
       6
       9
       6
       9
      10
       8
       9
       9
       7
      11
      10
      11
      10
      10
       5
       8
       9
      11
       7
       9
       7
       7
       5
       4
      11
      10
       6
       7
       8
       8
       7
      11
       6
       9
       8
       9
       7
       8
       7
       9
      10
       7
       5
       7
       4
      11
       6
      19
       6
       6
      10
       9
       8
       7
       4
       5
       5
       6
       6
       6
       5
       3
       7
       5
       5
       6
       7
       4
       3
      10
       7
       8
      10
       7
       7
       6
      12
       8
       4
       1
       5
       3
       4
       8
       5
       8
       7
       5
       4
       6
      13
       7
       5
       7
      11
      13
       5
       7
       9
       9
      11
      11
       6
       5
       7
       9
       7
       7
       7
       6
      11
       4
       6
      10
      13
       7
       6
      12
       2
       4
       9
       5
       6
       9
       8
       8
       3
       8
      13
      12
       5
       3
      10
       7
       4
      12
       4
       8
       7
       8
       5
       7
       4
      11
       7
       6
       6
      10
       8
       7
       5
       9
       5
      11
       9
       3
      10
       5
       6
       8
      10
       7
       6
      14
       9
      11
       5
       3
       8
      10
       6
       9
       9
       5
       9
      10
       9
      18
       9
       3
       7
       7
       9
       5
      12
       7
       7
       6
       5
       7
       6
       4
       6
       6
      10
       5
       4
       6
       5
       8
      10
       7
      12
       9
       7
       9
      13
       6
       7
       4
       6
       9
       6
      13
       8
       6
       7
       6
       7
       4
       6
      13
       7
      11
       9
       7
       5
       3
       7
      10
       1
      12
      11
       7
       9
       6
       6
       6
       8
      14
      10
       9
       5
       8
      11
      11
       8
       6
       6
       8
       5
       4
       7
       8
       6
       9
       8
       8
       6
      11
       6
       6
       8
       7
       3
       6
       5
      11
      14
      10
       7
       6
       6
      11
       9
       9
      11
       7
      10
       8
       7
      10
       7
      11
       4
       5
       4
       7
       7
       7
      10
      11
       6
       7
      10
       7
       8
       7
       7
       4
       6
      10
       6
       9
       9
       3
       4
       6
       4
       7
       9
       8
       5
       5
       7
      10
       1
       8
       4
      10
       8
       6
       6
       5
       9
       6
       2
       4
      10
       6
       9
       4
       7
       8
       6
       7
       6
      10
       5
       8
      14
       7
       7
       4
       9
      12
       4
       5
       7
       5
       4
       6
       4
       7
       6
       7
       8
       6
      11
      10
       7
       5
       6
       6
       6
       9
       8
       5
       4
      12
       9
       7
       7
       9
       4
      10
       9
       9
       6
       7
       6
       8
       6
       6
       4
       4
       7
       3
       6
       5
       5
       9
       1
       4
       6
      12
       8
       6
      10
       6
       6
       7
       5
       6
       4
       7
       4
       7
       9
       9
      10
       3
       8
       3
       6
       4
       8
      12
       5
       8
      12
       3
       2
       9
      11
       6
       9
       4
       1
      11
       7
       8
       3
       3
       8
       6
       9
       9
       8
       4
       5
      10
       7
       2
       8
      13
       8
       7
       5
       6
       5
       4
      10
       5
      10
       3
       6
      11
       6
      12
       9
       6
       8
       5
       8
       7
      11
      13
      11
       7
       9
       5
       5
       5
       8
       6
       7
       7
      10
       6
       4
       8
      11
       6
      10
       5
       8
      12
       4
      11
       7
       7
       7
       8
       7
       9
       7
       7
       5
       6
       4
       6
       5
       9
       5
       6
       9
       5
       7
       3
       7
      10
       7
       9
      10
       9
      12
       8
       6
       4
       8
      10
      12
       5
       5
       9
       4
       5
       5
       8
       3
       9
       9
       5
       7
       9
       9
       4
       3
       5
       9
       6
       9
       8
       9
       9
       5
      11
       8
       8
       4
       9
       5
       8
       9
      11
       6
       7
       5
       5
       7
       9
      13
       5
       7
       8
       7
      10
       6
       6
       6
       7
       5
       8
       2
       6
       8
       9
      10
       8
       9
       9
       4
       6
       7
       8
       8
       9
       8
       5
       7
       6
       6
      10
       9
       6
       4
       3
       8
       7
       6
       9
       3
      10
       5
       6
      10
       7
       9
      12
       4
       6
       9
       9
       7
       4
       9
       9
      12
       7
       4
       4
      10
       9
       6
       3
       9
       5
       2
       8
      10
       6
       9
       3
       9
      11
       5
       3
       7
       7
       4
       9
       9
       7
      12
      11
       5
       6
      11
       6
       8
       5
       6
       5
       5
      10
       8
       7
      11
       4
      11
       7
       8
       3
       6
      11
       7
       8
       4
       8
       9
      13
       5
       9
       5
       5
      11
      10
       4
       5
       6
       2
       6
       7
       6
       8
       6
       9
       5
       4
       8
       6
      11
       5
       9
       6
       5
       6
       5
       9
       5
      11
      10
       9
       5
       8
      10
       6
       6
       8
       9
       7
       5
      13
       5
       8
       6
       2
       7
       6
       9
       4
       8
       9
       6
       4
       6
       4
       4
       9
       5
       6
       4
       6
       5
       7
       8
      12
       9
       8
      10
       4
       5
       8
       4
       7
       5
       9
       5
       7
       4
       6
       5
       5
       7
       6
       7
       9
      10
       9
       3
       5
      17
       5
      10
       9
       4
       7
       4
       8
      10
       6
       5
       3
       9
       5
      14
       4
       9
       6
       6
       8
       5
       6
       9
      10
       7
       5
       7
       7
       7
       8
       6
       8
      11
       7
       5
       3
       6
       8
       4
       5
       6
       5
       7
       3
      10
       3
      10
       7
       8
       8
       1
       8
       6
       5
       5
       7
       9
       8
      13
       7
       6
       5
       8
       7
       4
       8
       8
       6
       3
      10
       9
       8
       3
       8
       6
       7
       7
       5
       9
       9
       9
       5
       5
       7
       8
       3
       5
       4
       4
      12
       4
       6
      10
       9
       5
       6
       8
      10
       5
      12
       7
       6
       6
       8
       8
      10
       5
       3
       5
      10
       6
       4
       6
      10
       4
       6
      12
       3
      11
       4
       5
       7
       9
      12
       5
       6
       3
       7
       6
       4
       6
       9
       7
      13
       9
       3
       6
       8
       4
      10
       9
       9
      11
       6
       4
       4
       9
       4
       4
       8
       5
       9
       4
       5
       8
       9
       9
       7
      10
       8
       9
       7
       8
       4
       9
       8
       3
       6
       8
       6
       8
       5
      15
       3
       7
       5
      10
       6
       9
       8
       7
       8
       4
       3
       5
       2
      10
       7
       7
       9
       7
      11
      11
       5
       7
      12
       5
       4
       8
       8
       4
       6
       8
       7
       7
       5
       5
       7
       8
       3
       4
       7
      10
       4
       6
       4
       6
       8
      12
       5
       7
       6
       2
       4
       4
       3
       5
       6
       2
      11
       2
       5
       5
       6
      10
       4
       4
       8
       5
      11
       6
       4
       8
       8
      10
       7
       4
       1
       7
       8
       8
      14
       8
       5
       6
       8
       6
       8
       9
       7
       4
       2
       5
       3
       3
       4
      12
       3
       7
       6
       7
       5
       4
       6
       9
       6
       5
      10
       4
       3
       3
       6
       7
       9
      10
       5
       4
       8
       3
      16
       7
       7
       4
       9
       3
       6
       2
       5
       8
       2
       5
       5
       7
       8
       5
       5
       5
      12
       9
       7
       5
       5
       7
       7
       5
       4
       4
       4
       6
       8
       7
       6
       8
       9
       5
       2
      11
      13
       3
       9
       7
       4
       9
       4
       4
       2
       2
       6
       6
       8
      10
      11
       5
       6
       6
      12
       6
       7
       7
      11
      10
       4
       4
       7
       9
       8
       5
       5
      10
       6
       4
       9
       8
       8
       6
       6
       3
       4
       6
       5
       5
       8
      11
       8
      13
       3
       8
       8
       7
       7
       2
       9
       6
       6
       4
       9
       6
       9
       5
       7
       4
       6
       9
       6
       8
       4
       7
       3
       5
       8
      10
      10
       5
       2
       6
       9
       2
       6
       6
      11
       8
       8
       6
       8
      11
       5
       8
       3
       6
       6
      11
       8
       4
      14
       8
       9
       5
       7
      10
       3
      10
       4
       5
       3
       7
      12
      11
       7
       4
       5
       7
       7
       7
       6
       4
       7
       7
       2
       5
       8
       8
       5
       2
       6
       5
       4
       4
       8
       9
       5
       7
       7
       2
       8
       9
       6
       5
       7
       8
       6
      10
       6
       9
       6
       5
       8
       7
       4
       8
       9
       6
      11
       4
       3
       8
       6
       5
       8
       4
       4
      10
       7
       3
       5
       2
       6
       7
       6
       2
       3
       2
       8
       9
       8
       6
       9
       7
       5
       3
       5
       6
       7
       5
       1
      11
       7
       3
       8
       4
       8
       4
       8
       5
       4
       4
       8
       0
       4
       6
       6
       3
       5
       7
       5
       6
       4
       8
       5
      14
       7
       7
       7
      10
       8
       5
       8
       7
       5
      10
       9
       5
       9
       6
       5
       5
       9
      10
       4
       9
       4
       6
       8
      11
       8
       6
       8
       2
       9
       7
       7
       3
       6
       5
       7
       9
      10
       2
       4
       5
       6
       7
       3
       7
       9
       6
       7
       7
       4
       9
      12
       7
       8
       8
       9
       4
      12
       7
       8
       4
       7
       6
       4
       8
       6
       9
       4
       8
       6
      11
       4
       4
       6
       6
       6
       8
       7
       5
       4
       8
       9
       6
       4
       9
       5
       9
       9
       3
       6
       4
       6
       4
       9
       7
       9
       7
       4
       7
       8
       8
       6
       6
      12
       5
       7
       7
       8
       9
       9
       7
       5
       4
       6
       7
      11
      10
       7
       5
       6
       8
       6
      10
      10
       9
       7
       5
       4
       8
       4
       3
       7
       7
       4
       8
       6
       6
       9
       6
       7
       8
       6
       6
       7
       6
       9
       3
       6
       9
       9
       6
       5
       7
       5
       8
       8
       7
       5
       6
       8
       6
       5
       5
       5
       8
       4
      14
       9
       5
       9
       5
       6
       4
       9
       8
       3
       4
       9
       4
       6
      10
       8
       5
       9
       4
      10
       4
       8
      11
       1
       3
       5
       8
       7
       1
       8
       3
      10
       7
       2
       5
       6
       6
       2
       5
       8
       7
       4
       5
       7
       8
       2
      18
       8
       5
       2
       7
       2
       2
       8
       3
       4
       4
       6
       6
       7
       4
       7
       9
       8
       8
       4
       8
      12
       4
       6
       9
       7
       4
       8
       7
       5
       4
       6
       3
       8
       6
       7
       7
       9
       9
       4
      11
       7
      10
       4
       9
       5
       9
       8
      10
       4
      11
       2
       9
       4
       8
       7
       9
       5
       7
       8
       3
      10
       6
       6
       8
       6
       6
       9
      10
       7
       3
       5
       3
       6
       9
       8
       8
       3
       2
       6
       9
       6
       5
       6
       5
       8
       9
       4
       7
       4
       7
       6
       4
       9
       5
       5
       9
      13
       8
       9
       4
       3
       7
       6
       5
       5
       1
      11
       5
       5
       6
       3
       6
       4
       6
       4
       2
       6
       7
       6
       2
       4
       7
       6
       7
       8
       4
      11
       3
      10
       6
       6
       6
       6
       6
       5
       3
       6
       2
       5
       4
      10
       9
       3
       2
       8
       6
       3
       8
       5
       6
      11
       6
       8
       4
       8
       9
      10
       3
       7
      10
       2
       5
       4
       6
       9
       3
       7
       7
       4
       8
       4
       9
       8
       8
       6
       3
       7
      10
       5
       7
       7
       1
       8
       7
       8
       6
       6
       5
       5
      10
       8
      11
       9
       4
      11
       5
       7
       2
       9
       5
       6
       7
       4
       4
       4
       6
       7
       3
       4
       4
       6
       5
       6
      10
       7
       5
       6
      12
       5
       5
       5
       7
       4
       3
       6
       6
       6
       6
       4
       3
      10
       8
       3
       8
       7
      10
      11
       6
      10
       6
       9
       1
       5
       3
       7
       5
       5
       6
       6
       8
       6
      12
       9
       3
       3
       5
       5
       7
       8
       5
       1
       4
       6
       3
       5
       5
       6
       9
       8
       2
       6
       6
       7
       8
       3
       5
      11
      10
       7
       7
       6
       6
      13
       2
       9
      11
       5
       5
      10
       5
       5
       4
       2
       4
       5
       7
      10
       6
       4
       7
      12
       9
       1
       7
       3
       5
       8
       7
       4
       5
       3
       4
       5
       3
       3
       4
       5
       2
       1
       7
       9
       4
       6
      10
       7
       2
      11
       7
       5
      11
       6
       6
       3
       5
       7
       7
       3
       5
       6
       3
       2
       4
       5
       5
       8
       5
       5
       3
      10
       6
       7
       5
       6
       4
       6
       1
       5
       7
       8
       4
       9
      13
       6
      10
      12
       7
       4
       7
       6
       3
       4
       4
       2
       6
       8
       8
      10
       5
      10
       7
       4
       7
       5
       6
       7
      10
       3
       4
       5
       7
       6
       5
       5
       3
       8
       3
      10
       3
       9
       8
       7
       3
       7
       7
       5
      12
       8
       3
       6
       7
      10
       9
       6
       6
       6
       9
       7
       8
      10
       7
      11
       9
       9
       8
       6
       3
       2
       5
       9
       5
       4
       6
       4
       6
       8
      11
       7
       6
       3
       8
       9
       7
       6
      11
       7
       8
       5
       4
       6
      13
       3
       9
       8
       4
       3
      10
       6
       7
      12
       4
       4
       2
       7
       2
       5
       9
       2
      11
       7
       4
       5
       4
       5
       8
       8
       0
      10
       6
       3
       6
       8
       4
      10
       3
       4
      12
       5
       6
       9
       5
       5
       7
       6
       6
       6
       6
       1
       8
       7
       7
       4
       5
       7
       5
       5
       8
       2
       5
       4
       3
       8
       7
       9
       7
       9
       6
       5
       4
       1
       6
       5
       9
       8
       4
       4
       4
       6
       4
       8
       6
       5
      14
      10
       5
       9
       9
       6
       7
       6
       9
      10
       9
       8
       5
       4
       4
       5
       7
       6
       3
       3
       9
       7
       6
       4
       1
       3
       8
       2
       5
       6
       3
       7
       2
       6
       4
       6
       5
       3
       5
       3
       7
       5
       7
       8
       8
       5
      11
       4
       9
       6
       5
       8
       4
       7
       9
       6
       5
       8
       2
       4
       8
       6
      11
       5
      10
       7
       9
       9
       7
       6
       5
       3
       2
      10
       2
       4
       6
       5
       9
       5
       8
       4
       4
       5
       6
       4
       7
       7
      11
       2
       4
       7
       6
       6
       7
       6
       3
       9
       2
       7
       7
       8
       3
      11
       6
       3
       7
       9
       6
       4
       7
       6
       6
       6
       6
       5
       4
       6
       9
       9
       7
       4
       7
       5
      10
      10
       7
       7
       3
       3
       8
       7
       8
       4
       4
       7
       7
       4
       6
       3
       5
       3
       4
       5
       2
       7
       6
       6
       9
       5
       7
       8
       8
       6
       4
       7
       0
       6
       9
      11
       2
       9
      10
      11
      11
       7
       3
       3
       2
       2
       2
       5
       8
       6
       9
       8
       4
       2
       5
       2
       8
       4
       7
       5
       6
       4
      14
       5
       6
       7
       6
       8
       4
       8
       7
       6
       7
      11
       6
       8
       1
       7
       8
       7
      10
       8
       5
       5
       8
       8
       9
       4
       6
       8
       7
       9
      10
       4
       6
       8
       7
      10
       6
       2
       2
       6
       2
       6
       7
      11
       8
       5
       5
       5
       3
       3
       4
       7
       9
       2
       6
      11
       6
       5
       6
       5
       7
       9
       5
       8
       5
       6
       3
       2
       4
       4
       9
       6
       8
       7
       2
       5
       2
      13
       5
       4
       2
       6
       3
       4
       7
      10
       6
       5
       6
       6
       4
       7
       6
       4
       6
       6
       6
       7
       5
       6
       3
       3
       6
       4
       8
       6
       7
       5
      11
       7
       2
       5
       3
       9
      11
       4
       7
       5
       5
       7
       7
       2
       3
       8
       9
       7
       6
      10
       3
       5
      13
       7
       6
       7
       2
      11
       6
       5
       7
       3
       4
       2
       5
       7
       8
      10
       5
       4
       4
       5
       5
       8
       6
       6
       7
       7
       4
       5
       5
       5
       6
       7
       3
       5
       4
       3
       5
      10
       4
       7
       6
       4
       6
       8
       6
       8
      10
       4
       2
       5
       8
       7
       7
       7
       6
       5
       5
       9
       5
       7
       5
       6
       1
      10
       3
       6
       4
       6
       7
       6
       7
       9
       3
       4
       3
       4
      11
       4
       8
       4
       7
       6
       6
       3
       7
       3
       4
       6
       7
       2
       8
       4
       4
       8
       4
       6
       5
       5
       5
       5
       8
       7
       6
       5
       7
       7
       4
       5
       5
       6
       5
       4
      10
       3
       8
       2
       5
       8
       8
       6
       4
       6
       4
      11
       6
       5
       7
       5
       1
       5
       3
       6
      12
       6
      10
       5
       6
       3
       7
       3
       8
       5
       2
       9
       7
      10
      10
       9
      11
       5
       5
       5
       2
       2
       3
       6
       6
       4
       6
       7
       2
       3
       9
       7
       2
       7
       8
       5
       8
       3
       2
       7
       4
       7
       4
       5
      10
       3
       6
       3
       5
       6
       4
       6
      10
      10
       5
       7
       8
       8
       4
       7
       5
       4
       7
       8
       4
       3
       7
       6
       7
       4
      10
       4
      11
       4
       7
       5
       5
       6
      10
       5
       7
       3
      11
       2
       5
       4
       7
       2
       5
       6
       4
       7
      13
       6
      10
       7
      10
      11
       5
       3
       4
       5
       3
       5
       4
       6
       2
       4
       5
       6
       7
       8
       5
       3
       7
       6
       4
       5
       5
      10
      11
       7
      10
       4
       4
       5
       7
       3
       8
       6
       3
      10
       8
       5
       6
       8
       8
       7
       5
       5
       2
       6
       5
       5
      10
       5
       9
      10
       4
       6
       5
       7
       7
       3
       6
       6
       4
      10
       8
       9
       6
       6
       4
       3
       9
       2
       3
       5
       5
       3
       6
       6
       5
       5
       6
       8
      15
       5
       2
       7
      10
       5
       6
       6
       4
       7
       2
       3
       7
       5
       4
       4
       7
       5
       8
       3
       2
       3
       8
       4
       4
       6
       2
      10
       7
       4
       3
      10
       2
       7
       5
       6
       8
       4
       8
       4
       8
      13
       5
       5
       5
       5
       7
       5
       5
       3
       7
       5
       3
       5
       5
      11
       7
       6
       3
       6
       7
       4
       3
       4
       8
       6
       3
       7
       3
       6
       7
       3
      15
       8
       1
       9
       5
       4
       9
       5
       2
       2
       4
       8
       4
       9
       5
       4
       5
      10
       4
       7
       3
       4
       5
       4
       5
       2
       7
       7
       5
       5
       4
       6
       5
       6
       5
       4
       1
       9
       3
       7
       4
       2
       9
       8
       6
       5
       5
       9
       8
       5
       5
       9
       6
       9
       6
       8
       3
       4
       6
       6
      10
       5
      11
       6
       2
       2
       7
      12
       4
       7
       7
       5
       2
       8
       6
       3
       8
       5
       7
       6
       5
       2
       9
       4
       6
       4
       3
       3
       5
       2
       6
       6
       4
       4
       7
       6
       5
       8
       6
       6
       3
       6
       5
       6
       3
       7
       7
       5
       3
       5
       9
       5
       2
       3
       2
       1
       5
       9
       3
       4
       5
       5
       7
       5
       4
       3
       5
       4
       7
       5
       5
       2
       9
       2
      10
       4
       7
       8
       6
       5
       6
       8
       2
       3
       5
       2
       3
      10
       6
       3
       6
       5
       4
       4
       7
       7
       3
       5
       6
       3
      11
       4
       6
       7
      13
       3
      12
       4
       7
       6
       6
       4
       6
      10
       6
      11
       5
       5
       5
       5
       5
       1
       4
       4
       3
       4
       7
       9
       2
       6
       5
       4
       8
       3
       1
       3
       6
       8
       6
       7
       4
       6
       5
      10
       9
       6
       5
       7
       4
       6
       2
       4
       5
       5
       6
      10
       1
       3
       3
       7
       2
       4
       2
       4
       3
       7
       1
       5
      11
       7
       5
       4
       7
       5
       6
       5
       4
       6
       3
       7
       7
      11
       4
       8
       6
      11
       6
       4
       5
       4
       2
       2
       8
       9
       7
       7
       5
       3
       0
       7
       7
      10
       7
       8
       2
       3
       4
       3
       6
       6
       2
       0
       3
       5
       7
       6
      14
       1
       7
       7
       5
       5
       4
       6
       5
       4
       7
      11
       1
       7
       7
       5
       6
       4
       2
       8
       5
       8
       1
       5
       8
       6
       7
       8
      10
       4
      10
       7
       3
       7
       7
       7
       4
       4
       3
       8
       8
       4
       6
       4
       7
       8
       3
       6
       6
       4
       3
       6
       8
       3
       5
       4
       3
       5
       4
       9
       4
       7
       6
       5
       8
       6
       8
       7
       4
       5
       5
       5
       5
       4
       5
       7
      10
      11
       6
       4
       8
       4
       4
       7
       3
       4
       6
       9
       5
       9
      10
       6
       6
       4
       4
       5
       1
       4
       4
       5
       6
       3
       3
       9
       5
       5
       9
       5
       5
       3
       5
       4
       8
       8
      11
       4
       8
       7
       8
       7
       8
       6
       7
       2
       2
       1
       7
       1
       4
       7
       8
       7
       4
       6
       6
      11
       3
       5
       9
       8
       8
       5
       6
       6
       6
       7
       9
       6
       1
       3
       3
       4
       5
       4
       7
       2
       7
      11
       4
       4
       7
       5
      11
       2
       7
       4
       6
       7
       7
       7
       7
       5
       4
       3
       6
       6
       3
       5
      12
       7
       4
       7
       4
       6
       4
       5
       3
       8
       7
       4
      12
       5
       7
      11
      10
       7
       4
       4
       8
       5
      10
       6
      10
       8
       3
       5
       4
       5
       5
       5
       5
       5
       7
       7
       7
       8
       3
       2
      13
       6
       6
       7
       3
       4
       5
       6
       3
       9
       4
       9
       5
       5
       4
       9
       7
       2
       6
      10
       4
       5
       6
       5
       3
       6
       6
       7
       5
       5
       6
       4
       6
       7
       9
       9
       8
       4
       8
       9
       6
       3
       9
      10
       4
       2
       6
       6
       6
       5
       4
       8
       2
       4
       4
       3
       4
       3
       5
       9
       3
      10
       4
       6
       3
       7
       9
       7
       4
       3
       3
       5
       4
       5
       2
       4
      10
       6
       7
       1
       4
       9
       3
       4
       4
       6
       2
       6
       6
       2
      10
       2
       5
       4
       3
      10
       8
       7
       7
       8
       5
       5
       8
       2
       6
       7
       5
       3
       9
       3
       7
       6
       7
       7
       7
       7
       3
       6
       9
       7
       2
       8
       5
       5
       4
       6
       7
       6
       9
       2
       4
       7
       6
       7
       7
       3
       4
       6
       3
       5
      10
       8
       6
       2
       5
       4
       2
       4
       3
       6
       2
       3
       3
       6
       4
       4
       7
       5
       7
       6
       8
       4
       5
       4
       5
       8
       5
       4
       5
       6
       2
       8
       5
       5
       4
       5
       3
       6
      11
       3
       7
       9
       4
       5
       7
       7
      10
       7
       4
       5
       5
       5
       3
       6
       6
       5
       1
       6
       8
       7
       3
       6
       6
       3
       5
       3
       5
       4
       5
       5
       2
       3
       7
       5
       4
       7
       7
       5
       7
       4
       4
       2
       5
       5
       6
       7
       5
       3
       5
       8
       5
       4
       3
       5
       4
      11
       3
       9
       3
       8
       5
       4
       2
       8
       3
       6
       2
       4
       2
       6
       9
       3
       8
       7
       6
       5
       5
       2
       7
       5
       5
       5
       6
       8
       4
       4
       6
      10
       3
      12
       4
       3
      12
       3
       6
       2
       9
       3
       8
       5
       5
       3
       6
       8
       8
       6
       3
       9
       6
       8
       4
       8
       3
       1
      10
       7
       4
       7
       5
       7
       6
       6
       4
      10
       6
       6
       4
       6
       6
       6
       7
       5
       6
       6
       3
       4
       7
       7
       5
       7
       2
       3
       4
       2
       1
       4
       4
       7
       7
       8
       5
       7
       5
       2
       5
       5
       3
       3
       5
       3
       3
       4
       4
       7
       7
       6
       7
      10
       6
       4
       4
       5
       3
       4
       7
       7
       5
       5
       4
       6
       4
       4
       7
       7
       5
       6
       2
       4
       7
       5
       7
      10
       3
       6
       8
       6
       4
       8
       5
       1
       5
       6
       6
       8
       3
       6
       7
       6
       4
       6
       8
       3
       8
      10
       6
       5
       3
       4
       6
       5
       4
       6
       6
       4
       5
       3
       5
       5
       7
       3
       3
       6
       5
       1
       5
       9
       5
       8
       4
       6
       6
       6
       6
       9
       6
       4
       8
       2
       1
       3
       5
       5
       3
       9
      10
       5
       9
       4
       3
       2
      11
       3
       3
       5
       7
       4
       2
       7
       6
       4
       8
       7
       3
       4
       6
       4
       6
       7
       4
      12
       6
       6
       8
       5
       5
       1
       2
       6
       2
       4
       6
       4
       5
       4
       8
       1
       5
       4
       6
       5
       6
       4
       7
       4
       6
       4
       8
       4
       7
       3
       6
       2
       7
       9
       4
       3
       6
      10
       6
       8
       1
       6
       7
       3
       6
       6
       3
       5
       9
       4
      10
       6
       2
       8
       4
       9
       3
       8
       5
       3
       3
       4
       5
       6
       4
       3
       3
       5
       4
       4
       6
       6
       5
       7
       0
       2
       8
       5
       5
       1
       3
       4
       3
       3
       5
       4
       2
       8
       4
       5
       5
       5
       5
       9
       2
       2
       4
      10
       5
       6
       3
       8
       6
       3
       3
       9
       4
       8
       2
       3
       4
       6
      10
       3
       5
       6
       9
       9
       6
      12
       7
       7
       3
       7
       8
       7
       7
       9
       1
       6
       7
       9
       4
       3
       5
       4
       4
       6
       5
       4
       5
       4
       4
       5
       2
       6
       5
       2
       6
       3
       5
       9
       6
       4
       6
       3
       4
      16
       6
       6
       2
       4
       2
       4
       5
       3
       8
      10
       4
       6
       2
      10
       5
       4
       7
       4
       5
       4
       9
       8
       7
       5
       7
       3
       6
       6
       7
       7
       7
       6
       5
       4
       5
       8
       3
       6
       7
       3
      10
       5
       6
       9
       4
       3
       6
      11
       7
       3
       4
       5
       2
       6
       7
       2
       8
       9
       6
       3
       4
       6
       8
       9
       6
       6
       7
      12
       2
       3
       4
       1
       5
       4
       7
       6
       3
       7
       8
       4
       5
       4
       1
       3
       5
       8
       6
       5
       6
       4
       7
       7
       3
       3
       4
       2
       3
      10
       5
       6
       6
       8
       6
       5
       9
       5
       5
       3
       6
       2
       4
       5
      11
       6
       4
       5
       6
       5
       8
       3
       3
       3
       6
       1
       4
       3
       3
       5
       8
       5
       2
       9
       6
       4
       1
       6
       5
       7
       7
      11
      10
       7
       6
       3
       6
       6
       8
      12
       8
       7
       7
       3
       6
       4
       4
       8
       8
       2
       6
       5
       5
       3
       8
       6
       5
       5
       7
       5
       5
       4
       8
      11
       5
       3
       3
       3
       4
       5
       9
       7
       4
       7
       9
       5
       6
       6
       4
       1
       2
       6
       6
       5
       2
       6
       8
       2
       8
       7
       4
       8
       5
       3
       3
       5
       5
       7
       6
       6
       5
       4
       7
       3
       3
       4
       6
       5
       5
       5
      10
       2
       6
      11
       7
      10
       5
       6
       8
       1
       6
       3
       5
       8
       7
       5
       2
       7
       6
       1
       1
       5
       4
       4
       8
       4
       5
       7
       5
       6
       5
       4
       3
       3
       5
       4
      10
       7
       6
       7
       5
       4
       5
       7
       5
       4
       1
       2
       4
       6
       5
      11
       5
       9
       8
       4
       5
       7
       5
       8
       7
       4
       1
       5
       4
       5
       5
       1
       4
       3
       5
       2
       6
       4
       8
       2
       5
       6
       5
       6
       3
       4
       5
       5
       3
       4
       5
       3
       4
       3
       4
       3
       3
       6
       3
       4
       6
       8
       3
       3
       3
       1
      11
       6
       4
       7
       9
       6
       3
       3
       5
      11
      10
       2
       7
      11
       4
       8
       8
       6
       5
       5
       6
       4
       8
       9
       5
      11
       6
      10
       3
       4
       5
       4
       5
       7
       4
       6
       5
       4
       3
       5
       9
       7
       5
       6
       4
       7
       9
       8
       3
       6
       5
       4
       5
       4
       5
       3
       3
       7
       3
       4
       4
       3
       7
       3
       5
       4
       8
       5
       3
       7
       6
       6
       3
       6
       4
       1
       4
       6
       4
       1
       8
       6
       8
       5
       1
       4
       2
       1
       4
       7
       4
       4
       5
       3
       5
       4
       8
       1
       3
       4
       6
       5
       5
       5
       8
       7
       5
       6
      10
       5
       3
       7
       4
       5
      12
       1
       7
       9
       5
       6
       9
       7
       4
       5
       4
       8
       7
       4
       4
       6
       4
       9
       6
       9
       1
       5
       7
       3
       6
       5
       6
       6
       4
       6
       2
       6
       2
       5
      10
       4
       5
       8
       3
       4
       4
       6
       4
      12
       3
       4
       5
       8
       7
       5
       6
       5
       9
       0
       3
       3
       9
       4
      10
       8
       4
       3
       5
       7
      10
       1
      10
       9
       1
      11
       5
       6
       5
       3
       9
       2
       9
       5
      11
       2
       5
       3
       5
       7
       9
       4
       6
       3
       6
       5
       4
       5
       5
       7
       5
       4
       6
       6
       5
       6
       6
       6
       9
       5
       8
       3
       7
       7
       3
       3
       6
       7
       1
       4
       5
       9
       2
       4
       4
      13
       3
       8
       3
       3
       3
       8
       5
       3
       3
       5
       3
       5
       3
      12
       7
       4
       9
       4
       4
       2
       5
       6
       6
       2
       5
       8
       4
       4
       4
       4
       5
       5
       6
       5
       6
       5
       4
      11
       5
       6
       2
      10
       5
       3
       3
       7
       3
       7
       4
       7
       6
       2
       3
       6
       6
       8
       3
       6
       5
       6
       5
       5
       2
       4
       3
      10
       6
       2
       7
       3
       6
       5
       5
       4
       9
       6
       5
       7
      11
      11
       6
       2
       2
       6
       7
       7
       3
       4
       4
       9
       4
       6
       6
       2
       6
       4
       5
       6
       8
       4
       7
       2
       8
       5
       4
       5
       2
       5
       6
       2
       1
       6
       6
       5
       6
       5
       4
       4
       3
       7
       5
       5
       8
       3
       4
       2
       3
       2
       2
       7
       7
       6
       5
       5
       7
       8
       7
       3
       5
       6
       5
       6
       2
       4
       8
       2
       2
       1
       4
       6
       6
       4
       6
       5
       4
       2
       4
       4
       2
       5
       2
       4
       6
       3
       2
       9
       6
       1
       8
       7
       4
       7
       1
       1
       3
      11
       6
       8
       6
       6
       4
       7
       6
       6
       5
       6
       8
       3
       5
       6
       6
       6
       9
       5
       5
       6
       6
       5
       6
       8
       6
       3
       1
       6
       6
       9
       8
       5
       5
       2
       3
       8
       3
       3
       8
       7
       2
       8
       6
       6
       6
       6
       5
       7
       7
       6
       6
       4
       3
       9
       8
      10
       4
       5
       5
       6
       3
       6
       0
       4
       1
       7
       2
       4
       4
       5
       4
       6
       6
       7
       3
       4
       3
       3
       3
       5
       6
       3
       6
       5
       6
       3
       7
       7
       7
       4
       2
       2
       2
       9
       2
       2
       6
       3
       2
       4
       1
       3
       2
       4
       5
       3
       6
       5
       2
      10
       6
       3
       7
       4
       5
       4
       3
       9
       5
       2
       6
       7
       5
       6
       3
       8
       4
       4
       6
       3
       4
       4
      11
       7
       6
       9
       6
       2
       4
       9
       1
       7
       3
       3
       3
       7
       4
       1
       6
       3
       6
      11
       6
       3
       9
       5
       6
       5
       4
       4
       3
       5
       6
       3
       4
       6
       9
       5
       5
       4
       4
       7
       5
       6
       7
       2
       4
       5
       3
       8
       2
       3
       2
       3
       8
       3
       6
       4
       4
       7
       6
       6
       2
       4
       7
       4
       6
       3
       6
       4
       7
       6
       8
       5
       5
       4
       6
       6
       1
       6
       3
       7
       4
       9
       4
      10
       2
       6
       2
       3
       7
       8
       5
       8
       1
       0
       3
       1
       4
       6
       2
       5
       5
       5
       2
       8
       2
       6
       9
       6
       2
       8
       4
       4
       5
       5
       4
       4
       6
       4
       4
       4
       5
       8
       5
       4
       6
       4
       4
       6
       6
       1
       8
       5
       4
       1
       5
       4
       7
      10
       3
       5
       6
       8
       6
       7
      13
       5
       8
       4
       9
       5
       5
       8
       7
       5
       3
       5
       7
       7
       5
       4
       2
       4
      11
       9
       5
       8
       3
       3
       7
       6
       6
       3
       8
       4
       4
       6
       6
       7
       6
       6
       3
       3
       4
       7
       5
       9
       6
       5
       4
       8
       7
       5
       7
       5
       1
       4
       4
       3
       5
       6
       3
       0
       3
       7
       9
       5
       5
       6
       5
       5
       5
       2
       5
      13
       6
       8
      11
       6
       5
       3
       5
       2
      11
      11
       6
       6
       5
       1
       5
       7
       3
       9
       5
       6
       3
       8
       8
       6
       7
       5
       2
       3
       4
       8
       5
      10
       5
       6
       2
       4
       2
       9
       5
       5
       6
       8
       5
       5
       3
       8
       5
       5
      11
       5
       2
       1
       9
       6
       6
       3
       7
       2
       8
       5
       3
       3
       5
       6
       1
       6
       2
       7
       9
       5
       6
       5
       4
       8
       8
       7
       7
       6
       4
       7
       6
       8
       8
       5
       5
       6
       0
       4
       5
       6
       3
       4
       6
       2
       5
       4
       3
       4
       7
       3
       3
       5
      10
       7
       6
       1
       6
       4
       6
       3
      12
       5
       7
       2
       4
       6
       4
       5
       7
       4
       4
       4
       9
       7
       4
       4
       2
       4
       7
       4
       3
      10
       2
      11
       6
       5
       4
       1
       6
       3
       6
       1
       3
       6
       3
       3
       7
       6
       6
       3
       6
       2
       8
       4
       4
       6
       4
       5
       1
       7
       0
       2
       7
       4
       7
       9
       3
       5
       2
       4
       2
       4
       2
       7
       6
       8
       3
       3
       1
       5
       6
       4
       5
       7
       4
       3
       8
       5
       4
       3
       5
       5
       6
       4
       7
       5
       5
       8
       4
       7
       5
       5
      10
       4
       6
       6
       2
       9
       3
       4
       3
       4
       7
       4
       1
       4
       5
       4
       6
       7
       6
       3
       3
       6
       8
       6
       9
       1
       4
       4
       4
       7
       5
       7
       6
       4
       3
       5
       8
       7
       2
       5
       9
       4
       1
      12
       8
       6
       5
       9
       3
       3
       2
       8
       4
       7
       7
       4
       6
       4
       3
       7
       6
       5
       2
       5
       2
       4
       6
       4
       1
       3
       3
       1
       8
       8
       6
       2
       2
       4
       5
       3
       2
       3
       6
       3
       4
       6
       4
      10
       7
       1
       4
       7
       5
       2
       2
       6
       1
       5
       2
      11
       4
       3
       5
       4
       5
       8
       2
       7
       3
       3
       6
      11
       3
       6
       3
       3
       6
       2
       6
       5
       8
       1
       4
       4
       8
       4
       8
       3
       5
       9
       4
       3
       7
       6
       4
       8
       3
       2
       6
       7
       1
       3
       2
       4
       4
       5
       2
       5
       6
      10
       7
      11
       3
       5
       4
       1
       4
       4
       5
       1
       5
      10
       5
       4
       4
       4
       4
       4
       4
       5
       5
       7
       3
       3
       8
       6
       2
       4
       5
       1
       2
       6
       4
       5
       4
       7
       4
       7
       4
       6
       7
       4
       9
       8
       0
       7
       7
       2
       7
       9
       1
       3
       4
       4
       2
       8
       3
       7
       5
       4
       3
       5
       6
       4
       5
       9
       6
       4
       5
       5
       6
       7
       5
       5
       5
       6
       7
       6
       7
       6
       3
       6
       5
       4
       3
       4
       2
       5
       8
       4
       1
      11
       5
       3
       4
       4
       3
       6
       8
       4
       2
       4
       5
       4
       5
       0
       4
       8
       5
       3
       7
       6
       7
       4
       6
       5
       3
       5
       2
       7
       5
       7
       1
       6
       5
       2
       2
       6
       5
       3
       5
       4
       5
       6
       6
       3
       4
       9
       5
      10
       2
       5
       3
       7
       6
       6
       6
       6
       5
       7
       3
       5
       6
       6
       6
       3
       3
       4
       8
       5
       8
       9
       4
       4
       8
       8
       2
       9
       3
       7
       7
       1
       2
       5
       6
       5
       3
       6
       4
       6
       4
       3
       6
       5
       1
       7
       7
       4
       8
       8
       5
       3
       8
       7
       4
       8
      10
       5
       2
       7
       2
       4
       2
      10
       6
       4
       3
       6
       5
       4
       5
       2
       6
       3
       8
       6
       5
       6
       4
       3
       7
       4
       3
       5
       6
       2
       8
       6
       3
       5
       4
       9
       8
       5
       4
       6
       7
       6
       5
       7
       5
       2
       4
      10
       5
       7
       3
       5
       7
       5
       2
       1
       2
       5
       8
       2
       4
       5
       6
       3
       3
       8
       4
       4
       2
       6
       6
       5
       2
       7
       3
       3
       2
       4
       4
       3
       7
       8
       6
       3
       3
       1
       6
       7
       6
       4
       6
       4
      10
       6
       5
       6
       3
       5
       5
       4
       4
       1
       4
       5
       9
       2
       8
       5
       2
       3
       5
       3
       3
       5
       4
       3
       4
       6
       6
       3
      10
       3
       1
       6
       7
       4
       8
       5
       6
       6
       4
       3
       2
       7
       4
       5
       3
      13
       2
       6
       5
       5
       2
       2
       5
       6
       4
       1
       7
       0
       5
       3
       5
       7
       5
       2
       6
       5
       5
       6
       2
       5
       5
       3
       3
       3
      11
       2
       5
       6
       4
       0
       4
       3
       2
       4
       4
       2
       5
       8
       5
       3
       1
       2
       4
       2
       3
       5
       1
       3
       5
       8
       6
       9
       6
       1
       7
       3
       5
       2
       4
       3
       5
       3
       9
       9
       4
       3
       5
       5
       5
       5
       3
       5
       5
       7
       7
       4
       4
       9
       5
       6
       5
       6
       5
       9
       6
       4
       4
       2
       5
      11
       7
       6
       4
       5
       6
       5
       4
       0
       3
       7
       4
       8
      10
       4
       6
      10
       4
      13
       8
       3
       5
       4
       5
       6
       4
       2
       1
       7
       8
       7
       8
       5
       4
       8
       8
       9
       5
       2
       1
       4
       4
       4
       4
       6
       3
       7
       1
       3
       4
       2
       8
       5
       3
       7
       3
       3
       5
       3
       3
       9
       4
       2
       3
       3
       6
       3
       8
       9
       3
       7
       4
       9
       7
       2
       4
       9
       3
       4
       1
       4
       8
      10
       4
       5
       7
       2
       3
       5
       4
       6
       6
       6
       9
       3
       3
       8
       5
       6
       6
       7
       6
       7
       2
       6
       2
       3
       9
       3
       3
       2
       5
       6
       3
       4
       5
       5
       3
       5
       5
       6
       7
       7
       3
       1
       6
       5
       3
       8
       6
       6
       7
       6
       2
       5
       8
       2
       1
       6
       5
       5
       7
       6
       3
       4
       3
       5
       3
       4
       8
       4
       4
       4
       7
       4
       5
       4
       5
       3
       6
       4
       4
       5
       3
       5
      12
       5
       5
       2
       8
       3
       7
       5
       4
       2
       5
       5
       5
       5
       3
       5
       4
       4
       5
       3
       9
       8
       2
       7
       6
       4
       3
       4
       6
       4
       1
       6
       9
       5
       6
       6
       5
       2
       7
       5
       4
       3
       5
       5
       7
       8
       5
       3
       4
       4
       5
       4
       4
       4
      12
       9
       1
       4
       4
       4
       3
       2
       7
       4
       1
       7
       4
       2
       6
       6
       4
       2
       2
       3
       2
       9
       2
       3
       6
       4
       4
       5
       5
       8
       5
       2
       6
       4
       5
      12
       5
       7
       4
      12
       9
       2
       3
       4
       4
       2
       5
       4
       5
      10
       3
       5
       7
       4
       4
       6
       2
       8
       7
       8
       4
       6
       3
       4
       7
       6
       4
       2
       2
       5
       6
       4
       5
       9
       4
       5
       5
       5
       4
       2
       1
       6
       7
       4
       3
       4
       5
       2
       6
       3
      11
       3
      11
       6
       5
      11
       3
       6
       8
       5
       5
       6
       4
       4
       4
       8
       7
       6
       6
       5
       6
      11
       3
       1
       3
       1
       3
       3
       2
       2
       8
      11
       4
       2
       8
       1
       1
       2
       6
       3
       2
       6
       6
       5
       8
       6
       5
       1
       1
       4
       2
       7
       8
       1
       6
       4
       7
       5
       7
       2
       8
       3
       3
       5
       5
       8
       2
       6
       6
       7
       2
       9
       5
       7
       9
       2
       2
       5
       1
       3
       4
       5
       5
       8
       1
       2
       3
       7
       3
       3
       8
       4
       5
       5
       2
       6
       3
       6
       3
       1
       6
       1
       3
       5
       0
       2
       1
       1
       8
       3
       4
       1
       5
       3
       5
       6
       0
       6
       3
       3
       3
       5
       2
       7
       6
       3
       4
       3
       4
       4
       7
       4
       4
       4
       2
       2
       4
       4
       1
       3
       1
       7
       4
       3
       5
       3
       3
       6
       5
       1
       2
       1
      10
       5
       1
       5
       5
       3
       7
       6
       4
       7
       9
       7
       3
       1
       3
       2
       3
       1
       6
       3
       5
       5
       2
       6
       2
       2
       2
       4
       0
       7
       4
       6
       7
       3
       2
       6
       1
       8
       3
       6
       6
       4
       5
       7
       8
       4
       6
      10
       3
       7
       3
       4
       9
       6
       8
       7
       5
       3
       3
       3
       4
       3
       4
       1
       5
      10
       6
       4
       3
       7
       4
       2
       5
       2
       6
       6
       5
       5
       4
       8
       2
       8
       3
      11
       3
       3
       5
       6
       4
       5
       3
       8
       6
       5
       4
       2
       8
       8
       3
       5
       3
       7
       7
       7
       5
       7
       7
       5
       1
       3
       6
       4
       5
      10
       2
       4
       7
       3
       3
       6
       6
       4
       2
       5
       4
       3
       3
       9
       4
       3
       5
       4
       4
       5
       3
       2
       1
       7
       6
       4
       3
       6
       7
       5
       4
       5
       2
       7
       2
       6
       7
       7
       9
       7
       7
       9
       9
       2
       9
       4
       6
       2
       1
       4
       4
       5
       8
       2
       6
       5
       9
       3
       6
       3
       8
       2
       5
       7
       3
       4
       5
       3
       2
       7
       3
       1
       3
       4
       5
       5
       6
       3
       6
       2
       2
       4
       5
       7
       2
       7
       6
       4
       3
       6
       2
       2
       0
       4
       6
       3
       3
       2
       6
       6
       6
       7
       4
      10
       1
       4
       6
       4
       9
       8
       3
       4
       7
       6
       8
       8
       4
       2
       5
       3
       5
       3
       4
       3
       1
       6
       7
       7
       4
       3
       1
       2
       9
       4
       2
       3
       4
       1
       5
       6
       4
       7
       8
       7
       3
       4
       3
       5
       7
       2
       4
       5
       3
       5
       6
       5
       7
       3
       7
       6
       5
       7
       6
       4
       4
       5
       2
       6
       9
       1
       5
       6
       7
       5
       2
       3
       2
       6
       5
       2
       3
       3
       6
       3
       7
       4
       9
       4
       5
       2
       5
       4
       4
       5
       4
       3
       4
       4
       2
       2
       5
       5
       6
       8
       2
       3
       7
       3
       6
       4
       7
       3
       5
       2
       6
       3
       6
       6
       2
       8
       3
       4
       3
       4
       2
       3
       7
       5
       6
       3
       4
       7
       3
       3
       5
       6
       5
       3
       3
       6
       3
       5
       6
       3
       4
       1
       4
       8
       2
       5
       3
       5
       7
       4
       1
       6
       3
       3
       6
       2
       5
       3
       7
       6
       0
       8
       5
       6
       5
       6
       5
       3
       3
       4
       8
       6
       5
       7
       8
       4
       5
       8
       6
       2
       5
       3
       4
      10
       3
       5
      10
       4
       3
       2
       7
       7
       2
       3
       3
       5
       6
       4
       3
       6
       6
       3
       8
       6
       4
       7
       3
       2
       2
       5
       3
       5
       2
       8
       2
       5
       4
       2
       8
       4
       2
       3
       5
       6
       5
       9
       4
       8
       6
       3
       6
       1
       3
       6
       5
       5
       4
       3
       3
       7
       5
       5
       5
       5
       3
       8
       2
       4
       7
       3
       5
       3
       2
       7
       4
       6
       5
       1
       4
       3
       5
       6
       3
       4
       1
      10
       3
       4
       6
       6
       2
       3
       7
       1
       3
       5
       3
       8
       3
       6
       3
       6
       5
       3
       5
       6
       8
       7
       7
       5
       1
       8
       3
       2
       8
       2
       3
       1
       4
       5
       4
       4
       8
       6
       3
       8
       7
       6
       2
       4
       4
       7
       9
       2
       9
       9
       6
       1
       6
       4
       3
       6
       1
       2
       9
       4
       3
       3
       3
       5
       5
       5
       4
       5
       5
       5
       3
      10
       3
       2
       8
       4
      10
       3
      12
       3
       6
       2
       6
       5
       7
      10
       5
       7
       2
       3
       4
       6
       3
       6
       3
       5
       3
       3
       7
       6
       4
       4
       6
       8
       6
       1
       2
       3
       6
       5
       5
       3
       5
       3
       3
       4
       7
       1
       4
       5
       2
       4
       6
       4
       7
       7
       2
       5
       2
       4
       5
       3
       6
       5
       0
       3
       7
       3
       7
       1
       5
       4
       3
       5
       5
       3
       4
       6
       9
       4
       4
       5
       1
       6
       4
       8
       5
       3
       3
       9
       7
       5
       6
       2
       6
       6
       7
       4
       6
       1
       4
       6
       5
       3
       6
      10
       2
       7
       3
       4
       5
      10
       5
       5
       2
       4
       4
       4
      10
       4
       2
       2
       7
       2
       6
       5
       8
       5
       3
       7
       4
       6
       1
       2
       4
       3
       7
       9
       1
       6
       6
       2
       3
       1
       3
       4
       6
       5
       3
       6
       6
       6
       5
       1
       5
       5
       6
       5
       7
       3
       5
       6
       4
       5
       5
       6
       5
       8
       8
       8
       4
       6
       7
       5
       7
       3
       1
       7
       7
       6
       5
       5
       9
       5
       4
       5
       3
       4
       5
       5
       8
       5
       7
       5
       0
       4
       4
       5
       3
       4
       2
       5
       3
       3
       5
       0
       7
       3
       1
       5
       5
       9
       6
       4
       3
       3
       4
       7
       8
       4
       5
       4
       0
       4
       7
       3
       2
       2
       3
       2
       6
       3
       5
       3
       4
       4
       6
       4
       5
       4
       9
       6
       7
       3
       4
       1
       7
       2
       6
       5
      11
       1
      10
       6
       5
       9
       2
       5
       4
       7
       2
       9
       6
       8
       3
       5
       6
       6
       4
       4
       7
       4
       4
       6
       5
       4
       6
       1
       4
       5
       2
       6
       4
       4
       4
       4
       6
       6
       1
       3
       5
       2
       7
       6
       6
       7
       5
       5
       9
       4
       8
       5
       8
       4
       7
       5
       4
       1
       6
       1
       4
       2
       2
       8
       2
       5
       3
       6
       3
       4
       2
       5
       2
       1
       1
       5
       6
       3
       3
       4
       3
       3
       6
       4
       8
       5
       3
       8
      10
       2
       6
       4
       3
       5
       5
       4
       4
       8
       1
       6
       5
       7
       5
       6
       4
       4
       5
       8
       4
       3
       8
       6
       4
       5
       5
       6
       2
       6
       4
       3
       4
       4
       5
       4
       7
       8
       5
       6
      13
       7
       8
       0
       7
       4
       5
       4
       8
       7
       2
       6
       2
       2
       4
       3
       2
       5
       6
       2
       1
       7
       6
       4
       2
       1
       6
       4
       5
       3
       7
       3
       5
       5
       3
       3
       4
       5
       3
       3
       4
       4
       6
       4
       9
       7
       2
       4
       6
       4
       2
       6
       8
       4
      10
       3
       5
       4
       4
       4
       4
       2
       1
       4
       3
       4
       4
       2
       6
       1
       8
       4
       6
       5
       6
       3
       6
       4
       4
       7
       4
       6
       2
       2
       5
       8
       3
       4
       5
       2
       5
       5
       6
       2
       3
       7
       9
       9
       3
       6
       2
       4
       3
       4
       6
       1
       4
       3
       8
       6
       1
       4
       5
       6
       1
       4
       2
       4
       4
       2
       0
       4
       7
       6
       3
       3
       2
       5
       6
       2
       8
       2
       4
       4
       4
       5
       3
       5
       4
       4
       3
       3
       4
       4
       7
       3
       5
       9
       5
       4
       4
       7
       3
       2
       3
       6
       6
       9
       7
       5
       7
       4
       8
       5
       6
       6
       5
       7
      13
       8
       2
       3
       2
       5
       3
       3
       4
       3
       6
       2
       1
       3
       2
       7
       4
       0
       4
       7
       1
       6
       4
       2
       6
       2
       0
       4
       8
      13
       4
       4
       2
       2
      13
       5
       5
       5
       2
       4
       3
       7
       6
       5
       3
       8
       6
       4
       6
       3
       1
       6
       5
       2
       5
       5
       5
       3
       4
       4
       4
       5
       3
       5
       3
       4
       5
       6
       5
       3
       6
       6
       2
       4
       6
       9
       4
       7
       4
       7
       5
       5
       4
      10
       7
       4
       2
       6
       7
       4
       6
       4
       4
       7
       6
       7
       4
       2
       6
       3
       6
       7
       7
       2
       1
       3
       2
       4
       0
       9
       3
       3
       4
       3
       2
       1
       4
       3
       4
       8
       4
       2
       5
       6
       7
       1
       3
       3
       6
       3
       7
       4
       5
       8
       5
       6
       3
       5
       2
       3
       4
       3
       3
       3
       3
       2
       3
       4
       3
       3
       2
       6
       5
       2
       3
       2
       5
       6
       9
       3
       2
       3
       2
       1
       4
       2
       6
       6
       7
       7
       3
       3
       7
       2
       6
       3
       7
       2
       3
       5
       4
       5
       5
       4
       6
       1
       1
       3
       3
       4
       5
       4
       2
       2
       2
       2
       7
       9
       4
       6
       3
       7
       3
       3
       8
       6
       5
       4
       4
       3
       8
       5
       3
       6
       1
       3
       5
       6
       5
       3
       2
       6
       4
       7
       7
       3
       9
       8
       8
       4
       4
       2
       2
       8
       3
       4
       4
       6
       6
       8
       8
       4
       7
       5
       8
       6
       1
       4
       2
       6
       3
       1
       8
       5
       4
       7
       7
       4
       6
       8
       6
       4
       6
       4
       4
       5
       9
       4
       0
       7
       6
       7
       5
       3
       4
       7
       4
       7
       4
       5
       1
       4
       4
       5
       6
       5
       3
       6
       4
       3
       4
       4
       5
       2
       4
       4
       5
       4
       4
       0
       4
       2
       2
       3
       5
       5
       6
       6
       2
       4
       5
       7
       6
       4
       5
       5
       5
       3
       3
       6
       5
       4
       4
       4
       5
       2
       5
       3
       3
       4
       1
       5
       3
       3
       3
       6
       5
       5
       5
       3
       1
       6
       9
       6
       5
       7
       1
       6
       5
       1
      10
       3
       1
       2
       3
       3
       6
       1
       5
       3
       5
      11
       1
       5
       6
       6
       7
       4
       5
       1
       4
       4
       7
       4
       4
       7
       5
       5
       4
       1
      10
       7
       2
       4
       6
      10
       9
       4
       4
       2
       5
       5
       7
       3
       5
       1
       5
       4
      10
       2
       8
       5
       5
       6
       4
       2
       3
       5
       2
       5
       7
       2
       5
       5
       6
       3
       6
       4
       3
       2
       6
       4
       3
       3
       4
       6
       3
       2
      10
       7
       5
       4
       2
       5
       3
       1
       4
       5
       3
       1
       1
       5
       7
       4
       4
       3
       3
       5
       6
       2
       4
       3
       1
       6
       3
       5
       3
       3
       3
       6
       7
       3
       6
       5
       3
       2
       6
       5
       1
       6
       8
       1
       7
       9
       5
       2
       3
       2
       7
       4
       3
       5
       4
       0
       5
       4
       2
       7
       8
       5
       2
       3
       4
       4
       6
       9
       6
       4
       2
       7
       6
       3
       3
       5
       4
       1
       3
       8
       3
       6
       4
       8
       7
       7
       4
       3
       3
       3
       8
       2
       6
       6
       6
      13
       3
       2
       8
       9
       2
       2
       6
       5
       2
       5
       2
       8
       6
       1
       6
       7
       3
       3
       0
       3
       4
       2
       5
       4
       6
       6
       2
       6
       0
       4
       2
       3
       5
       6
       1
       3
       3
       3
       7
      10
       6
       2
       4
       4
       4
       8
       5
       3
       7
       3
       6
       3
       2
       6
       9
       3
       5
       4
       5
       3
       5
       6
       6
       7
       7
       1
       7
       4
       3
       6
       3
       0
       8
       6
       8
       6
       7
       2
       2
       1
       7
       4
       3
       3
       6
       4
       4
       5
       3
       3
       1
       6
       8
       2
       4
       3
       1
       5
       8
       5
       3
       6
       1
       9
       5
       4
       5
       9
       3
       1
       2
       3
       5
       2
       9
       6
       5
       5
       3
       4
       2
       5
       3
       7
       4
       3
       4
       7
       1
       4
       3
       3
       4
       5
       4
       5
       5
       2
       6
       5
       1
       4
       8
       2
       4
       6
       5
       6
       2
       1
       2
       4
       6
       2
       5
       6
       4
       3
       6
       3
       7
       3
       6
       5
       4
       6
       6
       3
       3
       5
       4
       6
       6
       2
       7
      10
       5
       4
       3
       4
       4
       4
       6
       4
       2
       6
       3
       5
       6
       4
       5
       4
       3
       9
       5
       5
       2
       5
       3
       5
       3
       2
       3
       2
       9
       4
       3
       7
       3
       3
       4
       3
       3
       3
       1
       5
       7
       4
       4
       4
       9
       5
       8
       4
       5
       7
       3
       2
       4
       2
       4
       4
       6
       5
       3
       2
       1
       6
       5
       5
       5
       5
       9
       5
       2
       9
       2
       6
       5
       3
       2
       1
       1
       9
       0
       2
       8
       6
       9
       2
       5
       6
       2
       1
       7
       3
       4
       6
       4
       5
       5
       7
       8
       4
       5
       2
       5
       4
       4
       6
       2
       5
       3
       8
       6
       4
       7
       5
       4
       3
       5
       3
       2
       5
       7
       3
       1
       5
       9
       3
       3
       3
      10
       4
       9
       5
       8
       5
       8
       5
       4
       6
       5
       7
       4
       5
       5
       6
       2
       4
       3
       5
       2
       0
       5
       5
       1
       3
       0
       2
       4
       3
       5
       3
       5
       5
       1
       4
       6
       3
       5
       6
       6
       2
       5
       8
       5
       2
       2
       2
       8
       3
       3
       5
       4
       6
       6
       5
       4
       7
       3
       2
       7
       5
       8
       4
       3
       3
       6
       4
       4
       5
       5
       4
       4
       5
       0
       1
       3
       3
       2
       3
       5
       9
       8
       2
       3
       6
       5
       2
       2
       4
      12
       2
       4
       8
       6
       3
       3
       2
       2
       1
       4
       2
       5
       2
       4
      11
       4
       4
       1
       3
       3
       6
       4
       6
       6
       5
       4
       7
       1
       7
       5
       7
       6
       7
       3
       7
       3
       4
       9
       4
       3
       3
       2
       3
       0
       3
       8
       4
       8
       6
       4
       2
       5
       4
       3
       6
       3
       8
       0
       2
       5
       6
       2
       3
       4
       5
       5
       3
       6
       3
       3
       5
       4
       5
       5
       5
       4
       2
       1
       4
       5
       2
       4
       6
       5
       2
       5
       8
       2
       2
       7
       3
       8
       5
       5
       3
       4
      10
       1
       6
       4
       6
       5
       8
       6
       3
       3
       3
       5
       7
       1
       0
       4
       3
       5
       2
       2
      10
       8
       5
       5
       6
       6
       5
       4
      11
       5
       3
       4
       2
       6
       0
       0
       0
       0
       0
       0
       0
       0
       0
       0
       0
       0
       0
       0
       0
       0
       0
       0
       0
       0
       0
       0
       0
       0
       0
       0
       0
       0
       0
       0
       0
       0
       0
       0
       0
       0
       0
       0
       0
       0
       0
       0
       0
       0
       0
       0
       0
       0
       0
       0
       0
       0
       0
       0
       0
       0
       0
       0
       0
       0
       0
       0
       0
       0
       0
       0
       0
       0
       0
       0
       0
       0
       0
       0
       0
       0
       0
       0
       0
       0
       0
       0
       0
       0
       0
       0
       0
       0
       0
       0
       0
       0
       0
       0
       0
       0
       0
       0
       0
       0
       0
       0
       0
       0
       0
       0
       0
       0
       0
       0
       0
       0
       0
       0
       0
       0
       0
       0
       0
       0
       0
       0
       0
       0
       0
       0
       0
       0
       0
       0
       0
       0
       0
       0
       0
       0
       0
       0
       0
       0
       0
       0
       0
       0
       0
       0
       0
       0
       0
       0
       0
       0
       0
       0
       0
       0
       0
       0
       0
       0
       0
       0
       0
       0
       0
       0
       0
       0
       0
       0
       0
       0
       0
       0
       0
       0
       0
       0
       0
       0
       0
       0
       0
       0
       0
       0
       0
       0
       0
       0
       0
       0
       0
       0
       0
       0
       0
       0
       0
       0
       0
       0
       0
       0
       0
       0
       0
       0
       0
       0
       0
       0
       0
       0
       0
       0
       0
       0
       0
       0
       0
       0
       0
       0
       0
       0
       0
       0
       0
       0
       0
       0
       0
       0
       0
       0
       0
       0
       0
       0
       0
       0
       0
       0
       0
       0
       0
       0
       0
       0
       0
       0
       0
       0
       0
       0
$ROI:
0
$PRESETS:
None
0
0
$ENER_FIT:
0.000000 0.533053
$MCA_CAL:
3
0.000000E+000 5.330531E-001 0.000000E+000 keV
$SHAPE_CAL:
3
0.000000E+000 0.000000E+000 0.000000E+000
