$SPEC_ID:
No sample description was entered.
$SPEC_REM:
DET# 1
DETDESC# DLAB-PHY-L3-48 Model 928 SN 14118571
AP# Maestro Version 7.01
$DATE_MEA:
03/04/2026 11:20:56
$MEAS_TIM:
94912 97271
$DATA:
0 16383
       0
       0
       0
       0
       0
       0
       0
       0
       0
       0
       0
       0
       0
       0
       0
       0
     211
     198
     182
     179
     167
     121
      99
      78
      91
      84
      63
      47
      48
      28
      14
      16
      12
      14
      11
       6
       5
       4
       3
       3
       1
       1
       2
       1
       0
       1
       1
       1
       0
       0
       1
       1
       1
       1
       0
       0
       0
       0
       0
       0
       0
       1
       1
       2
       1
       8
      26
     224
    2571
   32624
  317955
  913560
  613957
  229667
  164615
  144225
  135629
  132552
  133157
  135004
  139396
  143476
  147049
  152604
  157623
  162928
  167128
  173584
  178049
  183284
  187052
  191831
  195455
  200870
  205296
  209281
  214356
  218457
  220837
  225859
  230058
  234028
  238416
  243996
  247121
  251763
  256411
  262654
  265546
  272379
  277300
  282820
  288326
  294699
  301363
  307374
  312915
  319752
  327662
  334134
  340980
  348601
  354908
  364327
  370528
  378691
  387544
  393921
  403948
  412426
  419277
  428531
  436518
  446839
  454579
  463901
  471090
  479284
  487019
  496407
  504499
  512965
  521214
  527810
  535368
  542536
  548899
  555567
  559312
  567874
  571383
  577696
  581337
  584569
  589622
  592949
  593718
  598306
  599897
  601091
  602324
  603713
  604235
  605592
  606677
  605228
  605068
  605648
  604918
  605116
  604718
  603135
  604492
  601154
  600340
  600132
  599095
  598572
  596761
  598233
  595509
  596139
  594225
  593655
  594670
  592285
  592031
  590853
  591494
  589498
  589665
  588738
  588712
  588144
  589750
  587890
  587061
  587141
  586436
  584514
  584985
  586950
  586296
  584444
  584055
  585492
  582803
  583915
  582668
  583341
  582795
  583957
  581902
  581127
  581860
  580716
  579583
  577348
  578971
  577195
  576763
  575846
  575687
  575464
  574197
  572856
  570954
  570908
  569571
  569772
  569008
  567199
  564883
  564299
  561966
  561351
  560429
  557649
  557216
  554528
  552680
  551890
  551446
  548274
  547366
  544658
  543774
  539189
  538825
  537078
  535687
  533084
  531606
  529647
  527284
  525911
  524495
  521184
  519254
  516497
  514480
  513201
  510285
  509650
  505869
  504830
  502547
  499577
  496181
  495118
  494379
  490866
  488606
  485701
  483980
  481338
  479770
  476878
  474715
  471478
  470201
  466979
  467052
  462960
  461795
  458643
  455218
  453835
  452468
  448712
  445934
  443676
  441422
  439007
  436814
  434326
  433118
  430524
  428376
  424795
  423076
  421979
  419365
  415885
  414778
  411832
  410335
  407112
  404437
  403598
  401350
  398324
  396498
  393542
  391857
  389498
  386664
  385100
  382762
  380150
  378624
  376451
  373161
  371301
  370345
  368855
  365352
  363002
  361817
  359566
  357507
  355334
  353549
  351374
  348514
  347323
  345099
  342805
  340495
  339034
  336796
  333822
  332147
  329701
  328364
  326999
  324430
  322691
  320840
  319627
  317154
  314520
  313391
  311789
  309722
  307899
  305469
  303912
  301475
  300275
  298342
  296359
  295240
  292768
  291226
  290062
  288916
  285810
  284359
  282272
  280520
  278757
  278074
  275690
  273903
  273766
  271002
  269458
  267879
  266253
  264339
  262352
  261032
  259157
  257912
  255532
  255071
  253730
  251804
  250532
  248254
  247598
  244885
  244214
  242502
  241063
  240763
  238276
  236603
  236200
  234533
  233289
  232145
  229483
  229301
  226731
  225899
  223903
  223123
  221260
  219754
  218985
  217537
  216584
  214707
  212959
  212410
  210951
  210336
  208488
  208021
  206381
  205466
  204355
  202634
  200772
  200240
  198663
  198279
  196441
  195373
  193577
  193363
  192261
  190941
  189754
  188940
  187370
  186838
  184757
  183995
  183548
  181954
  180801
  180039
  178538
  177911
  176388
  175631
  174941
  173427
  172808
  172477
  171080
  170019
  169322
  167761
  167025
  165904
  165055
  163750
  162358
  161852
  161581
  160356
  159614
  159140
  157321
  156822
  155643
  155211
  154104
  153267
  152565
  152206
  149908
  149914
  149151
  148068
  147891
  146247
  145286
  144182
  143462
  142872
  143036
  142375
  140785
  140027
  138931
  138405
  137804
  138183
  136226
  135503
  135068
  134259
  132766
  132221
  133080
  130782
  130875
  130359
  128813
  127958
  128949
  127328
  126321
  125952
  124960
  124150
  124343
  122975
  122966
  121341
  121029
  119938
  119883
  118819
  118605
  118114
  116788
  116868
  115751
  116127
  114652
  115022
  113936
  113399
  112168
  111696
  111100
  111253
  110975
  109522
  109400
  108347
  108325
  107555
  106733
  106256
  105620
  105057
  104469
  104418
  103800
  102418
  102532
  102155
  101896
  101204
  100353
  100086
   99143
   98860
   99330
   97822
   97904
   97308
   96721
   96257
   95393
   95150
   94380
   94130
   93658
   93141
   92446
   92302
   92456
   91754
   91295
   90160
   90002
   89211
   89154
   87850
   87700
   87881
   87544
   86815
   86870
   86655
   85229
   85193
   85157
   84633
   83896
   83365
   82559
   82324
   82488
   81657
   81450
   80919
   80591
   80537
   79794
   79203
   78340
   78596
   78317
   77809
   77818
   77533
   76590
   76467
   75967
   75653
   75401
   74920
   74830
   74143
   73508
   73638
   73199
   72868
   72809
   72357
   72109
   71004
   70688
   70824
   70258
   70483
   69815
   69310
   68887
   68991
   68429
   68279
   68110
   67671
   66897
   67527
   67001
   65938
   65820
   66292
   65969
   65113
   64835
   64658
   64850
   63884
   63141
   63385
   63277
   62421
   62449
   62503
   62096
   61781
   61608
   61609
   60981
   60153
   60499
   59979
   59654
   59632
   59098
   59230
   58575
   59024
   57699
   57993
   57559
   57440
   57029
   56763
   56737
   56725
   56217
   56311
   55876
   55460
   55352
   55115
   54895
   54416
   54515
   54258
   53825
   53486
   53212
   52669
   52677
   52565
   52158
   52005
   52048
   51531
   51196
   51011
   50737
   50448
   50395
   49885
   49675
   49721
   49210
   48886
   49084
   48901
   48634
   48781
   48033
   47898
   47619
   47185
   47360
   46955
   46597
   46440
   46279
   46040
   45806
   45513
   45274
   45081
   44982
   44544
   44383
   44098
   44042
   43677
   43549
   43218
   43584
   43610
   42767
   42762
   42417
   42533
   41786
   42170
   41746
   41470
   41633
   41307
   41008
   41042
   40365
   40356
   39796
   40077
   40148
   39563
   39420
   39066
   39231
   38890
   38527
   38520
   38484
   38039
   38139
   37982
   37685
   37364
   37259
   37271
   37267
   36846
   36744
   36567
   36341
   35888
   35804
   36100
   35601
   35666
   35456
   35362
   34857
   35142
   34830
   34493
   34480
   34335
   34302
   34031
   33777
   33450
   33618
   33428
   33356
   33071
   33288
   32905
   32767
   32890
   32504
   32371
   32494
   32457
   31762
   32293
   31574
   31586
   31491
   31367
   31155
   31091
   31109
   30645
   30634
   30403
   30595
   30066
   30124
   30016
   30100
   29711
   29731
   29724
   29102
   29141
   29337
   28995
   28766
   28709
   28967
   28610
   28242
   28328
   28303
   28401
   28116
   27922
   27883
   28040
   27593
   27705
   27015
   27086
   27515
   27237
   26928
   26774
   26790
   26245
   26572
   26672
   26285
   26398
   26001
   26276
   25810
   25550
   25855
   25503
   25645
   25431
   25194
   25488
   25674
   24790
   24845
   24732
   24747
   24979
   24822
   24830
   24567
   24357
   23919
   24308
   24255
   23929
   23873
   23850
   23797
   23714
   23521
   23422
   23414
   23137
   23116
   23193
   23275
   22696
   22899
   23060
   22772
   22814
   22524
   22563
   22281
   22242
   22291
   22096
   21850
   21950
   22045
   21659
   21911
   21868
   21634
   21533
   21572
   21571
   21518
   21228
   21198
   21131
   21033
   21134
   21085
   20829
   21085
   20807
   20874
   20455
   20598
   20247
   20394
   20358
   20441
   20360
   20114
   20057
   20096
   19645
   19778
   19844
   19792
   19787
   19633
   19764
   19516
   19285
   19495
   19351
   19129
   18852
   19051
   18980
   18861
   18720
   18324
   18731
   18665
   18494
   18652
   18497
   18383
   18274
   18168
   18407
   18248
   17753
   18255
   17838
   17933
   17804
   17853
   17625
   17837
   17818
   17549
   17501
   17483
   17191
   17187
   17270
   17394
   17291
   17097
   16811
   16848
   17072
   16600
   16944
   16990
   16627
   16510
   16343
   16272
   16552
   16409
   16225
   16134
   16198
   15960
   16117
   15853
   15876
   15837
   15896
   15680
   15562
   15467
   15376
   15553
   15293
   15458
   14998
   15095
   15271
   15266
   14882
   15302
   14788
   14941
   14621
   14742
   14736
   14482
   14545
   14504
   14412
   14224
   14385
   14322
   14283
   14323
   13968
   13895
   13877
   14098
   14094
   13809
   13928
   13678
   13622
   13760
   13449
   13618
   13384
   13316
   13309
   13249
   13256
   13174
   13247
   13145
   13254
   13123
   12995
   12927
   12934
   12919
   12651
   12637
   12482
   12572
   12621
   12555
   12612
   12478
   12507
   12625
   12465
   12362
   12240
   12326
   12281
   12123
   12085
   12063
   12144
   11754
   12024
   11814
   11787
   11854
   11934
   11976
   11840
   11736
   11646
   11606
   11511
   11532
   11384
   11542
   11433
   11493
   11362
   11306
   11117
   11419
   11019
   11039
   11080
   11021
   10943
   11191
   11040
   11034
   10801
   10693
   10936
   10735
   10656
   10760
   10881
   10517
   10742
   10501
   10819
   10557
   10568
   10627
   10350
   10365
   10184
   10332
   10311
   10182
   10299
   10275
   10111
   10100
    9905
    9984
    9962
    9902
    9999
    9817
    9768
    9871
    9412
    9686
    9717
    9864
    9571
    9656
    9782
    9480
    9461
    9633
    9557
    9270
    9416
    9646
    9402
    9413
    9268
    9287
    9167
    9283
    9249
    9189
    9194
    9148
    9314
    9086
    9042
    9009
    8852
    8936
    8767
    8844
    9042
    8893
    8777
    8911
    8582
    8660
    8608
    8805
    8521
    8611
    8455
    8398
    8546
    8382
    8507
    8444
    8389
    8368
    8347
    8269
    8297
    8068
    8088
    8071
    8094
    8009
    8050
    8056
    8033
    7994
    7881
    7776
    7922
    7993
    8075
    7862
    7741
    7803
    7773
    7763
    7814
    7736
    7688
    7631
    7479
    7598
    7475
    7632
    7435
    7479
    7563
    7337
    7432
    7459
    7503
    7378
    7294
    7376
    7337
    7253
    7377
    7170
    7179
    7224
    7031
    7118
    6913
    7181
    7125
    7097
    7007
    7059
    6941
    6932
    7008
    6881
    6933
    6833
    6917
    6845
    7064
    6759
    6720
    6767
    6716
    6692
    6565
    6708
    6571
    6514
    6757
    6543
    6538
    6491
    6485
    6455
    6418
    6479
    6290
    6400
    6510
    6417
    6410
    6305
    6315
    6267
    6274
    6233
    6278
    6207
    6419
    6250
    6182
    6341
    6107
    6051
    6092
    6013
    6053
    6013
    5999
    5966
    6002
    6030
    6022
    5873
    5830
    5822
    5918
    5821
    5785
    5761
    5847
    5775
    5704
    5768
    5759
    5761
    5714
    5737
    5707
    5702
    5628
    5796
    5781
    5622
    5456
    5496
    5492
    5418
    5549
    5537
    5507
    5565
    5452
    5431
    5366
    5519
    5428
    5358
    5268
    5262
    5349
    5298
    5315
    5361
    5161
    5321
    5256
    5177
    5234
    5074
    5109
    5200
    5050
    5285
    5032
    5060
    5213
    5096
    5006
    4972
    4899
    5012
    5097
    5129
    5074
    4904
    4951
    4874
    4935
    4836
    4838
    4791
    4853
    4816
    4877
    4849
    4629
    4813
    4798
    4790
    4776
    4830
    4731
    4774
    4556
    4648
    4574
    4706
    4597
    4577
    4572
    4572
    4599
    4486
    4626
    4515
    4523
    4514
    4557
    4431
    4493
    4276
    4455
    4493
    4457
    4355
    4236
    4377
    4413
    4404
    4312
    4351
    4327
    4286
    4253
    4366
    4283
    4347
    4212
    4319
    4223
    4100
    4125
    4208
    4144
    4194
    4138
    4040
    4230
    4083
    4020
    4206
    4021
    4146
    3970
    4104
    4033
    3956
    4145
    3995
    4072
    3870
    3843
    3931
    3951
    3977
    3970
    4014
    3894
    3934
    3884
    3820
    3802
    3868
    3889
    3826
    3835
    3776
    3709
    3864
    3701
    3740
    3727
    3674
    3743
    3652
    3737
    3720
    3687
    3781
    3634
    3605
    3709
    3651
    3567
    3665
    3608
    3687
    3680
    3568
    3605
    3581
    3576
    3384
    3467
    3582
    3447
    3542
    3473
    3410
    3453
    3502
    3498
    3554
    3387
    3362
    3426
    3377
    3493
    3380
    3358
    3349
    3262
    3445
    3384
    3342
    3330
    3396
    3301
    3377
    3246
    3221
    3271
    3347
    3356
    3163
    3248
    3157
    3208
    3165
    3138
    3174
    3192
    3110
    3078
    3185
    3194
    3133
    3088
    3173
    3031
    3090
    3069
    3187
    3148
    3024
    3017
    3090
    3028
    3080
    3040
    2956
    2987
    3028
    2943
    2970
    2995
    3000
    3010
    2937
    2932
    2996
    2983
    2887
    3044
    2852
    2935
    2845
    2885
    2945
    2842
    2978
    2874
    2904
    2814
    2850
    2797
    2771
    2831
    2801
    2875
    2765
    2784
    2832
    2832
    2829
    2776
    2767
    2707
    2785
    2753
    2771
    2651
    2710
    2764
    2797
    2699
    2652
    2720
    2563
    2604
    2635
    2631
    2668
    2672
    2670
    2619
    2601
    2597
    2615
    2607
    2681
    2591
    2472
    2531
    2524
    2613
    2526
    2554
    2463
    2616
    2499
    2602
    2496
    2542
    2552
    2538
    2461
    2451
    2533
    2479
    2509
    2420
    2492
    2419
    2511
    2404
    2391
    2405
    2342
    2350
    2394
    2450
    2370
    2324
    2488
    2345
    2412
    2419
    2318
    2346
    2301
    2300
    2474
    2337
    2328
    2291
    2281
    2318
    2438
    2356
    2228
    2272
    2227
    2324
    2198
    2338
    2224
    2253
    2256
    2165
    2265
    2263
    2263
    2201
    2232
    2174
    2172
    2181
    2246
    2208
    2188
    2161
    2074
    2192
    2133
    2117
    2209
    2142
    2160
    2160
    2140
    2076
    2108
    2210
    2130
    2096
    2047
    2194
    2126
    2089
    2078
    2120
    2031
    2015
    2048
    2136
    2059
    2031
    2024
    2041
    2016
    2063
    2018
    2067
    2053
    2045
    1962
    1956
    1935
    1960
    2010
    1916
    2049
    2002
    1983
    2030
    1941
    2005
    1962
    1941
    1866
    1917
    1963
    1925
    1950
    1888
    1866
    1941
    1842
    1847
    1872
    1862
    1810
    1881
    1894
    1906
    1878
    1880
    1798
    1905
    1811
    1826
    1791
    1788
    1746
    1791
    1773
    1809
    1923
    1718
    1838
    1693
    1839
    1761
    1773
    1751
    1750
    1748
    1779
    1687
    1779
    1735
    1787
    1710
    1727
    1704
    1661
    1710
    1732
    1732
    1748
    1788
    1701
    1775
    1666
    1587
    1605
    1657
    1669
    1746
    1625
    1771
    1621
    1663
    1636
    1677
    1648
    1628
    1628
    1626
    1596
    1709
    1677
    1579
    1528
    1593
    1525
    1700
    1479
    1518
    1695
    1583
    1563
    1528
    1520
    1552
    1610
    1540
    1510
    1460
    1591
    1592
    1525
    1482
    1548
    1582
    1542
    1555
    1449
    1463
    1442
    1524
    1542
    1409
    1518
    1483
    1450
    1537
    1421
    1477
    1455
    1435
    1396
    1455
    1462
    1391
    1435
    1467
    1351
    1443
    1391
    1421
    1381
    1444
    1414
    1415
    1378
    1413
    1387
    1372
    1338
    1400
    1392
    1429
    1403
    1369
    1332
    1371
    1359
    1444
    1416
    1332
    1288
    1370
    1354
    1391
    1354
    1308
    1319
    1299
    1312
    1313
    1274
    1283
    1298
    1296
    1256
    1315
    1162
    1288
    1336
    1253
    1201
    1254
    1244
    1267
    1239
    1267
    1252
    1246
    1217
    1248
    1250
    1259
    1167
    1184
    1182
    1186
    1234
    1245
    1212
    1161
    1287
    1245
    1148
    1151
    1195
    1159
    1176
    1206
    1202
    1169
    1106
    1201
    1152
    1119
    1172
    1139
    1217
    1090
    1170
    1118
    1096
    1137
    1123
    1142
    1118
    1127
    1162
    1156
    1137
    1160
    1105
    1146
    1130
    1102
    1086
    1100
    1029
    1122
    1119
    1107
    1098
    1139
    1086
    1084
    1047
    1097
    1051
    1064
    1068
    1110
    1022
    1115
    1045
    1098
    1052
    1052
    1032
    1083
    1045
    1091
     998
    1048
    1028
     955
    1052
    1022
     985
    1005
    1057
    1044
     987
     973
    1070
    1024
    1014
    1040
    1062
    1045
    1022
     997
    1054
    1013
    1023
    1057
    1031
    1040
     990
    1003
     992
     982
     970
     937
     990
     977
    1030
    1024
     993
     944
     963
     986
     970
    1003
     961
     953
     971
     974
     963
     966
     958
     937
     952
     973
     930
     927
     952
     912
     902
     951
     935
     902
     929
     889
     876
     936
     946
     863
     929
     863
     922
     917
     954
     836
     910
     931
     911
     929
     868
     873
     880
     868
     923
     895
     893
     904
     854
     872
     875
     872
     869
     852
     831
     859
     888
     835
     857
     849
     895
     855
     803
     859
     893
     829
     773
     855
     815
     851
     825
     832
     787
     813
     821
     808
     803
     841
     855
     804
     766
     786
     795
     796
     789
     805
     823
     797
     758
     806
     755
     838
     745
     809
     791
     766
     826
     835
     837
     744
     789
     753
     783
     739
     815
     738
     764
     784
     776
     751
     736
     812
     711
     748
     751
     811
     778
     758
     735
     736
     701
     784
     742
     725
     707
     717
     752
     717
     727
     670
     716
     710
     723
     704
     683
     693
     719
     715
     671
     650
     690
     726
     706
     692
     640
     703
     677
     648
     683
     677
     721
     676
     620
     597
     708
     658
     681
     654
     651
     652
     595
     657
     628
     630
     659
     660
     632
     662
     689
     607
     635
     618
     663
     665
     638
     641
     577
     586
     638
     588
     676
     702
     675
     589
     659
     615
     629
     654
     628
     583
     645
     611
     571
     590
     663
     570
     589
     620
     639
     587
     643
     606
     575
     597
     606
     614
     587
     599
     580
     609
     575
     586
     518
     559
     576
     557
     543
     545
     572
     548
     594
     588
     532
     570
     555
     527
     535
     576
     623
     519
     545
     571
     539
     586
     524
     529
     558
     556
     532
     508
     558
     515
     511
     496
     535
     554
     517
     509
     534
     512
     556
     510
     548
     504
     538
     488
     525
     541
     524
     538
     505
     511
     527
     486
     514
     531
     494
     549
     511
     466
     470
     486
     503
     496
     533
     460
     497
     490
     500
     500
     453
     492
     462
     490
     501
     481
     492
     526
     485
     500
     453
     471
     469
     465
     507
     443
     475
     481
     466
     467
     425
     451
     445
     450
     434
     453
     470
     496
     500
     486
     416
     470
     445
     446
     409
     428
     442
     411
     436
     421
     455
     392
     439
     431
     478
     489
     391
     445
     462
     372
     401
     441
     442
     451
     389
     399
     397
     391
     407
     405
     418
     411
     445
     395
     411
     414
     378
     412
     408
     427
     426
     387
     400
     424
     411
     372
     404
     400
     437
     410
     377
     369
     383
     413
     390
     448
     340
     355
     363
     348
     361
     390
     424
     374
     353
     371
     359
     362
     348
     384
     387
     386
     367
     396
     355
     382
     366
     377
     370
     362
     379
     387
     357
     358
     370
     383
     360
     343
     353
     345
     422
     332
     336
     361
     353
     375
     376
     348
     353
     342
     338
     355
     349
     365
     345
     360
     346
     381
     360
     331
     400
     358
     345
     355
     324
     379
     316
     356
     363
     342
     365
     313
     312
     372
     319
     365
     346
     354
     345
     320
     374
     389
     372
     326
     345
     313
     366
     346
     344
     348
     321
     358
     326
     338
     388
     328
     320
     343
     347
     355
     349
     315
     339
     352
     371
     348
     331
     381
     350
     329
     366
     325
     347
     361
     313
     358
     306
     312
     351
     374
     349
     344
     346
     344
     372
     345
     340
     333
     368
     370
     318
     332
     318
     358
     333
     351
     346
     348
     330
     341
     323
     339
     326
     364
     327
     305
     324
     307
     336
     317
     309
     344
     304
     327
     315
     317
     326
     349
     322
     324
     364
     351
     377
     348
     368
     348
     362
     327
     341
     341
     343
     379
     344
     316
     364
     310
     361
     316
     346
     328
     344
     342
     319
     352
     332
     330
     355
     374
     346
     323
     338
     354
     353
     362
     358
     360
     316
     359
     354
     348
     336
     318
     377
     350
     387
     328
     328
     361
     362
     367
     367
     355
     379
     325
     365
     401
     335
     344
     358
     365
     332
     353
     358
     379
     351
     350
     375
     359
     362
     363
     340
     350
     314
     333
     363
     399
     379
     394
     381
     374
     388
     340
     356
     382
     376
     364
     375
     369
     348
     370
     328
     334
     334
     356
     355
     371
     356
     362
     368
     332
     358
     397
     364
     371
     391
     372
     365
     364
     369
     372
     384
     397
     353
     356
     349
     391
     353
     365
     400
     357
     332
     335
     363
     337
     374
     333
     377
     344
     369
     349
     371
     327
     364
     319
     366
     359
     324
     334
     367
     349
     336
     373
     354
     341
     371
     333
     363
     365
     327
     338
     372
     366
     367
     332
     345
     360
     351
     339
     350
     332
     321
     326
     325
     309
     356
     323
     341
     352
     323
     362
     339
     293
     322
     335
     334
     311
     330
     313
     303
     316
     303
     295
     333
     324
     353
     308
     313
     312
     308
     316
     308
     267
     295
     329
     324
     292
     287
     282
     338
     309
     299
     302
     293
     273
     283
     315
     291
     271
     306
     289
     304
     284
     280
     279
     271
     278
     252
     318
     309
     291
     244
     259
     266
     258
     266
     262
     248
     276
     267
     229
     211
     272
     256
     261
     275
     240
     249
     238
     216
     228
     250
     222
     232
     231
     228
     218
     228
     197
     206
     245
     231
     203
     195
     227
     226
     217
     242
     219
     210
     202
     218
     218
     206
     181
     214
     199
     175
     217
     208
     186
     205
     185
     189
     188
     176
     180
     174
     201
     162
     187
     187
     178
     175
     181
     156
     190
     174
     148
     176
     160
     156
     159
     163
     163
     150
     146
     154
     163
     148
     133
     173
     155
     131
     133
     161
     126
     157
     130
     148
     134
     143
     150
     156
     128
     144
     145
     148
     137
     134
     139
     127
     151
     129
     141
     145
     149
     124
     126
     123
     160
     116
     116
     124
     134
     135
     158
     127
     122
     129
     123
     146
     124
     103
     133
      87
     131
     100
     124
     101
     114
     109
      97
     115
     113
     129
     106
     117
     109
     110
     114
      86
     123
     131
     105
      98
      91
     117
      99
     118
     115
     104
      96
     107
     111
     121
     108
     104
     109
     105
     100
      91
      95
      89
     102
     104
     107
      98
     116
     112
      86
     107
     107
      93
     104
     107
      94
      99
      94
      96
     101
      82
      94
      82
      86
      81
      87
     114
      98
      91
      94
     100
      87
     105
      82
      85
      93
      86
      97
      97
      91
      94
      85
      87
      87
     114
      74
      89
     112
      98
      84
      99
      92
      93
      78
     106
     101
      93
      92
      84
      87
      83
      85
     100
      74
      84
      97
      90
      79
      71
      85
     100
      83
      85
      92
      93
      90
      87
      89
      84
      79
      96
      79
      80
      93
      75
      91
      97
      78
      75
      95
      86
     110
      92
      71
      81
     101
      68
      62
      97
      95
      99
      77
      70
      79
      73
      86
      71
      85
      84
      89
      82
      89
      83
      91
      75
      86
      70
      73
      58
      62
      85
      94
      68
      79
      70
      76
      78
      76
      92
      85
      81
      76
      88
      62
      65
      82
      81
      74
      71
      75
      68
      56
      61
      78
      88
      75
      71
      71
      85
      59
      90
      61
      64
      66
      71
      76
      69
      74
      70
      63
      74
      77
      72
      59
      70
      68
      70
      63
      68
      77
      64
      73
      69
      71
      76
      83
      86
      68
      79
      74
      51
      72
      81
      70
      61
      71
      57
      59
      78
      62
      64
      76
      74
      74
      81
      68
      78
      67
      78
      71
      70
      76
      80
      76
      63
      79
      56
      73
      74
      81
      60
      73
      67
      57
      87
      69
      44
      75
      78
      87
      84
      70
      91
      90
      46
      75
      68
      63
      63
      59
      71
      81
      56
      60
      68
      58
      78
      67
      77
      70
      72
      58
      55
      70
      67
      55
      60
      71
      65
      77
      75
      66
      52
      69
      79
      68
      62
      53
      54
      75
      76
      58
      55
      75
      59
      60
      72
      63
      63
      67
      61
      62
      52
      56
      57
      53
      57
      55
      65
      54
      76
      63
      67
      66
      73
      65
      72
      59
      55
      47
      51
      53
      53
      66
      65
      63
      74
      57
      65
      61
      85
      46
      63
      66
      59
      65
      62
      61
      57
      57
      74
      69
      59
      64
      56
      67
      57
      76
      72
      57
      56
      55
      66
      68
      59
      56
      70
      70
      49
      57
      57
      52
      47
      61
      51
      53
      46
      52
      44
      66
      51
      61
      58
      60
      63
      67
      58
      62
      64
      54
      47
      59
      52
      65
      61
      49
      57
      44
      54
      62
      72
      46
      57
      67
      48
      62
      39
      53
      52
      52
      47
      43
      55
      57
      53
      56
      46
      50
      51
      53
      54
      50
      57
      48
      53
      51
      45
      55
      53
      65
      55
      47
      51
      60
      49
      56
      54
      56
      59
      52
      30
      60
      56
      44
      47
      45
      35
      60
      57
      48
      45
      46
      46
      39
      48
      48
      61
      50
      46
      49
      55
      48
      50
      40
      40
      49
      58
      48
      50
      37
      49
      43
      33
      47
      42
      41
      52
      59
      64
      41
      48
      45
      33
      41
      36
      46
      51
      48
      25
      47
      46
      30
      39
      47
      47
      31
      41
      32
      39
      35
      48
      41
      39
      40
      37
      46
      38
      49
      42
      40
      35
      42
      38
      39
      41
      43
      51
      46
      59
      39
      51
      46
      38
      37
      38
      26
      37
      41
      33
      40
      27
      30
      46
      39
      45
      35
      40
      32
      42
      54
      44
      36
      34
      50
      43
      47
      40
      48
      42
      35
      34
      46
      39
      37
      38
      40
      31
      35
      38
      44
      34
      37
      45
      34
      35
      46
      40
      35
      33
      28
      42
      46
      39
      38
      42
      36
      42
      30
      42
      34
      35
      37
      44
      35
      36
      35
      30
      38
      38
      41
      36
      38
      40
      40
      37
      41
      41
      28
      33
      42
      42
      40
      34
      35
      30
      40
      34
      39
      36
      47
      36
      52
      35
      31
      32
      47
      27
      39
      41
      35
      40
      39
      34
      37
      30
      34
      33
      35
      39
      27
      37
      37
      29
      32
      40
      32
      25
      35
      27
      31
      27
      41
      31
      44
      20
      31
      32
      35
      35
      33
      36
      36
      44
      33
      30
      24
      35
      25
      46
      28
      38
      35
      36
      31
      40
      32
      29
      32
      35
      28
      27
      38
      40
      33
      22
      29
      36
      30
      31
      29
      31
      38
      30
      29
      40
      38
      33
      34
      31
      42
      37
      28
      27
      46
      39
      28
      26
      17
      29
      36
      28
      28
      36
      35
      28
      32
      33
      37
      29
      29
      22
      27
      39
      25
      26
      33
      28
      38
      30
      37
      31
      26
      43
      34
      25
      23
      42
      33
      32
      33
      24
      32
      32
      39
      29
      34
      24
      31
      30
      37
      35
      26
      33
      35
      38
      31
      33
      28
      37
      23
      29
      34
      25
      35
      48
      40
      41
      34
      26
      33
      36
      23
      31
      32
      26
      27
      23
      28
      32
      18
      31
      30
      33
      24
      33
      35
      28
      27
      42
      37
      26
      30
      33
      31
      40
      22
      29
      32
      17
      37
      39
      29
      34
      26
      21
      42
      32
      26
      19
      33
      28
      34
      35
      29
      33
      25
      31
      28
      32
      22
      31
      32
      28
      27
      28
      28
      37
      28
      29
      25
      27
      41
      36
      37
      30
      22
      23
      39
      34
      28
      31
      32
      31
      32
      31
      33
      30
      31
      31
      27
      35
      30
      29
      26
      29
      28
      32
      29
      35
      24
      31
      28
      37
      34
      29
      44
      50
      30
      33
      35
      38
      36
      33
      26
      23
      37
      30
      40
      36
      34
      25
      46
      45
      36
      31
      32
      38
      28
      43
      32
      32
      27
      30
      28
      33
      35
      29
      34
      38
      26
      38
      25
      27
      26
      24
      30
      37
      33
      25
      41
      36
      37
      39
      31
      37
      27
      31
      40
      44
      31
      39
      36
      34
      37
      37
      38
      17
      23
      34
      32
      32
      37
      29
      35
      51
      31
      32
      36
      36
      39
      40
      33
      28
      38
      20
      32
      37
      32
      37
      33
      30
      38
      37
      36
      19
      28
      33
      27
      31
      22
      37
      29
      26
      33
      24
      31
      25
      39
      31
      38
      30
      40
      28
      30
      40
      29
      27
      32
      36
      27
      28
      21
      43
      40
      31
      26
      37
      28
      30
      35
      26
      40
      36
      35
      21
      30
      33
      19
      29
      25
      35
      24
      36
      36
      38
      32
      31
      30
      32
      37
      33
      30
      35
      35
      39
      40
      31
      25
      31
      43
      34
      27
      36
      36
      32
      34
      31
      32
      29
      28
      30
      30
      35
      35
      32
      40
      31
      32
      32
      40
      42
      41
      29
      34
      32
      34
      29
      33
      32
      30
      26
      34
      51
      22
      37
      41
      37
      26
      50
      32
      36
      23
      30
      28
      31
      27
      35
      46
      36
      31
      18
      28
      42
      24
      28
      27
      32
      26
      30
      25
      31
      30
      34
      25
      27
      30
      35
      30
      31
      33
      37
      28
      32
      27
      29
      26
      41
      38
      37
      35
      20
      30
      30
      27
      30
      25
      21
      30
      28
      34
      35
      27
      35
      24
      28
      38
      36
      31
      28
      32
      31
      36
      35
      35
      32
      36
      29
      26
      23
      30
      24
      31
      23
      37
      34
      27
      17
      34
      37
      21
      21
      32
      20
      25
      37
      30
      28
      30
      27
      23
      28
      29
      37
      32
      34
      23
      23
      29
      29
      32
      26
      29
      23
      32
      30
      27
      34
      25
      25
      28
      24
      21
      23
      24
      26
      26
      32
      23
      25
      33
      27
      27
      28
      23
      21
      27
      22
      35
      21
      23
      20
      21
      28
      19
      22
      28
      25
      25
      24
      20
      32
      26
      20
      33
      26
      15
      35
      20
      23
      16
      27
      29
      37
      25
      33
      24
      29
      20
      17
      32
      24
      23
      26
      21
      16
      20
      31
      23
      19
      19
      33
      25
      26
      18
      33
      27
      18
      27
      25
      19
      21
      22
      20
      26
      19
      27
      27
      26
      18
      21
      29
      30
      21
      24
      28
      18
      21
      16
      30
      26
      20
      18
      25
      22
      20
      26
      29
      24
      23
      24
      32
      19
      27
      18
      30
      30
      17
      33
      23
      27
      26
      12
      20
      24
      21
      20
      20
      22
      16
      25
      35
      25
      27
      29
      27
      31
      17
      24
      23
      20
      14
      22
      19
      18
      28
      26
      33
      21
      14
      17
      32
      22
      22
      19
      22
      21
      30
      23
      23
      17
      28
      19
      17
      20
      22
      26
      16
      22
      17
      20
      25
      20
      22
      24
      15
      18
      17
      19
      22
      18
      22
      19
      18
      17
      26
      27
      15
      17
      16
      21
      11
      22
      18
      21
      23
      13
      15
      20
      19
      23
      19
      23
      28
      19
      27
      29
      12
      20
      17
      20
      21
      15
      20
      21
      23
      27
      19
      22
      22
      14
      31
      22
      15
      35
      23
      22
      18
      16
      17
      23
      25
      19
      25
      19
      24
      13
      21
      16
      15
      16
      19
      13
      15
      26
      18
      22
      14
      17
      13
      20
      14
      26
      15
      15
      16
      18
      15
      23
      21
      17
      20
      21
      23
      15
      11
      22
      21
      10
      18
      12
       9
      17
      20
      16
      16
      18
      14
      18
      12
      17
      18
      15
      10
      22
      17
      23
      18
      11
      27
      11
      18
      17
      14
      13
      16
      22
      16
      15
      21
      23
      19
      11
      14
      19
      10
      16
      16
      18
      11
      15
      15
      14
      10
      14
      13
      16
      20
      19
      21
      12
      13
      19
      15
       9
      19
      14
      15
      21
      16
       7
      11
      14
      11
      12
      19
      13
      14
      14
      15
      19
      16
      15
      15
      15
      16
      16
      15
      18
      13
      13
      16
      21
      24
      15
       8
      17
      19
      15
       7
      14
      12
      14
      14
      16
      22
      13
      17
      20
      11
      19
      20
      19
      12
      17
      21
      19
      18
       9
      12
      15
      17
      15
      13
      23
      11
      17
      12
      13
      15
      21
      18
      17
      17
      16
      17
      19
      20
      16
      20
      20
      15
      19
      19
      13
      14
      15
      16
      18
      19
      18
      20
      13
      16
      25
      23
      16
      18
      19
      20
      17
      13
      20
      12
      16
      17
      17
      17
      16
      12
      17
      16
      20
      14
      13
      20
      16
      18
      17
      15
      14
      15
      23
      19
      10
      15
      17
      19
      12
      18
      18
      18
       9
      14
      17
      19
      12
      14
      16
      20
      22
      11
      16
      13
      15
      13
      13
      22
      15
      26
      15
      17
      15
      15
      18
      18
      26
      21
      17
      16
      15
      22
      15
      11
      19
      10
      15
      17
      17
      22
      19
      19
      18
      15
      10
      15
      19
      20
      16
      26
      16
      13
       8
      16
      25
      22
      10
      13
      18
      14
      17
      15
      28
      19
      15
      20
      17
      22
      15
      22
      23
      13
       9
      16
      12
      18
      13
      23
      11
      22
      17
      24
      23
      23
      22
      21
      20
      13
      20
      11
      22
      28
      19
      11
      21
      19
      23
      18
      20
      19
      13
      19
      15
      27
      22
      17
      20
      15
      19
      13
      16
      28
      14
      14
      25
      18
      13
      21
      29
      15
      18
      12
      19
      21
      17
      15
      22
      15
      12
      23
      16
      25
      17
      12
      15
      16
      18
      21
      17
      16
      21
      21
      12
      22
      17
      31
      17
      15
      31
      25
      20
      24
      12
      25
      20
      23
      20
      25
      17
      28
      17
      30
      18
      19
      26
      27
      19
      14
      21
      21
      23
      14
      24
      25
      29
      21
      16
      16
      30
      17
      20
      18
      27
      25
      24
      32
      23
      24
      25
      21
      26
      26
      17
      12
      23
      26
      23
      22
      17
      20
      24
      22
      16
      17
      18
      21
      22
      24
      25
      19
      17
      24
      24
      19
      27
      17
      21
      23
      19
      25
      29
      27
      25
      21
      17
      21
      21
      21
      23
      24
      18
      30
      11
      18
      22
      20
      13
      22
      26
      23
      23
      23
      19
      19
      19
      11
      17
      28
      24
      18
      27
      20
      13
      19
      18
      26
      32
      13
      24
      26
      27
      19
      23
      21
      27
      19
      22
      15
      21
      22
      25
      25
      21
      19
      22
      19
      30
      27
      19
      21
      17
      16
      20
      18
      24
      27
      23
      25
      25
      13
      16
      20
      24
      21
      21
      18
      19
      20
      13
      22
      23
      23
      21
      21
      18
      24
      27
      24
      19
      18
      20
      13
      31
      20
      18
      20
      20
      16
      20
      21
      16
      13
      20
      19
      10
      19
      17
      21
      16
      18
      10
      12
      16
      22
      20
      10
      20
      20
      30
      15
      22
      17
      20
      28
      19
       9
      10
      10
      16
      12
      10
      11
      22
      24
      15
      20
      17
      10
      13
      12
      11
      16
      16
      15
       9
      10
      23
      12
      15
      17
       9
      16
      12
      17
      12
      17
      10
      19
      14
      14
      13
      17
      11
      13
      14
      13
      10
      14
      16
      12
      20
      17
      10
      14
      17
      14
      10
      13
      12
      11
      13
      18
      15
      10
      11
      10
      10
      12
      11
      21
      15
      10
      14
      16
       9
      11
      11
      15
      20
      14
      11
      12
      11
      10
       9
       8
      10
       9
       7
      14
       6
       8
      14
      14
       7
      10
      13
       6
       6
      12
       7
       8
       6
       8
       9
       8
      11
       4
       7
       6
      12
       7
      14
       7
       5
       9
       9
      10
       8
       7
      13
       8
      11
      11
      16
      12
      10
       3
      11
       4
       9
       8
       5
      10
       4
       5
       4
       3
       6
       5
       4
       6
       9
       9
       4
       4
      10
      11
       9
       6
      10
       6
       1
       7
       8
       8
       7
       6
      13
       5
       5
       7
       3
       4
       9
       5
       5
       3
       8
       3
       6
       1
       4
       4
       4
       3
       6
       7
       4
       8
       4
       7
       3
       8
       5
      10
       5
       3
       5
       2
       9
       5
       6
       2
       4
       3
       6
       5
       7
       3
       3
       4
       2
       2
       7
       3
       3
       6
       5
      10
       6
       5
       4
       5
       6
       7
       0
       2
       8
       4
       6
       6
       3
       6
       3
       8
       4
       4
       4
       3
       4
       3
       1
       2
       4
       1
       4
       3
       4
       4
       5
       5
       6
       6
       4
       6
       4
       0
       5
       4
       4
       1
       6
       4
       2
       2
       6
       1
       5
       3
       3
       5
       5
       7
       4
       5
       3
       2
       5
       6
       3
       2
       9
       5
       4
       4
       6
       7
       4
       4
       2
       5
       6
       3
       5
       5
       1
       5
       3
       4
       4
       7
       3
       8
       1
       2
       2
       2
       2
       1
       3
       2
       6
       3
       5
       2
       6
       3
       4
       5
       3
       2
       5
       3
       6
       6
       5
       4
       3
       5
       5
       6
       6
       2
       6
       0
       3
       3
       4
       2
       5
       4
       5
       6
       4
       3
       2
       2
       8
       6
       1
       2
       4
       5
       5
       7
       5
       3
       3
       2
      10
       9
       4
       6
       3
       1
       5
       2
       3
       6
       2
       5
       4
       3
       6
       3
       4
       1
       5
       3
       5
       2
       2
       5
       3
       4
       5
       7
       2
       3
       6
       6
       4
       1
       1
       7
       3
       6
       5
       4
       7
       3
       2
       4
       2
       1
       6
       2
       4
       6
       4
       2
       2
      10
       4
       2
       4
       4
       2
       1
       3
       3
       3
       5
       8
       3
       3
       3
       4
       5
       9
       5
       6
       8
       4
       3
       4
       7
       3
       1
       1
       4
       3
       7
       3
       7
       5
       5
       6
       6
       0
       2
       3
       5
       2
       4
       0
       3
       4
       6
       1
       4
       1
       6
       4
       3
       5
       4
       1
       4
       4
       3
       3
       5
       6
       3
       2
       5
       4
       4
       5
       6
       5
       3
       5
       3
       2
       4
       3
       3
       6
       5
       4
       1
       4
       4
       2
       2
       2
       5
       5
       5
       3
       3
       4
       5
       6
       4
       3
       8
       5
       5
       4
       3
       4
       5
       2
       3
       3
       6
       3
       2
       3
       2
       4
       1
       4
       2
       3
       0
       4
       3
       5
       4
       1
       4
       3
       3
       2
       3
       2
       3
       3
       7
       3
       2
       5
       3
       5
       3
       3
       6
       1
       5
       1
       6
       1
       5
       4
       2
       3
       0
       3
       1
       4
       2
       3
       4
       7
       3
       6
       3
       1
       6
       4
       8
       3
       2
       2
       4
       4
       3
       3
       7
       3
       3
       3
       0
       2
       3
       3
       7
       4
       5
       6
       3
       4
       5
       5
       5
       4
       6
       5
       3
       1
       4
       6
       3
       2
       6
       5
       3
       5
       3
       6
       2
       6
       4
       6
       2
       5
       8
       6
       7
       2
       2
       2
       0
       3
       1
       4
       2
       3
       9
       2
       1
       1
       1
       0
       5
       2
       2
       6
       3
       3
       2
       4
       3
       2
       5
       5
       4
       0
       2
       4
       3
       5
       2
       7
       2
       1
       6
       6
       6
       3
       3
       1
       4
       7
       6
       3
       5
       1
       1
       2
       4
       1
       3
       2
       4
       4
       1
       5
       5
       4
       4
       4
       5
       1
       4
       3
       3
       1
       5
       9
       3
       4
       6
       3
       3
       2
       4
       4
       3
       2
       3
       4
       2
       3
       5
       3
       2
       3
       6
       3
       3
       5
       2
       2
       3
       4
       2
       5
       3
       4
       5
       0
       4
       1
       6
       3
       3
       6
       4
       2
       4
       4
       3
       3
       1
       1
       4
       3
       2
       5
       4
       0
       1
       5
       3
       2
       4
       3
       5
       1
       1
       3
       4
       4
       4
       3
       5
       4
       3
       0
       4
       3
       1
       1
       5
       1
       3
       4
       1
       2
       5
       9
       2
       7
       4
       4
       5
       2
       5
       2
       4
       4
       2
       4
       4
       3
       3
       4
       3
       4
       1
       2
       1
       4
       3
       2
       6
       3
       3
       3
       2
       7
       2
       0
       7
       2
       3
       1
       3
       1
       5
       2
       4
       1
       1
       3
       3
       3
       0
       3
       0
       2
       2
       3
       4
       3
       1
       1
       6
       8
       6
       5
       5
       4
       3
       6
       3
       1
       2
       2
       6
       2
       3
       4
       6
       2
       2
       4
       2
       2
       2
       4
       5
       1
       4
       4
       5
       3
       5
       5
       0
       2
       5
       0
       3
       6
       4
       4
       4
       4
       4
       4
       6
       5
       3
       3
       0
       1
       4
       3
       3
       3
       1
       1
       5
       3
       1
       3
       4
       3
       1
       4
       5
       3
       3
       3
       4
       3
       2
       3
       3
       2
       1
       3
       3
       2
       1
       2
       4
       2
       3
       1
       5
       1
       1
       4
       4
       3
       4
       1
       3
       1
       3
       8
       4
       6
       1
       1
       1
       3
       1
       2
       7
       0
       5
       1
       3
       3
       1
       1
       1
       2
       2
       1
       3
       4
       3
       6
       2
       0
       4
       0
       0
       7
       5
       3
       3
       2
       4
       4
       3
       2
       3
       5
       3
       3
       3
       2
       3
       2
       6
       5
       1
       4
       4
       4
       2
       0
       0
       4
       7
       6
       0
       4
       3
       2
       4
       5
       2
       2
       3
       2
       3
       4
       5
       3
       3
       1
       9
       2
       1
       4
       4
       1
       0
       3
       3
       1
       2
       6
       4
       3
       5
       6
       4
       2
       2
       2
       5
       4
       3
       6
       2
       2
       3
       6
       0
       3
       2
       4
       4
       3
       2
       3
       2
       2
       2
       4
       2
       4
       2
       1
       4
       3
       1
       2
       4
       3
       0
       2
       3
       3
       3
       1
       1
       9
       2
       1
       3
       1
       4
       1
       5
       4
       4
       6
       3
       2
       2
       1
       6
       2
       5
       0
       2
       5
       0
       6
       5
       1
       2
       6
       1
       2
       0
       2
       4
       3
       3
       2
       1
       1
       2
       1
       4
       5
       0
       6
       1
       2
       3
       1
       2
       4
       4
       2
       2
       2
       2
       5
       1
       5
       3
       2
       1
       5
       2
       4
       2
       3
       5
       3
       3
       6
       1
       1
       4
       4
       4
       3
       4
       1
       4
       2
       3
       0
       0
       2
       1
       4
       4
       1
       4
       1
       2
       4
       1
       4
       3
       3
       1
       2
       3
       4
       3
       1
       2
       2
       2
       4
       2
       1
       4
       1
       2
       2
       3
       6
       3
       3
       3
       1
       5
       2
       1
       0
       3
       2
       0
       3
       1
       4
       1
       4
       2
       3
       2
       3
       9
       6
       2
       2
       1
       1
       3
       3
       3
       3
       7
       3
       1
       4
       3
       8
       2
       2
       3
       2
       2
       6
       4
       6
       0
       2
       3
       6
       5
       0
       5
       0
       3
       1
       2
       1
       4
       3
       4
       1
       3
       2
       1
       6
       3
       4
       2
       3
       2
       2
       1
       2
       3
       3
       5
       2
       0
       3
       3
       0
       1
       2
       1
       0
       2
       3
       3
       5
       2
       3
       4
       1
       2
       2
       2
       0
       3
       4
       4
       1
       4
       4
       2
       3
       3
       8
       2
       2
       0
       3
       3
       3
       0
       4
       4
       4
       4
       1
       5
       3
       2
       3
       4
       1
       2
       1
       3
       3
       4
       2
       5
       1
       2
       1
       0
       2
       3
       2
       3
       4
       2
       1
       2
       0
       1
       3
       4
       4
       4
       1
       3
       3
       5
       2
       4
       1
       2
       1
       2
       6
       1
       2
       3
       3
       4
       4
       1
       1
       2
       4
       1
       4
       2
       2
       6
       2
       2
       3
       1
       3
       4
       4
       0
       2
       2
       4
       2
       1
       2
       3
       3
       2
       3
       5
       1
       2
       1
       2
       2
       2
       4
       0
       5
       1
       4
       1
       2
       1
       0
       4
       3
       3
       1
       4
       2
       3
       1
       3
       2
       0
       3
       2
       8
       3
       3
       1
       2
       3
       2
       4
       3
       4
       2
       0
       1
       1
       4
       6
       4
       3
       1
       1
       2
       3
       1
       6
       3
       1
       6
       3
       2
       1
       4
       0
       2
       4
       5
       4
       5
       1
       0
       5
       2
       3
       1
       3
       1
       1
       2
       3
       4
       0
       7
       3
       2
       3
       3
       1
       4
       2
       0
       3
       2
       6
       3
       5
       2
       3
       2
       5
       2
       1
       2
       2
       5
       1
       3
       3
       1
       0
       2
       1
       2
       1
       1
       6
       4
       2
       4
       1
       4
       1
       3
       3
       7
       1
       2
       5
       3
       1
       4
       1
       0
       3
       1
       1
       3
       2
       0
       2
       1
       4
       3
       6
       2
       1
       2
       3
       0
       3
       2
       2
       0
       3
       2
       2
       7
       1
       2
       2
       2
       7
       3
       2
       6
       3
       4
       2
       3
       2
       5
       2
       1
       2
       2
       4
       3
       3
       1
       2
       5
       4
       2
       2
       3
       1
       3
       2
       5
       1
       3
       1
       7
       4
       2
       2
       2
       4
       2
       2
       3
       2
       4
       3
       1
       2
       4
       0
       3
       4
       2
       2
       3
       3
       1
       0
       5
       4
       3
       2
       2
       2
       5
       3
       1
       2
       1
       3
       1
       1
       2
       3
       2
       1
       2
       5
       1
       2
       1
       4
       4
       3
       1
       3
       4
       2
       1
       5
       2
       4
       4
       1
       5
       2
       1
       4
       2
       4
       1
       6
       4
       2
       4
       3
       2
       2
       2
       9
       2
       1
       3
       3
       3
       4
       3
       3
       1
       3
       6
       5
       2
       6
       3
       5
       1
       4
       4
       2
       5
       1
       2
       3
       3
       2
       4
       3
       0
       3
       2
       2
       2
       3
       1
       1
       1
       1
       3
       2
       2
       0
       5
       3
       0
       1
       4
       3
       2
       3
       4
       3
       2
       1
       2
       4
       3
       0
       0
       0
       2
       5
       4
       4
       3
       5
       2
       4
       1
       0
       3
       2
       4
       6
       2
       5
       2
       1
       3
       4
       4
       1
       1
       4
       0
       1
       4
       3
       3
       3
       5
       0
       2
       2
       3
       0
       3
       2
       1
       5
       0
       5
       3
       2
       1
       4
       3
       4
       4
       2
       2
       3
       4
       4
       2
       1
       4
       2
       3
       3
       1
       1
       0
       2
       2
       2
       5
       3
       2
       2
       4
       1
       2
       2
       3
       2
       2
       3
       1
       2
       2
       2
       2
       4
       2
       4
       5
       1
       2
       3
       2
       4
       3
       2
       1
       3
       4
       3
       4
       1
       0
       3
       3
       1
       3
       1
       1
       1
       7
       2
       2
       3
       2
       0
       4
       5
       1
       3
       2
       2
       8
       2
       0
       2
       3
       2
       2
       5
       0
       3
       2
       0
       4
       4
       2
       4
       1
       3
       3
       2
       1
       2
       4
       0
       3
       3
       4
       3
       2
       2
       0
       2
       4
       1
       1
       5
       3
       2
       4
       0
       0
       3
       1
       2
       2
       1
       2
       1
       4
       6
       2
       1
       2
       3
       1
       1
       2
       3
       4
       3
       2
       1
       3
       0
       6
       0
       0
       0
       3
       6
       3
       3
       1
       3
       6
       1
       1
       3
       4
       4
       2
       4
       5
       2
       2
       1
       1
       6
       4
       3
       3
       4
       5
       7
       4
       1
       6
       6
       1
       3
       1
       1
       1
       3
       2
       1
       2
       4
       1
       3
       3
       3
       1
       2
       1
       3
       1
       3
       1
       4
       3
       2
       2
       3
       3
       3
       1
       3
       4
       1
       3
       1
       0
       2
       6
       1
       2
       4
       3
       2
       1
       3
       4
       3
       2
       2
       2
       3
       0
       6
       4
       2
       2
       5
       2
       1
       4
       3
       2
       3
       3
       0
       3
       3
       3
       0
       2
       0
       2
       4
       3
       1
       4
       0
       2
       1
       2
       0
       2
       1
       2
       3
       1
       3
       2
       2
       3
       5
       1
       0
       4
       5
       3
       1
       2
       2
       0
       3
       1
       3
       0
       3
       1
       6
       2
       2
       4
       3
       5
       0
       3
       2
       1
       1
       2
       2
       5
       4
       1
       3
       1
       4
       3
       0
       3
       0
       1
       1
       3
       1
       3
       1
       1
       2
       2
       3
       0
       4
       2
       1
       2
       3
       2
       1
       4
       2
       0
       3
       2
       1
       1
       2
       1
       0
       4
       3
       5
       0
       4
       5
       1
       2
       1
       9
       4
       5
       3
       5
       4
       3
       3
       5
       2
       2
       8
       3
       2
       2
       6
       3
       5
       2
       2
       0
       4
       4
       2
       4
       3
       0
       1
       4
       3
       4
       1
       2
       1
       2
       4
       5
       2
       3
       1
       1
       3
       2
       0
       3
       4
       5
       2
       1
       1
       4
       0
       2
       4
       2
       2
       3
       1
       3
       3
       2
       5
       3
       2
       2
       5
       3
       2
       7
       1
       4
       4
       2
       2
       1
       3
       0
       1
       2
       2
       2
       3
       4
       1
       2
       2
       2
       5
       1
       4
       3
       2
       3
       3
       4
       4
       4
       3
       4
       2
       0
       1
       4
       4
       3
       2
       3
       4
       3
       1
       2
       2
       2
       2
       1
       0
       2
       5
       2
       3
       1
       1
       2
       2
       0
       1
       2
       3
       1
       0
       0
       1
       3
       0
       3
       2
       0
       2
       1
       2
       1
       2
       2
       0
       1
       4
       2
       0
       2
       4
       1
       3
       1
       1
       1
       3
       3
       3
       2
       3
       2
       1
       2
       0
       3
       2
       3
       0
       3
       7
       2
       5
       3
       0
       4
       1
       6
       3
       3
       5
       0
       2
       1
       4
       1
       3
       4
       3
       3
       6
       3
       1
       3
       2
       3
       4
       1
       2
       1
       1
       2
       5
       2
       2
       2
       0
       2
       1
       3
       2
       1
       4
       1
       5
       1
       2
       2
       0
       2
       5
       2
       5
       2
       4
       2
       1
       1
       2
       2
       2
       1
       2
       4
       2
       1
       4
       4
       1
       2
       2
       1
       3
       1
       2
       2
       0
       1
       0
       1
       4
       4
       2
       2
       1
       1
       2
       2
       1
       4
       1
       3
       3
       2
       3
       1
       3
       2
       4
       1
       3
       4
       4
       1
       2
       0
       7
       3
       2
       1
       2
       2
       2
       5
       2
       3
       4
       2
       2
       1
       2
       3
       3
       1
       3
       2
       4
       0
       3
       2
       1
       5
       2
       6
       0
       1
       4
       2
       1
       3
       1
       1
       3
       4
       1
       2
       3
       2
       0
       1
       1
       3
       2
       2
       3
       5
       0
       2
       4
       2
       2
       1
       0
       5
       3
       1
       2
       3
       3
       1
       0
       4
       2
       1
       1
       1
       4
       3
       3
       3
       3
       1
       3
       3
       3
       4
       3
       1
       4
       0
       3
       3
       1
       1
       1
       2
       0
       3
       2
       4
       2
       2
       1
       0
       6
       3
       0
       2
       2
       6
       2
       3
       1
       4
       1
       1
       2
       1
       1
       2
       2
       2
       4
       2
       2
       0
       1
       2
       3
       1
       2
       2
       1
       1
       5
       1
       3
       3
       3
       2
       3
       2
       3
       1
       2
       6
       4
       0
       1
       3
       2
       2
       4
       2
       2
       2
       3
       2
       2
       0
       1
       1
       2
       4
       3
       1
       2
       0
       1
       3
       3
       2
       3
       2
       3
       2
       3
       1
       3
       1
       5
       1
       3
       4
       2
       1
       1
       0
       2
       0
       2
       1
       0
       2
       1
       2
       2
       2
       1
       2
       2
       0
       3
       4
       3
       2
       3
       3
       2
       1
       1
       2
       2
       3
       6
       3
       1
       1
       1
       3
       0
       0
       2
       2
       4
       2
       2
       1
       1
       3
       2
       2
       4
       2
       2
       2
       3
       2
       0
       4
       1
       1
       2
       3
       3
       4
       3
       0
       2
       2
       3
       2
       2
       2
       2
       4
       4
       3
       0
       3
       2
       1
       6
       3
       2
       6
       1
       3
       3
       2
       3
       3
       1
       2
       3
       2
       1
       3
       3
       1
       2
       3
       1
       2
       1
       2
       3
       2
       3
       1
       2
       2
       0
       2
       0
       3
       3
       2
       3
       2
       4
       5
       5
       5
       1
       1
       2
       0
       2
       3
       3
       1
       1
       3
       2
       1
       1
       1
       4
       2
       3
       5
       1
       2
       1
       2
       0
       2
       1
       1
       2
       1
       1
       1
       1
       0
       0
       2
       2
       3
       2
       0
       0
       0
       3
       1
       6
       1
       1
       2
       2
       4
       0
       3
       2
       3
       1
       3
       6
       1
       0
       1
       5
       3
       2
       4
       2
       4
       5
       1
       0
       3
       3
       4
       2
       1
       3
       4
       4
       1
       3
       5
       2
       3
       1
       3
       1
       2
       1
       2
       3
       6
       2
       2
       1
       1
       0
       3
       2
       0
       2
       2
       2
       3
       3
       5
       5
       2
       1
       0
       1
       1
       1
       2
       0
       1
       3
       2
       2
       2
       1
       2
       1
       2
       3
       3
       0
       4
       1
       3
       0
       0
       3
       0
       2
       2
       3
       1
       1
       3
       0
       3
       2
       4
       1
       1
       2
       2
       0
       0
       1
       1
       1
       1
       4
       3
       2
       1
       0
       2
       0
       0
       1
       3
       5
       1
       3
       4
       0
       4
       2
       1
       3
       2
       1
       2
       2
       6
       2
       2
       6
       6
       2
       6
       2
       1
       3
       1
       3
       1
       4
       4
       0
       5
       2
       2
       2
       2
       1
       1
       2
       2
       1
       1
       3
       3
       1
       1
       1
       2
       1
       1
       3
       1
       2
       1
       2
       1
       1
       4
       2
       1
       4
       2
       3
       1
       3
       2
       1
       3
       1
       0
       2
       1
       3
       4
       2
       1
       1
       2
       1
       1
       1
       3
       3
       1
       1
       2
       5
       5
       3
       3
       6
       3
       1
       1
       2
       2
       2
       1
       2
       3
       3
       2
       3
       2
       1
       2
       3
       3
       4
       0
       0
       1
       1
       1
       1
       3
       1
       2
       3
       2
       1
       0
       5
       1
       2
       0
       1
       2
       2
       3
       1
       3
       2
       1
       4
       4
       1
       3
       1
       1
       1
       1
       1
       2
       1
       0
       3
       2
       2
       1
       3
       4
       1
       2
       1
       4
       3
       5
       3
       3
       3
       0
       3
       0
       2
       1
       2
       0
       2
       2
       1
       0
       3
       4
       3
       4
       1
       0
       0
       2
       1
       2
       4
       2
       2
       1
       3
       0
       3
       2
       2
       5
       1
       3
       1
       0
       0
       3
       3
       4
       3
       2
       3
       3
       0
       2
       4
       0
       3
       2
       1
       4
       5
       1
       1
       1
       2
       4
       3
       4
       4
       0
       2
       0
       3
       4
       1
       3
       2
       2
       3
       1
       2
       2
       3
       0
       1
       1
       0
       3
       1
       1
       3
       1
       8
       0
       1
       2
       2
       3
       2
       1
       2
       2
       3
       2
       2
       0
       1
       1
       2
       1
       3
       3
       1
       1
       2
       0
       0
       2
       3
       2
       3
       0
       1
       1
       2
       3
       2
       1
       2
       1
       4
       2
       4
       3
       5
       3
       1
       3
       1
       3
       3
       3
       0
       1
       5
       2
       3
       2
       3
       6
       0
       1
       2
       1
       2
       3
       3
       3
       1
       3
       3
       2
       2
       4
       0
       6
       4
       8
       3
       4
       1
       3
       4
       1
       6
       1
       1
       4
       1
       3
       4
       0
       0
       1
       3
       1
       1
       1
       3
       1
       4
       1
       3
       4
       0
       2
       4
       1
       0
       2
       1
       1
       1
       0
       2
       3
       3
       1
       2
       3
       3
       1
       3
       1
       3
       4
       3
       3
       2
       3
       1
       3
       3
       2
       2
       1
       3
       0
       4
       1
       3
       2
       1
       0
       3
       0
       1
       2
       2
       2
       1
       1
       6
       1
       2
       1
       1
       2
       1
       3
       2
       3
       0
       0
       4
       3
       6
       1
       1
       3
       1
       4
       1
       1
       2
       2
       4
       2
       2
       3
       2
       3
       4
       1
       1
       3
       4
       0
       1
       1
       1
       3
       4
       0
       3
       3
       2
       2
       1
       2
       0
       0
       2
       1
       3
       3
       0
       2
       3
       0
       1
       0
       2
       1
       2
       1
       4
       2
       2
       0
       1
       4
       2
       2
       2
       3
       1
       3
       1
       3
       4
       4
       4
       0
       1
       5
       3
       1
       1
       2
       3
       1
       1
       2
       2
       3
       2
       1
       4
       1
       1
       6
       2
       0
       1
       2
       1
       2
       2
       2
       1
       1
       2
       2
       1
       2
       1
       2
       1
       2
       3
       2
       2
       0
       4
       2
       0
       3
       2
       4
       4
       2
       2
       3
       1
       2
       2
       2
       0
       2
       4
       2
       5
       2
       1
       1
       3
       0
       2
       2
       3
       2
       2
       5
       1
       2
       1
       3
       2
       2
       1
       3
       3
       2
       1
       2
       0
       1
       0
       0
       2
       2
       2
       0
       1
       2
       1
       2
       0
       1
       5
       2
       4
       3
       4
       4
       3
       3
       4
       4
       2
       5
       2
       3
       1
       3
       2
       2
       1
       2
       6
       0
       2
       0
       4
       1
       2
       3
       2
       5
       3
       5
       4
       2
       3
       2
       2
       1
       3
       0
       3
       0
       0
       2
       3
       2
       2
       1
       1
       1
       0
       3
       2
       2
       3
       1
       0
       4
       2
       3
       4
       3
       1
       2
       2
       1
       1
       2
       2
       1
       3
       0
       3
       3
       4
       0
       3
       0
       2
       1
       5
       2
       5
       2
       1
       1
       1
       6
       0
       0
       3
       4
       4
       2
       1
       3
       2
       4
       1
       1
       2
       1
       1
       1
       5
       3
       1
       2
       1
       0
       5
       2
       0
       2
       2
       2
       0
       1
       0
       5
       5
       0
       0
       1
       2
       3
       3
       3
       3
       1
       2
       5
       3
       2
       3
       1
       2
       3
       3
       4
       3
       3
       4
       0
       2
       2
       3
       2
       2
       0
       3
       0
       0
       1
       5
       2
       2
       0
       1
       4
       0
       1
       4
       2
       2
       2
       6
       1
       4
       1
       1
       1
       0
       1
       2
       1
       5
       2
       2
       5
       2
       4
       2
       1
       2
       1
       3
       1
       1
       1
       4
       0
       2
       1
       2
       1
       1
       4
       5
       0
       2
       1
       2
       2
       4
       2
       2
       2
       4
       4
       2
       4
       1
       3
       1
       1
       4
       1
       2
       5
       0
       0
       0
       3
       0
       2
       2
       1
       3
       2
       2
       1
       3
       3
       1
       1
       0
       3
       1
       1
       4
       0
       3
       3
       3
       0
       4
       4
       3
       4
       3
       1
       2
       1
       1
       3
       6
       2
       2
       3
       3
       0
       1
       2
       3
       2
       0
       2
       3
       3
       3
       2
       2
       2
       1
       3
       3
       3
       2
       2
       2
       2
       2
       0
       2
       3
       1
       5
       1
       1
       5
       3
       1
       3
       0
       4
       4
       0
       2
       1
       1
       4
       2
       1
       3
       3
       3
       3
       1
       2
       1
       0
       0
       2
       2
       3
       2
       1
       2
       1
       3
       3
       2
       2
       1
       1
       0
       3
       0
       3
       2
       2
       3
       2
       2
       1
       1
       4
       1
       0
       4
       5
       1
       2
       0
       1
       1
       4
       1
       2
       0
       2
       0
       1
       3
       0
       3
       4
       4
       3
       0
       4
       1
       3
       1
       0
       1
       2
       2
       0
       3
       2
       3
       3
       2
       1
       0
       0
       2
       3
       0
       3
       1
       1
       2
       0
       2
       0
       3
       2
       1
       0
       2
       4
       3
       1
       1
       1
       3
       3
       4
       0
       1
       2
       2
       2
       2
       3
       5
       6
       4
       2
       1
       2
       1
       2
       2
       4
       0
       2
       2
       5
       4
       1
       1
       4
       3
       1
       3
       2
       0
       1
       0
       1
       2
       3
       0
       4
       1
       2
       3
       2
       2
       3
       0
       3
       2
       0
       3
       4
       1
       2
       5
       1
       0
       2
       0
       1
       1
       5
       0
       0
       2
       2
       3
       1
       4
       0
       0
       2
       5
       3
       2
       3
       2
       1
       0
       0
       3
       1
       1
       1
       3
       3
       2
       1
       3
       3
       1
       2
       1
       2
       0
       3
       1
       3
       2
       2
       3
       1
       1
       0
       3
       2
       3
       4
       0
       4
       4
       2
       4
       1
       3
       2
       1
       0
       6
       4
       3
       4
       2
       2
       1
       1
       2
       0
       0
       3
       1
       2
       5
       4
       1
       1
       2
       2
       3
       1
       3
       3
       2
       3
       2
       4
       2
       3
       3
       2
       2
       0
       2
       4
       1
       3
       2
       2
       1
       3
       3
       2
       3
       1
       1
       2
       4
       3
       1
       3
       2
       5
       6
       2
       3
       3
       1
       2
       5
       2
       1
       4
       1
       3
       0
       6
       2
       0
       6
       2
       3
       3
       2
       0
       4
       1
       2
       1
       2
       1
       4
       1
       3
       3
       3
       0
       1
       1
       2
       0
       1
       1
       0
       1
       3
       1
       4
       2
       1
       3
       2
       1
       4
       1
       6
       4
       1
       3
       3
       3
       0
       1
       2
       0
       3
       3
       2
       0
       2
       2
       1
       1
       4
       3
       0
       2
       3
       3
       1
       1
       3
       3
       0
       2
       0
       1
       2
       3
       3
       0
       2
       3
       1
       2
       2
       1
       2
       0
       5
       1
       1
       1
       1
       2
       2
       3
       1
       0
       1
       2
       2
       2
       5
       3
       0
       1
       2
       3
       0
       3
       5
       1
       1
       0
       2
       2
       4
       2
       0
       1
       2
       2
       1
       4
       0
       4
       4
       0
       3
       4
       1
       1
       2
       1
       2
       5
       2
       3
       2
       1
       4
       3
       4
       0
       3
       0
       1
       2
       3
       1
       3
       1
       0
       2
       2
       1
       1
       4
       0
       3
       0
       2
       1
       1
       3
       1
       2
       2
       5
       3
       0
       2
       1
       2
       3
       1
       1
       0
       3
       3
       1
       0
       3
       0
       0
       1
       2
       1
       0
       4
       2
       2
       4
       2
       1
       1
       1
       4
       1
       2
       3
       0
       3
       1
       0
       2
       3
       1
       1
       5
       0
       1
       2
       4
       3
       1
       1
       1
       2
       2
       2
       2
       0
       2
       1
       1
       4
       0
       0
       3
       5
       4
       0
       1
       3
       2
       1
       1
       3
       1
       1
       4
       3
       1
       1
       5
       1
       1
       1
       1
       1
       2
       2
       0
       3
       2
       0
       1
       3
       2
       2
       1
       2
       1
       1
       1
       0
       1
       3
       1
       2
       3
       1
       1
       3
       2
       2
       1
       4
       4
       4
       0
       2
       3
       1
       3
       0
       0
       2
       1
       1
       2
       1
       3
       0
       3
       1
       1
       3
       1
       2
       2
       1
       0
       3
       4
       1
       2
       5
       5
       3
       2
       2
       0
       2
       2
       1
       2
       2
       3
       2
       3
       3
       2
       4
       1
       1
       1
       1
       1
       1
       1
       2
       2
       0
       6
       3
       0
       4
       0
       2
       1
       0
       3
       2
       4
       1
       1
       3
       4
       1
       1
       3
       3
       7
       4
       5
       3
       3
       4
       2
       0
       2
       3
       3
       2
       2
       0
       1
       2
       0
       0
       0
       1
       3
       1
       4
       2
       3
       2
       1
       2
       1
       1
       3
       2
       1
       4
       1
       0
       1
       1
       4
       1
       2
       3
       2
       2
       5
       3
       1
       1
       2
       0
       0
       1
       2
       1
       2
       1
       3
       1
       0
       1
       0
       1
       1
       3
       2
       3
       2
       5
       2
       2
       3
       1
       2
       2
       2
       1
       1
       1
       4
       1
       0
       1
       0
       2
       0
       1
       1
       3
       1
       2
       0
       2
       2
       2
       1
       1
       3
       0
       3
       1
       2
       4
       3
       1
       1
       1
       1
       5
       1
       1
       1
       1
       2
       1
       1
       5
       6
       2
       0
       4
       2
       1
       0
       2
       3
       0
       2
       1
       0
       0
       3
       0
       1
       2
       1
       3
       2
       1
       2
       2
       1
       0
       1
       2
       0
       1
       1
       1
       0
       1
       2
       0
       2
       2
       1
       4
       1
       3
       2
       2
       2
       0
       5
       1
       2
       0
       3
       2
       4
       2
       3
       2
       1
       4
       4
       2
       2
       1
       3
       0
       1
       2
       1
       1
       1
       2
       1
       1
       2
       1
       1
       2
       2
       2
       2
       0
       2
       2
       2
       3
       4
       3
       3
       2
       3
       0
       0
       2
       2
       1
       1
       2
       4
       0
       1
       1
       0
       1
       1
       2
       2
       2
       0
       1
       3
       0
       3
       3
       1
       1
       2
       3
       3
       2
       3
       3
       2
       2
       2
       2
       2
       2
       0
       2
       2
       1
       0
       0
       4
       4
       2
       1
       1
       0
       1
       3
       5
       1
       2
       2
       1
       3
       1
       2
       6
       2
       2
       0
       3
       2
       2
       3
       2
       1
       0
       2
       1
       4
       3
       1
       0
       3
       2
       3
       4
       1
       2
       1
       0
       2
       3
       1
       1
       0
       2
       2
       1
       3
       1
       0
       0
       2
       1
       3
       1
       2
       3
       2
       3
       0
       2
       0
       2
       1
       2
       1
       4
       1
       1
       2
       1
       2
       2
       0
       2
       1
       0
       0
       2
       1
       3
       1
       0
       4
       1
       1
       6
       1
       2
       4
       3
       1
       1
       1
       4
       3
       2
       0
       1
       1
       1
       0
       4
       2
       0
       2
       2
       5
       0
       4
       1
       2
       3
       2
       1
       2
       1
       1
       0
       0
       1
       3
       1
       6
       4
       1
       2
       1
       1
       4
       0
       1
       0
       2
       6
       2
       0
       1
       1
       4
       1
       1
       3
       0
       3
       1
       0
       1
       4
       1
       2
       1
       2
       4
       1
       1
       4
       2
       0
       0
       1
       5
       1
       3
       2
       0
       2
       7
       3
       0
       1
       2
       1
       0
       7
       0
       0
       1
       2
       3
       4
       2
       0
       4
       2
       3
       2
       1
       1
       2
       1
       0
       3
       3
       2
       3
       0
       1
       2
       2
       3
       2
       5
       4
       3
       4
       2
       1
       2
       2
       0
       4
       1
       0
       6
       2
       4
       4
       0
       1
       3
       1
       1
       3
       2
       2
       1
       1
       0
       3
       4
       3
       1
       2
       0
       4
       2
       2
       1
       1
       0
       0
       3
       2
       1
       3
       2
       1
       2
       3
       3
       2
       0
       1
       2
       3
       1
       0
       1
       1
       0
       1
       1
       2
       1
       2
       3
       4
       1
       0
       2
       2
       1
       1
       1
       2
       0
       4
       1
       2
       0
       1
       4
       0
       1
       3
       0
       3
       0
       2
       1
       1
       3
       1
       1
       2
       0
       1
       2
       1
       2
       4
       5
       1
       3
       1
       1
       3
       0
       2
       3
       3
       2
       0
       4
       2
       3
       1
       0
       0
       2
       4
       0
       1
       0
       2
       0
       1
       2
       1
       0
       3
       0
       2
       0
       2
       2
       1
       5
       3
       1
       3
       2
       3
       2
       2
       0
       1
       2
       0
       0
       3
       1
       0
       1
       0
       1
       4
       3
       2
       1
       1
       0
       2
       5
       0
       0
       5
       2
       3
       3
       2
       4
       0
       1
       1
       3
       1
       1
       1
       2
       1
       2
       1
       1
       4
       1
       3
       0
       1
       2
       1
       1
       1
       2
       2
       1
       1
       1
       2
       1
       0
       2
       3
       1
       4
       1
       3
       2
       4
       1
       0
       4
       1
       3
       1
       2
       1
       0
       3
       2
       2
       2
       4
       1
       1
       2
       1
       3
       4
       3
       2
       2
       3
       2
       1
       1
       4
       0
       1
       1
       2
       2
       6
       1
       1
       0
       3
       3
       2
       2
       1
       3
       3
       4
       1
       1
       4
       2
       0
       2
       2
       0
       4
       1
       2
       1
       2
       1
       2
       0
       1
       0
       2
       3
       4
       3
       1
       2
       2
       1
       4
       2
       4
       1
       1
       2
       1
       1
       1
       1
       0
       4
       3
       1
       0
       3
       1
       1
       2
       2
       4
       2
       1
       2
       2
       0
       4
       1
       1
       0
       0
       0
       3
       1
       2
       1
       2
       3
       1
       3
       2
       1
       2
       3
       1
       3
       1
       2
       1
       0
       5
       4
       1
       2
       1
       1
       1
       0
       1
       2
       4
       1
       1
       1
       1
       2
       1
       0
       2
       0
       3
       0
       0
       1
       2
       2
       1
       1
       1
       2
       2
       0
       2
       1
       3
       6
       2
       2
       1
       4
       1
       1
       1
       2
       2
       1
       3
       1
       1
       3
       1
       2
       2
       1
       0
       1
       2
       2
       1
       3
       1
       2
       4
       0
       1
       0
       3
       0
       2
       2
       1
       1
       3
       1
       1
       1
       0
       3
       2
       1
       0
       3
       3
       3
       0
       2
       4
       2
       2
       1
       3
       2
       2
       3
       3
       2
       2
       3
       1
       1
       1
       3
       3
       1
       1
       3
       1
       0
       3
       4
       2
       0
       2
       1
       0
       1
       4
       2
       3
       3
       0
       0
       2
       0
       1
       3
       1
       0
       3
       1
       3
       3
       4
       3
       0
       2
       3
       7
       1
       1
       1
       0
       2
       1
       3
       0
       2
       1
       2
       5
       5
       2
       2
       0
       1
       6
       3
       2
       1
       2
       4
       4
       3
       0
       1
       2
       1
       2
       3
       2
       2
       3
       0
       2
       1
       3
       2
       0
       0
       0
       1
       1
       1
       1
       1
       0
       2
       2
       1
       2
       1
       3
       2
       0
       3
       3
       0
       2
       3
       1
       1
       5
       6
       0
       1
       3
       3
       2
       3
       2
       1
       1
       3
       2
       4
       2
       2
       4
       1
       0
       1
       2
       2
       2
       2
       1
       0
       2
       5
       1
       1
       0
       2
       2
       5
       1
       3
       2
       3
       0
       1
       2
       3
       1
       1
       0
       3
       5
       2
       1
       2
       2
       5
       3
       2
       0
       1
       2
       1
       1
       3
       1
       6
       1
       0
       2
       1
       2
       2
       1
       1
       1
       5
       1
       3
       1
       2
       1
       3
       3
       1
       1
       3
       0
       5
       1
       3
       2
       5
       0
       2
       0
       1
       2
       2
       1
       1
       2
       3
       2
       3
       1
       0
       2
       2
       1
       2
       1
       5
       1
       2
       3
       3
       0
       0
       3
       3
       0
       2
       0
       2
       0
       0
       1
       0
       1
       3
       4
       4
       1
       1
       2
       2
       3
       1
       1
       1
       3
       1
       2
       2
       1
       1
       1
       3
       1
       6
       0
       2
       1
       0
       4
       3
       2
       0
       3
       1
       1
       4
       2
       1
       0
       0
       2
       4
       1
       3
       1
       3
       1
       2
       0
       1
       0
       4
       2
       3
       0
       1
       3
       3
       4
       1
       1
       2
       1
       0
       3
       3
       0
       2
       1
       0
       1
       0
       4
       1
       3
       4
       6
       1
       3
       1
       0
       4
       3
       6
       3
       1
       0
       2
       2
       2
       4
       4
       1
       0
       0
       3
       3
       1
       3
       2
       2
       0
       1
       0
       0
       0
       6
       2
       2
       0
       1
       2
       2
       0
       4
       3
       1
       0
       2
       3
       0
       0
       1
       3
       1
       1
       1
       1
       2
       1
       3
       1
       2
       0
       0
       2
       1
       0
       3
       0
       0
       4
       2
       2
       5
       5
       2
       1
       1
       0
       0
       2
       0
       1
       3
       2
       1
       1
       0
       1
       0
       3
       2
       0
       3
       1
       2
       3
       1
       1
       4
       3
       0
       1
       2
       3
       1
       3
       2
       2
       4
       1
       3
       3
       1
       1
       0
       1
       1
       3
       1
       2
       0
       2
       1
       2
       3
       1
       2
       4
       1
       1
       1
       1
       2
       1
       2
       1
       3
       3
       3
       2
       2
       2
       0
       2
       5
       2
       2
       1
       1
       0
       3
       1
       4
       2
       4
       3
       2
       0
       1
       1
       1
       3
       3
       1
       4
       2
       1
       1
       2
       4
       2
       2
       2
       3
       0
       3
       2
       4
       1
       2
       1
       2
       1
       2
       1
       2
       2
       2
       3
       1
       1
       3
       1
       0
       1
       2
       0
       0
       1
       0
       2
       2
       1
       1
       1
       3
       5
       4
       2
       3
       0
       0
       3
       1
       2
       1
       2
       2
       1
       2
       0
       2
       3
       2
       1
       0
       2
       1
       3
       1
       0
       0
       1
       0
       1
       2
       1
       0
       3
       1
       0
       1
       1
       0
       1
       1
       1
       1
       2
       2
       7
       0
       2
       2
       1
       1
       4
       2
       2
       2
       2
       1
       1
       1
       0
       3
       1
       4
       1
       1
       2
       2
       4
       2
       0
       0
       1
       2
       2
       1
       0
       2
       1
       3
       2
       1
       1
       0
       2
       1
       2
       4
       2
       1
       2
       0
       1
       4
       3
       1
       1
       2
       1
       1
       2
       1
       3
       0
       0
       1
       1
       2
       2
       1
       0
       3
       2
       1
       2
       2
       1
       0
       0
       1
       3
       4
       0
       2
       0
       1
       0
       0
       2
       0
       1
       2
       2
       0
       1
       0
       0
       1
       0
       3
       1
       1
       0
       0
       2
       5
       1
       4
       0
       2
       2
       1
       0
       3
       2
       2
       3
       3
       2
       4
       2
       4
       2
       2
       3
       3
       1
       0
       0
       1
       1
       1
       5
       3
       3
       2
       2
       2
       4
       1
       1
       2
       5
       1
       2
       0
       2
       1
       3
       2
       1
       1
       2
       2
       1
       1
       1
       6
       2
       2
       2
       0
       2
       2
       3
       1
       3
       0
       1
       0
       0
       4
       3
       2
       0
       1
       0
       5
       3
       3
       1
       1
       4
       2
       0
       0
       2
       2
       1
       2
       2
       3
       3
       1
       0
       1
       1
       1
       0
       1
       2
       0
       2
       3
       0
       4
       0
       2
       2
       4
       1
       1
       1
       5
       3
       1
       0
       2
       1
       2
       1
       2
       3
       1
       3
       2
       1
       3
       4
       1
       4
       2
       2
       2
       2
       0
       4
       6
       1
       5
       1
       1
       5
       1
       2
       0
       2
       1
       4
       2
       1
       2
       1
       1
       0
       1
       1
       2
       2
       1
       3
       0
       0
       1
       2
       2
       1
       2
       3
       3
       1
       2
       1
       3
       1
       0
       1
       1
       5
       3
       4
       4
       0
       1
       1
       1
       3
       0
       2
       3
       2
       0
       0
       3
       5
       1
       3
       0
       3
       2
       1
       3
       1
       3
       0
       1
       2
       3
       0
       1
       3
       1
       4
       1
       1
       1
       0
       2
       3
       1
       1
       2
       2
       4
       0
       2
       3
       5
       1
       2
       2
       3
       0
       1
       2
       1
       2
       4
       1
       4
       1
       1
       4
       2
       3
       2
       0
       4
       2
       0
       1
       3
       3
       2
       4
       2
       1
       0
       3
       1
       0
       0
       1
       2
       2
       1
       2
       1
       1
       1
       1
       2
       0
       2
       4
       1
       0
       4
       2
       0
       2
       0
       4
       1
       1
       1
       1
       2
       2
       1
       0
       3
       0
       1
       0
       0
       3
       3
       3
       0
       1
       4
       2
       2
       1
       2
       1
       0
       2
       0
       0
       2
       1
       0
       0
       5
       4
       5
       0
       2
       3
       1
       0
       0
       2
       1
       2
       1
       1
       1
       2
       2
       2
       1
       2
       3
       1
       3
       1
       2
       2
       1
       3
       0
       1
       3
       1
       1
       2
       0
       1
       1
       2
       1
       2
       0
       1
       0
       2
       2
       3
       2
       1
       0
       6
       0
       3
       2
       0
       1
       0
       4
       0
       1
       3
       1
       3
       1
       5
       3
       2
       1
       3
       2
       4
       3
       0
       2
       3
       3
       0
       0
       0
       0
       1
       3
       1
       1
       2
       2
       2
       3
       4
       1
       1
       2
       3
       3
       2
       2
       3
       0
       3
       0
       0
       1
       1
       2
       1
       0
       1
       2
       0
       0
       3
       0
       2
       3
       1
       2
       1
       3
       0
       1
       1
       0
       2
       1
       4
       1
       0
       2
       0
       1
       2
       1
       1
       1
       2
       4
       2
       2
       1
       2
       3
       1
       0
       2
       3
       0
       1
       0
       1
       2
       0
       3
       1
       1
       2
       1
       2
       2
       1
       1
       1
       2
       3
       2
       1
       3
       1
       1
       2
       1
       2
       1
       0
       1
       1
       3
       0
       2
       2
       1
       2
       0
       1
       3
       0
       2
       0
       2
       0
       2
       2
       1
       2
       2
       1
       1
       0
       0
       0
       1
       1
       3
       4
       4
       0
       3
       2
       1
       1
       1
       2
       1
       1
       3
       3
       2
       1
       1
       2
       0
       2
       3
       0
       2
       2
       2
       3
       1
       3
       2
       3
       1
       0
       4
       4
       1
       0
       2
       0
       3
       2
       1
       3
       1
       1
       1
       3
       2
       2
       0
       2
       1
       3
       1
       2
       1
       2
       0
       1
       1
       4
       1
       1
       2
       4
       1
       1
       0
       1
       2
       1
       1
       1
       0
       4
       0
       1
       1
       1
       3
       2
       2
       3
       1
       0
       1
       2
       1
       4
       1
       2
       0
       1
       2
       0
       4
       2
       2
       2
       2
       1
       2
       2
       4
       3
       0
       0
       3
       1
       2
       1
       2
       3
       2
       1
       1
       2
       1
       4
       2
       1
       2
       2
       2
       1
       3
       1
       3
       1
       3
       3
       0
       0
       0
       5
       2
       1
       3
       1
       3
       1
       1
       3
       1
       0
       2
       2
       0
       0
       1
       5
       2
       0
       2
       1
       1
       5
       2
       2
       2
       3
       1
       2
       0
       3
       0
       1
       2
       1
       1
       0
       4
       3
       2
       3
       3
       3
       2
       0
       1
       0
       1
       2
       3
       2
       3
       2
       1
       4
       4
       2
       3
       1
       3
       3
       1
       2
       4
       2
       0
       0
       1
       1
       2
       3
       2
       1
       1
       1
       2
       0
       1
       2
       3
       3
       1
       1
       1
       1
       3
       3
       1
       1
       0
       1
       2
       0
       1
       2
       1
       0
       1
       0
       1
       0
       2
       4
       0
       1
       2
       3
       0
       2
       2
       0
       2
       3
       1
       3
       0
       1
       1
       1
       1
       0
       0
       0
       2
       3
       0
       0
       0
       3
       1
       1
       4
       2
       0
       1
       2
       1
       1
       2
       4
       1
       2
       3
       4
       0
       1
       3
       1
       1
       1
       0
       2
       0
       3
       3
       2
       0
       0
       0
       2
       2
       1
       2
       1
       1
       1
       1
       1
       3
       3
       2
       1
       0
       0
       0
       0
       2
       2
       3
       2
       3
       1
       0
       4
       3
       4
       3
       1
       0
       0
       0
       4
       0
       2
       0
       1
       1
       2
       2
       0
       0
       5
       1
       0
       1
       2
       0
       1
       1
       1
       1
       1
       1
       1
       0
       1
       1
       0
       1
       0
       2
       3
       1
       2
       2
       2
       1
       1
       4
       0
       3
       2
       2
       2
       2
       2
       0
       3
       1
       1
       2
       0
       2
       0
       3
       1
       3
       3
       3
       1
       1
       1
       0
       2
       1
       1
       1
       0
       3
       1
       1
       1
       1
       2
       2
       3
       6
       3
       0
       0
       1
       0
       0
       1
       2
       1
       0
       3
       2
       2
       1
       1
       1
       1
       1
       2
       3
       2
       1
       1
       0
       2
       4
       1
       3
       2
       2
       0
       0
       3
       0
       2
       3
       2
       0
       1
       2
       2
       0
       1
       2
       0
       2
       0
       1
       2
       2
       2
       2
       1
       0
       0
       0
       4
       3
       4
       2
       0
       1
       2
       5
       2
       2
       0
       1
       0
       4
       2
       1
       0
       3
       1
       1
       2
       0
       1
       1
       3
       2
       2
       2
       1
       0
       0
       0
       3
       1
       1
       0
       1
       1
       1
       2
       3
       3
       1
       0
       1
       1
       0
       0
       3
       2
       2
       1
       1
       1
       0
       1
       0
       2
       1
       3
       1
       2
       3
       0
       1
       1
       1
       1
       1
       0
       0
       2
       0
       1
       4
       3
       2
       3
       2
       3
       2
       2
       0
       0
       2
       3
       1
       0
       1
       0
       0
       1
       3
       2
       3
       3
       1
       7
       2
       0
       1
       1
       1
       0
       3
       2
       0
       1
       3
       1
       1
       2
       2
       0
       1
       0
       1
       1
       4
       0
       0
       1
       1
       3
       1
       1
       3
       0
       2
       2
       1
       5
       0
       3
       1
       0
       1
       1
       0
       1
       1
       1
       2
       0
       2
       0
       1
       0
       2
       0
       3
       1
       1
       3
       3
       1
       2
       0
       1
       1
       2
       0
       0
       1
       4
       2
       2
       2
       2
       1
       2
       2
       0
       1
       3
       0
       1
       2
       0
       1
       1
       2
       1
       3
       1
       2
       1
       3
       2
       1
       2
       0
       1
       1
       2
       5
       0
       4
       1
       5
       1
       1
       0
       1
       1
       2
       1
       0
       2
       4
       1
       2
       1
       0
       2
       1
       0
       3
       3
       0
       3
       1
       3
       1
       1
       0
       1
       2
       2
       1
       3
       1
       4
       4
       1
       0
       2
       4
       0
       0
       2
       1
       2
       3
       0
       0
       0
       3
       4
       0
       3
       2
       2
       1
       1
       3
       1
       2
       1
       1
       4
       3
       0
       0
       0
       1
       0
       1
       2
       0
       0
       2
       2
       2
       1
       0
       2
       3
       0
       0
       0
       0
       5
       2
       2
       2
       2
       1
       1
       1
       0
       1
       2
       3
       2
       1
       1
       0
       2
       1
       3
       4
       3
       3
       1
       0
       2
       1
       1
       1
       4
       0
       0
       0
       2
       1
       0
       4
       3
       1
       2
       3
       1
       1
       1
       4
       2
       3
       5
       1
       0
       0
       2
       1
       1
       2
       1
       2
       0
       3
       0
       2
       0
       3
       3
       2
       4
       1
       0
       1
       2
       2
       2
       1
       1
       2
       3
       3
       3
       1
       2
       2
       2
       3
       3
       2
       0
       2
       4
       0
       1
       3
       5
       1
       1
       0
       2
       0
       0
       3
       2
       1
       0
       1
       2
       4
       0
       2
       1
       1
       0
       1
       1
       2
       1
       1
       1
       0
       1
       3
       3
       2
       0
       1
       2
       0
       2
       1
       2
       0
       1
       2
       1
       2
       1
       1
       2
       0
       5
       0
       1
       2
       4
       1
       1
       1
       1
       1
       2
       1
       1
       2
       1
       0
       4
       2
       0
       4
       3
       2
       0
       1
       1
       3
       2
       0
       1
       0
       1
       1
       2
       3
       2
       1
       0
       2
       0
       1
       2
       4
       0
       1
       1
       4
       2
       0
       1
       0
       1
       2
       1
       1
       3
       1
       0
       2
       0
       1
       2
       2
       1
       2
       2
       2
       1
       2
       0
       1
       1
       1
       3
       1
       2
       2
       1
       0
       2
       1
       2
       1
       1
       0
       5
       2
       2
       1
       3
       1
       1
       2
       1
       0
       3
       2
       0
       3
       0
       2
       1
       1
       0
       3
       1
       6
       0
       3
       0
       2
       2
       2
       1
       3
       2
       1
       4
       2
       1
       1
       1
       0
       1
       2
       0
       1
       1
       2
       1
       0
       1
       0
       0
       3
       3
       1
       4
       1
       3
       1
       2
       2
       3
       4
       1
       1
       2
       3
       2
       2
       1
       2
       1
       6
       2
       5
       3
       1
       2
       2
       0
       0
       2
       1
       0
       2
       2
       2
       2
       0
       0
       4
       2
       1
       1
       0
       3
       5
       1
       4
       2
       3
       4
       1
       4
       2
       1
       0
       1
       0
       2
       2
       3
       2
       3
       0
       2
       1
       0
       0
       4
       0
       3
       3
       1
       2
       2
       2
       3
       1
       1
       2
       0
       2
       1
       0
       0
       0
       2
       0
       0
       2
       1
       0
       2
       2
       1
       1
       1
       0
       1
       1
       4
       1
       0
       2
       0
       2
       5
       3
       2
       2
       1
       2
       0
       4
       4
       0
       2
       1
       3
       2
       2
       2
       2
       2
       0
       0
       1
       2
       1
       1
       1
       2
       2
       1
       3
       1
       5
       3
       2
       4
       1
       0
       1
       1
       2
       0
       2
       0
       0
       1
       0
       0
       3
       3
       1
       1
       1
       2
       1
       2
       3
       1
       1
       1
       0
       1
       0
       2
       0
       1
       2
       0
       2
       1
       0
       0
       0
       3
       0
       2
       1
       1
       0
       2
       1
       1
       1
       2
       0
       2
       0
       0
       3
       3
       1
       0
       3
       0
       2
       0
       2
       3
       2
       1
       1
       2
       3
       1
       1
       1
       1
       1
       1
       0
       4
       4
       0
       0
       0
       0
       1
       1
       1
       2
       3
       1
       7
       2
       1
       2
       2
       1
       0
       2
       0
       2
       1
       3
       0
       4
       4
       3
       1
       2
       0
       2
       2
       1
       2
       4
       0
       1
       3
       1
       3
       0
       3
       1
       1
       0
       1
       1
       1
       0
       3
       4
       2
       1
       0
       2
       2
       1
       1
       3
       1
       3
       3
       0
       1
       0
       1
       4
       1
       2
       1
       3
       4
       0
       2
       2
       3
       3
       0
       3
       0
       2
       0
       3
       4
       1
       4
       2
       1
       1
       2
       2
       1
       2
       0
       1
       2
       2
       1
       1
       2
       4
       4
       1
       1
       0
       1
       0
       1
       3
       2
       0
       1
       1
       2
       2
       0
       0
       5
       1
       0
       0
       4
       1
       2
       2
       3
       1
       4
       0
       0
       2
       1
       1
       3
       1
       3
       2
       5
       3
       2
       3
       1
       3
       0
       1
       1
       1
       1
       4
       1
       2
       3
       3
       3
       2
       1
       1
       2
       1
       0
       3
       1
       4
       3
       3
       0
       1
       4
       4
       1
       1
       1
       4
       1
       1
       0
       3
       1
       1
       2
       0
       0
       1
       2
       0
       2
       3
       1
       1
       1
       1
       1
       4
       1
       0
       2
       0
       2
       4
       1
       1
       0
       1
       1
       0
       1
       1
       0
       2
       2
       1
       2
       2
       0
       0
       3
       1
       0
       2
       1
       3
       0
       1
       1
       2
       2
       2
       2
       2
       3
       3
       2
       3
       3
       2
       4
       3
       2
       2
       2
       2
       1
       2
       2
       0
       0
       3
       1
       2
       4
       1
       0
       1
       2
       0
       2
       1
       0
       3
       3
       0
       2
       1
       1
       1
       3
       1
       3
       2
       1
       1
       1
       1
       3
       2
       2
       2
       0
       0
       2
       4
       0
       3
       0
       2
       3
       1
       3
       3
       3
       3
       4
       0
       2
       1
       3
       2
       5
       0
       3
       1
       2
       3
       0
       1
       0
       1
       3
       0
       0
       2
       1
       1
       2
       0
       0
       2
       2
       3
       1
       1
       1
       3
       3
       0
       1
       1
       0
       1
       1
       2
       5
       2
       0
       2
       1
       2
       1
       1
       1
       0
       0
       4
       1
       1
       1
       0
       1
       2
       1
       2
       4
       2
       0
       0
       1
       0
       0
       0
       2
       4
       0
       3
       2
       1
       0
       0
       1
       2
       1
       1
       3
       2
       0
       0
       2
       2
       2
       1
       2
       1
       0
       0
       0
       3
       1
       0
       2
       0
       0
       2
       2
       1
       3
       2
       2
       0
       2
       2
       3
       2
       0
       2
       2
       2
       1
       2
       2
       1
       1
       0
       2
       0
       5
       1
       1
       2
       1
       2
       0
       1
       0
       1
       1
       2
       1
       1
       0
       1
       0
       2
       2
       2
       1
       1
       1
       1
       1
       2
       0
       0
       3
       3
       3
       0
       0
       1
       2
       0
       2
       1
       0
       0
       0
       2
       2
       3
       0
       2
       0
       4
       0
       1
       4
       0
       1
       3
       0
       3
       1
       3
       1
       1
       1
       1
       1
       0
       1
       2
       1
       5
       3
       1
       2
       2
       0
       3
       1
       4
       3
       1
       0
       1
       1
       1
       3
       3
       2
       1
       1
       1
       3
       3
       3
       1
       3
       2
       2
       2
       1
       1
       3
       2
       2
       1
       1
       1
       2
       2
       1
       0
       1
       3
       5
       1
       0
       1
       0
       0
       0
       0
       0
       0
       4
       1
       1
       1
       0
       2
       1
       0
       3
       1
       1
       2
       2
       2
       1
       2
       0
       1
       0
       2
       2
       3
       3
       1
       2
       1
       1
       2
       3
       3
       1
       0
       0
       0
       0
       4
       0
       0
       1
       0
       2
       0
       0
       0
       4
       0
       0
       0
       2
       4
       0
       1
       2
       0
       0
       2
       0
       1
       3
       1
       1
       2
       2
       0
       1
       1
       3
       2
       1
       1
       0
       0
       1
       0
       2
       1
       2
       2
       1
       0
       1
       0
       3
       4
       0
       3
       1
       5
       3
       1
       1
       0
       2
       2
       3
       1
       1
       1
       2
       1
       2
       2
       3
       0
       1
       2
       1
       0
       0
       1
       5
       1
       0
       0
       0
       1
       2
       3
       1
       0
       2
       2
       0
       1
       0
       1
       5
       0
       3
       0
       1
       0
       0
       1
       0
       4
       1
       2
       1
       0
       0
       0
       1
       1
       0
       0
       4
       1
       3
       3
       1
       1
       0
       3
       1
       1
       0
       4
       1
       3
       1
       3
       3
       2
       2
       1
       1
       1
       3
       2
       2
       0
       2
       0
       2
       0
       2
       1
       1
       1
       1
       0
       0
       1
       0
       4
       2
       2
       1
       0
       0
       3
       0
       4
       2
       4
       1
       0
       2
       2
       0
       3
       1
       2
       2
       1
       2
       1
       3
       2
       1
       1
       1
       3
       2
       1
       2
       0
       0
       1
       2
       3
       2
       0
       5
       1
       2
       0
       4
       1
       1
       4
       1
       1
       1
       1
       2
       2
       1
       0
       1
       1
       1
       1
       4
       1
       1
       2
       1
       3
       0
       0
       1
       1
       1
       3
       4
       1
       1
       0
       2
       1
       0
       0
       2
       0
       0
       3
       1
       3
       2
       1
       0
       2
       0
       0
       1
       2
       0
       0
       1
       0
       2
       1
       3
       4
       1
       3
       1
       1
       5
       0
       2
       1
       1
       4
       1
       3
       1
       1
       0
       1
       2
       0
       1
       0
       1
       0
       1
       0
       2
       0
       4
       1
       0
       0
       3
       3
       2
       2
       3
       0
       0
       1
       3
       1
       1
       2
       1
       1
       2
       2
       2
       2
       2
       0
       2
       1
       0
       1
       1
       1
       3
       4
       3
       3
       1
       0
       0
       2
       1
       1
       2
       3
       5
       4
       2
       4
       2
       4
       0
       2
       0
       3
       2
       1
       0
       1
       1
       2
       1
       1
       2
       5
       4
       3
       1
       2
       2
       1
       1
       1
       0
       1
       1
       1
       2
       1
       6
       1
       2
       3
       1
       0
       3
       0
       1
       1
       2
       0
       2
       1
       0
       0
       2
       2
       1
       2
       2
       0
       1
       0
       1
       2
       1
       0
       2
       2
       2
       1
       1
       0
       2
       1
       1
       3
       3
       4
       2
       2
       2
       0
       2
       1
       2
       1
       1
       1
       2
       1
       5
       1
       2
       4
       2
       1
       1
       0
       2
       2
       0
       0
       1
       2
       1
       0
       0
       2
       3
       1
       4
       0
       1
       2
       0
       1
       2
       0
       1
       0
       0
       0
       2
       2
       2
       4
       2
       1
       0
       1
       3
       1
       2
       0
       1
       2
       0
       3
       2
       3
       1
       2
       3
       1
       4
       0
       0
       1
       0
       0
       2
       1
       1
       1
       3
       0
       0
       2
       1
       2
       3
       1
       1
       1
       3
       2
       3
       1
       2
       1
       1
       0
       2
       1
       1
       3
       1
       2
       3
       0
       2
       0
       1
       1
       0
       1
       0
       1
       1
       1
       2
       4
       0
       0
       2
       3
       1
       2
       0
       0
       3
       4
       3
       2
       1
       2
       0
       0
       4
       0
       1
       2
       1
       1
       0
       1
       4
       2
       1
       1
       1
       0
       1
       5
       0
       0
       0
       1
       2
       0
       2
       0
       2
       2
       1
       2
       0
       2
       0
       1
       2
       1
       2
       1
       1
       1
       1
       3
       1
       1
       1
       0
       0
       1
       1
       1
       3
       1
       0
       1
       2
       2
       0
       0
       4
       0
       1
       0
       6
       1
       1
       0
       1
       1
       2
       1
       1
       0
       6
       3
       4
       1
       1
       1
       1
       2
       2
       2
       1
       0
       0
       1
       3
       3
       2
       0
       0
       0
       1
       0
       1
       1
       2
       2
       2
       0
       2
       1
       0
       1
       1
       4
       1
       1
       2
       0
       2
       0
       0
       1
       2
       3
       0
       1
       0
       1
       1
       3
       0
       0
       2
       1
       0
       1
       1
       3
       2
       1
       0
       1
       0
       1
       3
       1
       1
       1
       1
       0
       2
       2
       5
       1
       2
       0
       0
       1
       3
       3
       3
       2
       1
       4
       1
       6
       0
       1
       2
       0
       2
       2
       1
       1
       3
       0
       2
       0
       4
       1
       1
       0
       4
       1
       3
       2
       0
       0
       0
       2
       2
       2
       2
       0
       1
       4
       0
       2
       3
       0
       2
       2
       3
       1
       3
       2
       1
       1
       1
       0
       1
       0
       0
       1
       2
       1
       1
       1
       5
       1
       1
       3
       0
       4
       4
       1
       1
       0
       1
       1
       1
       1
       0
       1
       1
       2
       2
       1
       1
       0
       2
       2
       2
       2
       1
       1
       1
       1
       0
       1
       3
       2
       1
       1
       0
       0
       1
       1
       1
       3
       0
       4
       4
       2
       0
       0
       1
       4
       3
       1
       2
       0
       2
       1
       1
       0
       1
       3
       0
       0
       2
       2
       0
       6
       1
       0
       1
       0
       1
       1
       1
       1
       1
       2
       1
       2
       0
       1
       1
       0
       0
       0
       2
       2
       2
       1
       0
       0
       1
       2
       0
       2
       1
       1
       1
       0
       0
       2
       2
       3
       2
       0
       3
       3
       1
       0
       5
       2
       1
       1
       4
       1
       0
       1
       2
       1
       0
       1
       4
       0
       0
       1
       2
       2
       0
       1
       2
       4
       0
       0
       3
       2
       2
       2
       2
       2
       0
       1
       1
       4
       2
       0
       3
       1
       3
       3
       1
       2
       0
       1
       3
       2
       0
       4
       1
       1
       2
       0
       1
       0
       4
       1
       0
       1
       1
       0
       0
       2
       0
       1
       0
       2
       1
       4
       4
       1
       1
       2
       3
       2
       2
       0
       1
       0
       1
       2
       1
       1
       1
       0
       3
       0
       5
       3
       2
       2
       2
       0
       1
       1
       2
       1
       0
       3
       3
       1
       2
       1
       2
       2
       0
       1
       2
       0
       0
       1
       0
       4
       3
       3
       1
       1
       0
       1
       1
       2
       0
       2
       1
       1
       1
       0
       1
       0
       1
       1
       1
       1
       0
       0
       2
       3
       2
       3
       1
       0
       1
       2
       1
       2
       0
       0
       3
       0
       1
       2
       0
       3
       1
       1
       1
       2
       2
       1
       1
       2
       0
       2
       0
       1
       3
       3
       1
       4
       1
       0
       0
       2
       2
       3
       0
       1
       1
       1
       2
       2
       1
       1
       1
       4
       2
       4
       1
       1
       2
       0
       1
       0
       1
       2
       3
       3
       2
       4
       0
       2
       0
       0
       2
       1
       0
       3
       1
       1
       3
       2
       1
       3
       2
       0
       1
       0
       2
       0
       1
       3
       0
       1
       2
       0
       3
       1
       2
       0
       0
       3
       3
       1
       1
       1
       1
       1
       1
       1
       0
       0
       2
       0
       3
       1
       0
       3
       0
       2
       1
       1
       1
       1
       0
       1
       3
       5
       4
       1
       1
       2
       0
       0
       0
       1
       1
       3
       0
       2
       1
       0
       3
       0
       2
       2
       2
       3
       1
       1
       2
       4
       5
       0
       0
       1
       1
       4
       2
       2
       1
       2
       1
       3
       0
       2
       2
       1
       1
       0
       1
       0
       2
       1
       1
       2
       2
       2
       0
       0
       0
       2
       1
       2
       3
       1
       1
       2
       4
       0
       1
       2
       2
       2
       1
       1
       0
       1
       0
       1
       1
       4
       2
       2
       2
       4
       2
       1
       2
       1
       2
       1
       3
       0
       2
       1
       1
       2
       0
       1
       1
       2
       2
       2
       1
       0
       0
       1
       2
       2
       0
       1
       1
       2
       1
       0
       0
       1
       0
       1
       1
       1
       2
       1
       0
       2
       1
       1
       2
       1
       2
       0
       2
       2
       3
       4
       1
       2
       0
       1
       1
       2
       1
       1
       1
       0
       1
       1
       3
       5
       1
       3
       2
       1
       1
       2
       1
       2
       3
       1
       4
       0
       1
       2
       2
       2
       1
       3
       3
       0
       3
       0
       2
       1
       0
       2
       1
       2
       1
       0
       2
       0
       4
       2
       0
       1
       1
       0
       0
       0
       0
       1
       3
       2
       3
       2
       1
       1
       1
       3
       1
       1
       2
       1
       1
       0
       1
       0
       0
       0
       0
       1
       0
       1
       3
       1
       0
       3
       1
       0
       1
       1
       1
       2
       1
       1
       1
       2
       3
       2
       2
       1
       1
       2
       0
       1
       1
       1
       1
       0
       2
       2
       2
       1
       1
       1
       2
       1
       4
       2
       0
       1
       0
       0
       0
       3
       1
       4
       1
       3
       0
       1
       0
       1
       0
       0
       2
       2
       0
       2
       1
       0
       1
       3
       2
       1
       2
       0
       1
       1
       0
       3
       1
       1
       1
       4
       3
       1
       2
       0
       2
       1
       2
       1
       3
       1
       2
       2
       0
       0
       2
       0
       0
       1
       2
       3
       0
       0
       3
       0
       3
       1
       1
       0
       1
       4
       2
       1
       5
       1
       3
       0
       1
       0
       2
       2
       2
       0
       0
       1
       2
       2
       0
       3
       1
       1
       1
       1
       0
       2
       0
       1
       0
       3
       2
       2
       1
       1
       1
       0
       0
       4
       1
       0
       2
       1
       1
       2
       1
       0
       2
       2
       1
       0
       1
       1
       2
       2
       0
       1
       0
       1
       2
       2
       1
       0
       3
       0
       1
       1
       1
       1
       1
       0
       3
       0
       1
       2
       1
       0
       1
       2
       4
       1
       0
       1
       0
       0
       2
       1
       3
       1
       3
       2
       2
       1
       0
       0
       1
       3
       0
       5
       0
       1
       2
       2
       0
       2
       1
       5
       0
       0
       3
       0
       3
       1
       0
       1
       1
       1
       3
       1
       2
       3
       1
       1
       3
       0
       1
       1
       2
       0
       1
       1
       1
       0
       1
       3
       1
       1
       1
       3
       1
       1
       3
       1
       2
       4
       0
       0
       1
       2
       1
       0
       1
       1
       2
       3
       2
       1
       1
       3
       0
       0
       0
       0
       0
       2
       1
       1
       3
       2
       1
       2
       2
       1
       0
       0
       2
       0
       1
       0
       3
       1
       0
       0
       2
       1
       1
       1
       1
       1
       1
       2
       0
       2
       1
       1
       2
       1
       0
       0
       1
       0
       1
       2
       1
       2
       0
       1
       1
       4
       2
       1
       0
       1
       1
       2
       1
       0
       3
       1
       0
       3
       1
       3
       1
       3
       1
       1
       1
       1
       2
       1
       0
       2
       0
       3
       0
       0
       3
       1
       3
       0
       1
       1
       2
       2
       2
       1
       1
       0
       4
       1
       0
       0
       0
       3
       1
       1
       0
       1
       1
       1
       0
       2
       4
       1
       1
       2
       1
       1
       3
       1
       0
       0
       0
       0
       2
       2
       2
       0
       0
       2
       1
       2
       1
       1
       0
       4
       1
       3
       3
       0
       1
       4
       1
       2
       1
       1
       0
       1
       1
       1
       3
       2
       1
       1
       1
       0
       3
       1
       1
       3
       3
       2
       1
       3
       3
       4
       1
       2
       1
       2
       1
       5
       0
       1
       2
       4
       0
       2
       1
       0
       0
       2
       1
       1
       2
       2
       0
       2
       1
       0
       2
       1
       2
       3
       2
       0
       2
       0
       1
       0
       0
       0
       2
       1
       2
       1
       4
       1
       2
       1
       2
       3
       0
       0
       2
       3
       1
       0
       0
       1
       3
       0
       2
       1
       2
       1
       1
       0
       2
       0
       0
       1
       1
       1
       0
       1
       1
       1
       0
       1
       2
       6
       1
       2
       3
       1
       0
       1
       1
       2
       0
       1
       1
       2
       1
       1
       2
       0
       1
       0
       0
       1
       2
       1
       2
       0
       1
       0
       0
       3
       2
       3
       1
       1
       0
       0
       1
       0
       1
       0
       1
       1
       1
       0
       2
       1
       1
       1
       1
       0
       1
       0
       1
       0
       1
       0
       0
       3
       2
       2
       2
       2
       2
       1
       1
       4
       0
       2
       1
       4
       1
       1
       1
       3
       1
       3
       2
       2
       1
       0
       0
       2
       1
       1
       0
       0
       0
       1
       2
       2
       0
       0
       2
       0
       0
       1
       0
       2
       0
       0
       1
       2
       2
       0
       0
       0
       2
       3
       0
       0
       1
       1
       0
       1
       3
       0
       0
       1
       0
       1
       2
       1
       1
       0
       2
       1
       0
       3
       1
       1
       2
       2
       2
       0
       1
       1
       0
       0
       0
       0
       0
       4
       2
       2
       5
       2
       1
       1
       0
       2
       1
       2
       2
       1
       4
       2
       1
       1
       0
       1
       0
       1
       0
       1
       1
       2
       2
       7
       1
       1
       3
       1
       0
       3
       1
       0
       0
       0
       1
       4
       0
       2
       3
       0
       0
       1
       1
       0
       1
       3
       1
       0
       3
       0
       1
       5
       3
       1
       2
       0
       3
       3
       0
       0
       1
       1
       0
       1
       3
       0
       1
       2
       0
       4
       0
       1
       4
       3
       1
       4
       1
       0
       4
       0
       2
       2
       0
       1
       0
       1
       0
       2
       0
       2
       3
       2
       1
       0
       2
       1
       1
       0
       1
       2
       2
       5
       4
       2
       1
       3
       2
       6
       3
       0
       0
       5
       0
       1
       0
       1
       2
       0
       0
       2
       1
       1
       1
       1
       0
       0
       3
       0
       3
       1
       1
       0
       1
       3
       1
       1
       2
       1
       1
       0
       0
       1
       1
       2
       3
       1
       2
       3
       1
       0
       1
       3
       1
       0
       4
       0
       0
       0
       0
       3
       1
       1
       3
       0
       1
       1
       1
       1
       2
       1
       1
       0
       2
       1
       1
       2
       3
       0
       1
       1
       0
       2
       1
       4
       1
       1
       3
       1
       1
       0
       2
       1
       4
       0
       1
       1
       2
       2
       0
       1
       2
       0
       1
       3
       0
       0
       1
       4
       0
       1
       3
       1
       2
       2
       3
       1
       3
       3
       0
       1
       0
       0
       2
       0
       0
       2
       3
       3
       3
       3
       3
       0
       1
       2
       2
       0
       1
       0
       1
       3
       1
       3
       1
       5
       3
       0
       0
       2
       0
       1
       2
       2
       1
       1
       1
       1
       1
       2
       2
       0
       1
       1
       2
       0
       1
       0
       0
       2
       0
       1
       1
       0
       2
       2
       0
       0
       1
       1
       1
       0
       1
       2
       1
       0
       1
       1
       2
       0
       0
       1
       1
       2
       1
       1
       1
       1
       2
       0
       1
       2
       1
       1
       2
       4
       4
       3
       0
       0
       1
       0
       2
       1
       1
       1
       3
       4
       2
       1
       1
       2
       0
       2
       0
       1
       1
       4
       1
       1
       1
       0
       1
       3
       2
       1
       0
       1
       3
       0
       0
       1
       3
       0
       2
       2
       3
       1
       1
       2
       1
       2
       0
       1
       0
       1
       1
       2
       2
       1
       1
       2
       1
       0
       0
       3
       0
       2
       1
       0
       1
       0
       2
       3
       4
       0
       1
       2
       0
       0
       2
       1
       3
       2
       1
       0
       3
       0
       1
       1
       2
       0
       2
       2
       1
       5
       2
       0
       0
       0
       2
       2
       0
       2
       2
       1
       1
       3
       1
       1
       0
       2
       2
       1
       0
       0
       2
       0
       0
       1
       1
       1
       1
       1
       0
       0
       2
       1
       3
       1
       3
       0
       2
       0
       2
       0
       1
       1
       2
       1
       2
       2
       0
       1
       0
       1
       1
       1
       4
       4
       2
       1
       2
       2
       1
       2
       1
       2
       3
       0
       1
       1
       1
       2
       2
       0
       1
       1
       1
       0
       2
       1
       3
       1
       0
       1
       3
       2
       2
       3
       0
       3
       4
       0
       2
       1
       0
       1
       3
       2
       3
       0
       1
       0
       3
       3
       0
       1
       4
       0
       3
       2
       1
       1
       1
       0
       0
       2
       1
       4
       1
       2
       3
       2
       2
       3
       3
       0
       2
       1
       0
       1
       1
       2
       0
       0
       0
       2
       2
       1
       3
       2
       0
       1
       1
       1
       1
       3
       3
       1
       2
       2
       2
       0
       3
       2
       0
       1
       0
       1
       1
       1
       2
       0
       2
       0
       0
       0
       0
       0
       4
       2
       0
       2
       1
       0
       0
       2
       1
       0
       2
       2
       0
       0
       1
       1
       1
       3
       0
       0
       1
       0
       1
       3
       0
       3
       2
       1
       1
       1
       2
       1
       2
       1
       2
       2
       0
       1
       0
       0
       4
       2
       0
       2
       1
       1
       2
       0
       3
       0
       2
       2
       1
       1
       1
       2
       0
       3
       3
       1
       3
       0
       1
       2
       1
       1
       2
       0
       3
       2
       0
       0
       1
       1
       1
       1
       0
       2
       2
       0
       1
       0
       2
       6
       2
       1
       2
       1
       3
       2
       2
       0
       1
       1
       1
       3
       1
       3
       1
       1
       3
       0
       2
       2
       0
       3
       1
       1
       2
       2
       0
       3
       1
       1
       0
       1
       0
       2
       2
       2
       3
       5
       1
       1
       2
       1
       0
       3
       1
       0
       1
       1
       1
       2
       2
       2
       0
       2
       0
       0
       1
       1
       0
       0
       0
       0
       1
       1
       2
       0
       1
       0
       3
       0
       0
       1
       2
       1
       1
       0
       3
       2
       2
       2
       0
       1
       1
       0
       1
       0
       0
       0
       1
       1
       2
       3
       1
       4
       1
       1
       1
       5
       0
       1
       1
       1
       2
       1
       4
       1
       2
       1
       2
       1
       1
       0
       1
       0
       4
       0
       1
       1
       1
       2
       3
       1
       1
       1
       1
       2
       1
       2
       0
       1
       0
       2
       0
       1
       0
       2
       3
       1
       2
       1
       1
       4
       0
       1
       0
       1
       1
       3
       1
       2
       3
       3
       1
       3
       0
       0
       0
       0
       1
       3
       0
       1
       0
       0
       0
       0
       2
       2
       3
       2
       0
       1
       1
       1
       1
       2
       2
       3
       6
       2
       1
       0
       1
       0
       2
       4
       2
       0
       2
       1
       1
       0
       1
       1
       0
       1
       3
       1
       2
       1
       2
       3
       0
       3
       0
       1
       0
       2
       2
       1
       0
       0
       1
       2
       2
       2
       1
       2
       1
       1
       0
       0
       0
       1
       3
       0
       0
       0
       1
       1
       0
       0
       0
       0
       0
       0
       2
       2
       1
       1
       0
       2
       2
       0
       3
       1
       1
       0
       2
       2
       0
       1
       2
       1
       0
       1
       0
       1
       3
       1
       2
       1
       1
       2
       2
       0
       1
       1
       2
       1
       0
       2
       1
       0
       1
       0
       0
       4
       0
       1
       1
       1
       1
       2
       0
       2
       0
       0
       1
       2
       2
       0
       3
       1
       1
       1
       1
       1
       1
       2
       1
       1
       1
       0
       1
       0
       2
       1
       0
       0
       0
       3
       3
       0
       2
       1
       2
       1
       2
       2
       2
       0
       1
       1
       2
       0
       2
       0
       1
       1
       0
       0
       0
       0
       3
       2
       0
       1
       1
       0
       1
       2
       1
       1
       1
       1
       0
       0
       0
       0
       1
       1
       1
       1
       2
       0
       0
       3
       4
       2
       1
       2
       0
       3
       0
       0
       0
       1
       1
       0
       2
       3
       0
       0
       1
       2
       0
       1
       0
       1
       3
       1
       1
       1
       1
       1
       1
       1
       1
       2
       1
       0
       0
       0
       2
       1
       1
       1
       1
       2
       1
       1
       0
       4
       1
       1
       1
       0
       1
       0
       1
       0
       1
       3
       4
       0
       1
       1
       2
       3
       0
       1
       0
       0
       1
       1
       2
       1
       1
       1
       1
       1
       0
       1
       1
       3
       3
       1
       2
       4
       1
       0
       0
       0
       2
       1
       2
       0
       2
       0
       5
       1
       1
       1
       1
       1
       1
       2
       1
       1
       2
       1
       0
       1
       3
       0
       2
       1
       1
       1
       0
       0
       0
       0
       2
       2
       0
       3
       0
       2
       3
       1
       2
       1
       2
       1
       3
       0
       1
       1
       1
       1
       0
       1
       0
       1
       1
       0
       1
       2
       2
       2
       1
       3
       1
       1
       2
       0
       0
       1
       3
       1
       1
       1
       3
       3
       0
       0
       0
       2
       1
       0
       0
       1
       2
       1
       1
       3
       2
       2
       0
       1
       2
       3
       1
       0
       1
       2
       2
       2
       1
       0
       2
       1
       1
       2
       0
       0
       2
       0
       1
       0
       0
       1
       1
       1
       1
       1
       1
       1
       1
       1
       2
       1
       0
       0
       1
       2
       2
       1
       1
       1
       0
       1
       0
       0
       1
       0
       0
       2
       0
       2
       1
       1
       1
       0
       1
       1
       3
       0
       1
       4
       1
       3
       0
       6
       1
       1
       2
       2
       5
       2
       2
       1
       1
       1
       1
       2
       1
       1
       1
       0
       1
       2
       3
       1
       2
       2
       1
       0
       1
       1
       1
       0
       0
       1
       3
       3
       1
       1
       0
       0
       2
       3
       2
       2
       2
       1
       0
       3
       4
       2
       0
       2
       1
       0
       2
       1
       2
       0
       0
       0
       0
       0
       0
       0
       0
       0
       0
       0
       0
       0
       0
       0
       0
       0
       0
       0
       0
       0
       0
       0
       0
       0
       0
       0
       0
       0
       0
       0
       0
       0
       0
       0
       0
       0
       0
       0
       0
       0
       0
       0
       0
       0
       0
       0
       0
       0
       0
       0
       0
       0
       0
       0
       0
       0
       0
       0
       0
       0
       0
       0
       0
       0
       0
       0
       0
       0
       0
       0
       0
       0
       0
       0
       0
       0
       0
       0
       0
       0
       0
       0
       0
       0
       0
       0
       0
       0
       0
       0
       0
       0
       0
       0
       0
       0
       0
       0
       0
       0
       0
       0
       0
       0
       0
       0
       0
       0
       0
       0
       0
       0
       0
       0
       0
       0
       0
       0
       0
       0
       0
       0
       0
       0
       0
       0
       0
       0
       0
       0
       0
       0
       0
       0
       0
       0
       0
       0
       0
       0
       0
       0
       0
       0
       0
       0
       0
       0
       0
       0
       0
       0
       0
       0
       0
       0
       0
       0
       0
       0
       0
       0
       0
       0
       0
       0
       0
       0
       0
       0
       0
       0
       0
       0
       0
       0
       0
       0
       0
       0
       0
       0
       0
       0
       0
       0
       0
       0
       0
       0
       0
       0
       0
       0
       0
       0
       0
       0
       0
       0
       0
       0
       0
       0
       0
       0
       0
       0
       0
       0
       0
       0
       0
       0
       0
       0
       0
       0
       0
       0
       0
       0
       0
       0
       0
       0
       0
       0
       0
       0
       0
       0
       0
       0
       0
       0
       0
       0
       0
       0
       0
       0
       0
       0
       0
       0
       0
       0
       0
       0
       0
       0
       0
       0
       0
       0
       0
       0
$ROI:
0
$PRESETS:
None
0
0
$ENER_FIT:
0.000000 0.533053
$MCA_CAL:
3
0.000000E+000 5.330531E-001 0.000000E+000 keV
$SHAPE_CAL:
3
0.000000E+000 0.000000E+000 0.000000E+000
