$SPEC_ID:
No sample description was entered.
$SPEC_REM:
DET# 1
DETDESC# DLAB-PHY-L3-48 Model 928 SN 14118571
AP# Maestro Version 7.01
$DATE_MEA:
03/02/2026 14:00:55
$MEAS_TIM:
89451 92091
$DATA:
0 16383
       0
       0
       0
       0
       0
       0
       0
       0
       0
       0
       0
       0
       0
       0
       0
       0
     322
     327
     254
     263
     186
     169
     133
     138
     108
      87
      80
      65
      60
      71
      63
      68
      95
      77
      88
      88
      70
      73
      63
      73
      71
      69
      61
      33
      42
      39
      26
      36
      18
      19
      19
      12
      10
      14
       6
       5
       5
       3
       6
       5
       3
       1
       6
      12
      13
      55
     462
    2980
   11967
   57613
  422257
 1108465
  712438
  285388
  209893
  187035
  176876
  174588
  176445
  179729
  185568
  191684
  199340
  207194
  215901
  223564
  233354
  242034
  251200
  259839
  269255
  278448
  287085
  295615
  303925
  313478
  322529
  331858
  341441
  350243
  359902
  368873
  379851
  389492
  400438
  410146
  420940
  430685
  442050
  452561
  463273
  475520
  487463
  499487
  511371
  523076
  536527
  547391
  560092
  572188
  584945
  598261
  610171
  623103
  635879
  648155
  660204
  673666
  686171
  697336
  710229
  722270
  735641
  746670
  757941
  769876
  780644
  791406
  803743
  812503
  822365
  833272
  841063
  849486
  858232
  867261
  872369
  881078
  884218
  891862
  895697
  902121
  904799
  906415
  909043
  911665
  912307
  915367
  913419
  914730
  911563
  910961
  910155
  907513
  906333
  903387
  899915
  897832
  894422
  890747
  885316
  881219
  878207
  873914
  871976
  867106
  861565
  856832
  852649
  848158
  844647
  841074
  835686
  831685
  827362
  820719
  817718
  813989
  809332
  803687
  800139
  797460
  792835
  788649
  784967
  779724
  775774
  771225
  769091
  764151
  760144
  757221
  752854
  749900
  745454
  741687
  737449
  734307
  730983
  726670
  724429
  719806
  716417
  711092
  707649
  704518
  700868
  697365
  692787
  689455
  686893
  683838
  680769
  675718
  671691
  668660
  665387
  662850
  657307
  652974
  651442
  646512
  643184
  641156
  634144
  632836
  628242
  625055
  621866
  618887
  614094
  608466
  606021
  602746
  598285
  595865
  592137
  587033
  585353
  581508
  577845
  574934
  570029
  568266
  563275
  558832
  556003
  553041
  548204
  546520
  542394
  538911
  536770
  532635
  527545
  526244
  522954
  517493
  514970
  510428
  508544
  505616
  502588
  498433
  494656
  492305
  488944
  485715
  482136
  478380
  476008
  472277
  469304
  467726
  462699
  460361
  456693
  456116
  451165
  448485
  445536
  443030
  440487
  437006
  433990
  431491
  428209
  424539
  422754
  419082
  416595
  414028
  410154
  408371
  405527
  403869
  400003
  397678
  395700
  392577
  390462
  386641
  384001
  381739
  378838
  376510
  373774
  370524
  369279
  367819
  364577
  362076
  359080
  356400
  354258
  352560
  350301
  348117
  345955
  342760
  340332
  337961
  335111
  334356
  332189
  328561
  326782
  325318
  322538
  320648
  317912
  317300
  314776
  311775
  309308
  308046
  306458
  303702
  301420
  300450
  298227
  297216
  293428
  291704
  288453
  288072
  286132
  284759
  282312
  280063
  278928
  277443
  274787
  273142
  271567
  270458
  268071
  266026
  264340
  263469
  261388
  259357
  257382
  256633
  253767
  252367
  249515
  249058
  247939
  246232
  243683
  242911
  241945
  240187
  237128
  236156
  235964
  233807
  232352
  229817
  228978
  227215
  224952
  224300
  223036
  221923
  220756
  218679
  217586
  216389
  214106
  212646
  211267
  209598
  208650
  207853
  206608
  205305
  204388
  202581
  200930
  199815
  198126
  197690
  195578
  194252
  193285
  192441
  191397
  190179
  189529
  187899
  186575
  185413
  183361
  183369
  181645
  180342
  180130
  178768
  178134
  176322
  175178
  173866
  173907
  171778
  170660
  169976
  169542
  167462
  166355
  165794
  165191
  163736
  162888
  161484
  161191
  159983
  159235
  158083
  157226
  155969
  155884
  154391
  153317
  152890
  151354
  150404
  149784
  148921
  148187
  147279
  146592
  145154
  144265
  144225
  142856
  141538
  141368
  140721
  139956
  138099
  137476
  137736
  136441
  135424
  134583
  134192
  133382
  132930
  131112
  130157
  130017
  129736
  128301
  128132
  126890
  125472
  125442
  124124
  124554
  123012
  122684
  121808
  121247
  120888
  120257
  120122
  118880
  118214
  117801
  116730
  116199
  115868
  114378
  114184
  113679
  113227
  112572
  111763
  111041
  110436
  109739
  109685
  108625
  108410
  107387
  106764
  106000
  105377
  104674
  104528
  103900
  104059
  102788
  102998
  102094
  101464
  101154
  100316
   99671
   98765
   98789
   98015
   97814
   97170
   96719
   96043
   96366
   95164
   94999
   93938
   94000
   93167
   93043
   92410
   91484
   91531
   90710
   89868
   89584
   89433
   89212
   88246
   87727
   87857
   86836
   86448
   86209
   85945
   85873
   85006
   84094
   84133
   83690
   83211
   83289
   82080
   82113
   81222
   80985
   80942
   79892
   80420
   79280
   79256
   78655
   78286
   77858
   77258
   76832
   76528
   76378
   75992
   75486
   74984
   74754
   74443
   73817
   73817
   73111
   73259
   72570
   72067
   71958
   71587
   70981
   70612
   70376
   70272
   69714
   69731
   69249
   68563
   68026
   67763
   67676
   67483
   67257
   66492
   66386
   66007
   65691
   65249
   65622
   65072
   64468
   63995
   63840
   63534
   63217
   63016
   62814
   62379
   62271
   61804
   61540
   61176
   60673
   61026
   60088
   59812
   59519
   59766
   59401
   59208
   58280
   58270
   58150
   58184
   57375
   57680
   57135
   56520
   56616
   56581
   56006
   55574
   55818
   55407
   55298
   55045
   54593
   54461
   53674
   54036
   53918
   53399
   53201
   53004
   52894
   52167
   51367
   51913
   51897
   51332
   51036
   50971
   50559
   50736
   49947
   49870
   50018
   49358
   49318
   49097
   48830
   48867
   48259
   48348
   48276
   47674
   48099
   47737
   47214
   46957
   46750
   46304
   46010
   46338
   46182
   45490
   45642
   45332
   44906
   44724
   44694
   44825
   43575
   44181
   43653
   43482
   43584
   43213
   42650
   43222
   42731
   41865
   42344
   41908
   41791
   41250
   41472
   41027
   40931
   40683
   40593
   40197
   40154
   40179
   39690
   39229
   39599
   39162
   38842
   38811
   38591
   38451
   37949
   38175
   38206
   37805
   37663
   37718
   37334
   37070
   37045
   36732
   36346
   36459
   36144
   35495
   35723
   35906
   35240
   35224
   34825
   35240
   34751
   34722
   34457
   34447
   34119
   34279
   33984
   33694
   33508
   33348
   33464
   33513
   33349
   32948
   32660
   32483
   32616
   32476
   32069
   32194
   31741
   31885
   31518
   31823
   31313
   31276
   30967
   30602
   30684
   30839
   30749
   30653
   30245
   30325
   30001
   29591
   29760
   29689
   29533
   29606
   29352
   29192
   29211
   29036
   28738
   28714
   28657
   28354
   28411
   28141
   28105
   28077
   27842
   27484
   27289
   27535
   27692
   27078
   27211
   27295
   26875
   27050
   26767
   26358
   26498
   26650
   26324
   26083
   25868
   25890
   25884
   25677
   25834
   25584
   25174
   25346
   25355
   25139
   24778
   25034
   24772
   25056
   24855
   24462
   24503
   24221
   24229
   24225
   24218
   24224
   23905
   23865
   23836
   23807
   23499
   23084
   23429
   23029
   23228
   22996
   22999
   23206
   23074
   23053
   22545
   22523
   22227
   22049
   22347
   22419
   22421
   21962
   21889
   21819
   21763
   21814
   21413
   21531
   21439
   21614
   21502
   21292
   21444
   20934
   20673
   21022
   21017
   20903
   20589
   20451
   20774
   20503
   20356
   20236
   20398
   20527
   20042
   20189
   19928
   19930
   19919
   19855
   19770
   19799
   19497
   19562
   19402
   19568
   19286
   19234
   19203
   19153
   19198
   19204
   19005
   18790
   18792
   18772
   18581
   18402
   18550
   18312
   18519
   18516
   18456
   18231
   18150
   18016
   18008
   17997
   17888
   17783
   17992
   17736
   17617
   17653
   17785
   17559
   17525
   17474
   17374
   17178
   17137
   17059
   17138
   16847
   16766
   16926
   16892
   16800
   16525
   16645
   16562
   16578
   16320
   16533
   16282
   16283
   16438
   16510
   16288
   16252
   16196
   16101
   15869
   15952
   15935
   16063
   15734
   15774
   15844
   15605
   15487
   15341
   15524
   15443
   15342
   15193
   15362
   15154
   15314
   15135
   15329
   15158
   14694
   14983
   14767
   14608
   14585
   14632
   14515
   14461
   14561
   14457
   14355
   14083
   14356
   14187
   14126
   14203
   14056
   13842
   13908
   13853
   13763
   13807
   13569
   13726
   13601
   13599
   13743
   13248
   13525
   13474
   13312
   13297
   13254
   13182
   13232
   13046
   12784
   12949
   12894
   12847
   12838
   12765
   12762
   12538
   12710
   12453
   12215
   12385
   12557
   12361
   12139
   12185
   12136
   12125
   12206
   12128
   12016
   11750
   12066
   11976
   11980
   11869
   11615
   11717
   11676
   11648
   11482
   11543
   11488
   11394
   11224
   11261
   11461
   11266
   11187
   11239
   11055
   11225
   11150
   10981
   10946
   10846
   10813
   10972
   10833
   10989
   10679
   10743
   10719
   10663
   10734
   10567
   10393
   10399
   10443
   10387
   10458
   10385
   10304
   10353
   10424
   10213
   10062
   10352
   10141
   10273
   10056
   10067
   10012
    9983
   10136
    9810
    9955
    9808
    9846
    9928
    9858
    9691
    9875
    9518
    9644
    9584
    9671
    9515
    9498
    9660
    9381
    9459
    9318
    9452
    9414
    9373
    9332
    9199
    9254
    9244
    9112
    9278
    9147
    9157
    9106
    9020
    9067
    9030
    8858
    9075
    8823
    8774
    8848
    8811
    8574
    8824
    8756
    8624
    8647
    8793
    8489
    8523
    8530
    8280
    8235
    8369
    8543
    8366
    8441
    8180
    8357
    8202
    8167
    8044
    8180
    8357
    8211
    7916
    8164
    8097
    8172
    8092
    7863
    8070
    7861
    8121
    7812
    7834
    7733
    7730
    7822
    7773
    7507
    7544
    7697
    7627
    7533
    7555
    7617
    7544
    7504
    7388
    7412
    7366
    7495
    7227
    7342
    7343
    7312
    7252
    7195
    7131
    7189
    7176
    7132
    7158
    7109
    7157
    7054
    7103
    7231
    7118
    7109
    7068
    6781
    6822
    6980
    6859
    6998
    6768
    6825
    6697
    6801
    6710
    6714
    6772
    6526
    6612
    6596
    6650
    6576
    6660
    6623
    6471
    6406
    6457
    6327
    6459
    6369
    6406
    6265
    6328
    6333
    6286
    6406
    6207
    6267
    6202
    6201
    6258
    6235
    5959
    6115
    6223
    6130
    5970
    6022
    6049
    6053
    5894
    5939
    5966
    5938
    5911
    5860
    5960
    5866
    5947
    5906
    5864
    5815
    5726
    5761
    5665
    5720
    5758
    5713
    5646
    5692
    5675
    5588
    5716
    5680
    5629
    5583
    5474
    5631
    5539
    5514
    5628
    5493
    5382
    5503
    5343
    5356
    5356
    5409
    5283
    5277
    5385
    5328
    5393
    5365
    5194
    5125
    5167
    5281
    5114
    5105
    5106
    5082
    5050
    5113
    5012
    5151
    5072
    4959
    4898
    5019
    5035
    5003
    4952
    4839
    4731
    4895
    4887
    5114
    4803
    5041
    4890
    4814
    4839
    4866
    4774
    4906
    4853
    4877
    4770
    4868
    4697
    4812
    4748
    4698
    4748
    4745
    4670
    4740
    4627
    4517
    4788
    4558
    4520
    4505
    4601
    4525
    4591
    4627
    4507
    4437
    4474
    4442
    4534
    4374
    4401
    4408
    4428
    4357
    4345
    4381
    4349
    4269
    4181
    4213
    4234
    4323
    4214
    4184
    4377
    4259
    4210
    4209
    4225
    4168
    4200
    4131
    4200
    4053
    4107
    4097
    4074
    4007
    4153
    4100
    4058
    4142
    4084
    4018
    4004
    3999
    3980
    3936
    3891
    3773
    3954
    3931
    3959
    3885
    3882
    3978
    3895
    3785
    3847
    3845
    3851
    3775
    3763
    3779
    3748
    3921
    3832
    3780
    3741
    3626
    3812
    3868
    3794
    3789
    3694
    3663
    3650
    3729
    3718
    3603
    3751
    3605
    3508
    3513
    3622
    3618
    3603
    3507
    3509
    3596
    3580
    3530
    3394
    3461
    3590
    3503
    3444
    3433
    3533
    3376
    3453
    3430
    3299
    3342
    3438
    3415
    3443
    3427
    3302
    3284
    3330
    3295
    3360
    3331
    3306
    3256
    3270
    3197
    3200
    3239
    3225
    3218
    3220
    3383
    3166
    3238
    3168
    3106
    3193
    3214
    3135
    3169
    3071
    3144
    3109
    3062
    3125
    3114
    3027
    3129
    3027
    3182
    3012
    3050
    3085
    3085
    2918
    2969
    3072
    3003
    3058
    2896
    2986
    2964
    2942
    2936
    2854
    2962
    2791
    2840
    2961
    2930
    2967
    2845
    2831
    2712
    2820
    2799
    2983
    2919
    2803
    2781
    2849
    2811
    2873
    2857
    2820
    2754
    2745
    2815
    2755
    2759
    2793
    2768
    2689
    2715
    2774
    2701
    2671
    2624
    2729
    2727
    2653
    2668
    2720
    2562
    2594
    2627
    2704
    2570
    2681
    2572
    2650
    2603
    2607
    2646
    2602
    2597
    2563
    2567
    2562
    2591
    2494
    2549
    2524
    2448
    2532
    2321
    2518
    2480
    2478
    2567
    2506
    2411
    2389
    2520
    2449
    2357
    2399
    2472
    2483
    2440
    2402
    2431
    2347
    2380
    2429
    2336
    2286
    2332
    2343
    2346
    2372
    2424
    2375
    2415
    2347
    2329
    2445
    2261
    2288
    2288
    2216
    2331
    2258
    2239
    2279
    2228
    2339
    2176
    2264
    2227
    2243
    2207
    2227
    2238
    2259
    2225
    2120
    2118
    2250
    2184
    2227
    2205
    2100
    2180
    2217
    2179
    2206
    2161
    2136
    2159
    2204
    2147
    2140
    2040
    2105
    2137
    2106
    2071
    2130
    2089
    2085
    2102
    2144
    2128
    2041
    1989
    2010
    2033
    2016
    2007
    2063
    2097
    2085
    1986
    2016
    2043
    1985
    2031
    2031
    1984
    1983
    2037
    1963
    2046
    1959
    1928
    1942
    1931
    2017
    1945
    1977
    1856
    1934
    1970
    1909
    1938
    1930
    1929
    1863
    1879
    1822
    1949
    1868
    1824
    1932
    1862
    1897
    1895
    1841
    1854
    1835
    1844
    1898
    1862
    1835
    1790
    1776
    1795
    1797
    1842
    1749
    1797
    1786
    1819
    1771
    1768
    1775
    1822
    1752
    1777
    1790
    1757
    1710
    1715
    1794
    1707
    1758
    1757
    1786
    1747
    1717
    1705
    1742
    1724
    1782
    1645
    1682
    1694
    1676
    1656
    1650
    1643
    1654
    1685
    1716
    1625
    1637
    1605
    1601
    1664
    1620
    1609
    1594
    1669
    1623
    1583
    1655
    1653
    1616
    1583
    1591
    1595
    1638
    1622
    1508
    1620
    1643
    1525
    1503
    1551
    1501
    1607
    1568
    1512
    1492
    1592
    1540
    1487
    1570
    1479
    1538
    1505
    1474
    1506
    1502
    1483
    1444
    1499
    1464
    1412
    1470
    1467
    1470
    1415
    1451
    1474
    1448
    1403
    1419
    1434
    1436
    1384
    1484
    1460
    1388
    1399
    1433
    1304
    1368
    1415
    1430
    1424
    1401
    1391
    1416
    1390
    1434
    1354
    1383
    1350
    1313
    1344
    1265
    1346
    1282
    1311
    1316
    1307
    1248
    1343
    1255
    1365
    1362
    1302
    1337
    1299
    1246
    1308
    1236
    1229
    1362
    1313
    1360
    1211
    1300
    1324
    1319
    1250
    1270
    1219
    1222
    1236
    1250
    1274
    1186
    1227
    1271
    1290
    1173
    1161
    1217
    1154
    1106
    1175
    1246
    1225
    1246
    1164
    1166
    1162
    1188
    1241
    1253
    1168
    1143
    1171
    1136
    1202
    1190
    1135
    1100
    1138
    1125
    1173
    1134
    1175
    1164
    1173
    1171
    1116
    1134
    1174
    1109
    1166
    1139
    1090
    1098
    1144
    1141
    1115
    1090
    1049
    1127
    1109
    1057
    1071
    1091
    1116
    1091
    1087
    1128
    1062
    1099
    1092
    1019
     997
    1049
    1083
    1051
    1046
    1073
    1044
    1048
    1044
    1040
    1032
    1081
    1039
    1027
    1028
    1024
    1051
    1017
    1077
    1049
    1027
    1022
    1063
     988
    1086
    1025
    1012
     993
     990
    1013
     947
     982
     954
     989
     997
     996
    1047
     989
    1029
    1069
     975
     938
    1005
     951
     968
     950
     990
     911
     912
     960
     920
     969
     922
     940
     978
     966
     915
     916
     931
     965
     980
     927
    1026
     944
     941
     949
     948
     890
     885
     899
     967
     946
     867
     897
     881
     946
     958
     873
     891
     888
     873
     865
     869
     872
     872
     924
     854
     887
     917
     884
     883
     814
     900
     913
     790
     869
     838
     866
     834
     861
     836
     859
     884
     858
     810
     899
     837
     830
     824
     835
     834
     868
     852
     808
     828
     749
     811
     849
     868
     798
     798
     792
     840
     824
     802
     775
     818
     817
     777
     811
     797
     818
     816
     840
     780
     756
     774
     792
     784
     805
     759
     759
     825
     796
     759
     751
     810
     748
     797
     724
     778
     747
     725
     796
     791
     740
     737
     743
     745
     756
     743
     725
     742
     722
     753
     780
     759
     722
     744
     741
     747
     731
     732
     737
     738
     730
     719
     734
     662
     739
     689
     708
     687
     692
     708
     737
     706
     737
     728
     702
     722
     702
     692
     710
     716
     685
     678
     726
     735
     647
     705
     628
     659
     658
     655
     659
     668
     673
     651
     717
     664
     643
     648
     650
     632
     642
     653
     667
     637
     642
     679
     653
     616
     681
     647
     604
     600
     644
     632
     614
     639
     614
     637
     610
     673
     636
     644
     650
     597
     625
     628
     591
     628
     614
     587
     585
     591
     541
     603
     600
     583
     601
     561
     566
     583
     542
     602
     613
     548
     623
     576
     595
     548
     602
     545
     542
     539
     578
     574
     588
     570
     600
     563
     533
     587
     555
     516
     570
     538
     578
     540
     543
     569
     534
     556
     530
     610
     583
     568
     528
     506
     552
     508
     578
     530
     531
     527
     514
     525
     521
     520
     536
     498
     486
     495
     498
     538
     564
     517
     527
     484
     472
     522
     482
     536
     484
     496
     514
     460
     487
     526
     509
     474
     488
     500
     511
     508
     517
     480
     493
     483
     506
     483
     455
     448
     495
     483
     459
     478
     492
     478
     442
     451
     470
     459
     443
     467
     463
     444
     445
     440
     460
     480
     438
     460
     458
     477
     505
     437
     450
     481
     451
     483
     472
     473
     441
     462
     439
     427
     455
     434
     434
     452
     415
     408
     433
     427
     447
     423
     452
     413
     414
     437
     409
     433
     461
     415
     460
     377
     427
     395
     431
     428
     425
     413
     434
     413
     395
     390
     432
     448
     396
     404
     407
     378
     397
     404
     413
     396
     390
     385
     418
     412
     393
     395
     414
     401
     385
     391
     345
     394
     350
     386
     429
     374
     343
     371
     394
     378
     385
     405
     349
     386
     368
     373
     374
     367
     356
     364
     351
     359
     366
     379
     355
     356
     350
     370
     382
     360
     364
     360
     354
     375
     352
     363
     326
     373
     363
     326
     327
     368
     384
     385
     321
     331
     339
     325
     372
     364
     329
     369
     335
     369
     368
     335
     338
     348
     325
     329
     329
     288
     323
     337
     345
     343
     335
     360
     334
     335
     315
     315
     333
     305
     340
     350
     332
     342
     356
     364
     306
     333
     291
     352
     304
     301
     313
     292
     341
     346
     294
     333
     338
     334
     313
     323
     295
     338
     315
     293
     324
     297
     314
     331
     310
     316
     313
     323
     307
     291
     336
     325
     333
     310
     315
     305
     337
     339
     311
     325
     323
     333
     290
     298
     330
     299
     302
     336
     316
     286
     291
     319
     315
     295
     309
     331
     321
     307
     274
     304
     294
     322
     321
     292
     323
     304
     330
     319
     296
     303
     320
     297
     317
     314
     324
     321
     318
     297
     325
     311
     334
     308
     320
     318
     316
     289
     296
     318
     319
     308
     296
     332
     314
     342
     327
     305
     308
     324
     311
     337
     313
     315
     286
     333
     314
     304
     325
     312
     296
     320
     317
     339
     325
     291
     331
     332
     316
     298
     288
     331
     327
     355
     320
     334
     330
     322
     338
     321
     316
     293
     329
     344
     327
     322
     352
     302
     310
     309
     324
     288
     314
     329
     321
     292
     285
     329
     297
     342
     351
     341
     327
     327
     313
     303
     308
     325
     330
     292
     316
     307
     288
     379
     305
     323
     346
     340
     328
     320
     351
     311
     322
     321
     309
     299
     300
     354
     323
     335
     324
     323
     308
     372
     345
     325
     335
     332
     356
     330
     315
     342
     337
     361
     333
     362
     297
     306
     334
     331
     318
     319
     357
     359
     342
     332
     327
     354
     320
     349
     323
     310
     343
     325
     323
     342
     363
     348
     321
     313
     328
     344
     305
     321
     349
     319
     309
     331
     304
     353
     342
     334
     315
     311
     335
     311
     323
     321
     320
     335
     304
     315
     346
     337
     328
     321
     341
     313
     335
     326
     339
     331
     316
     322
     325
     322
     328
     298
     313
     272
     306
     325
     302
     320
     337
     341
     318
     304
     305
     324
     315
     320
     273
     306
     318
     309
     336
     323
     297
     317
     296
     337
     304
     316
     297
     314
     324
     280
     298
     270
     286
     298
     284
     314
     299
     298
     251
     287
     287
     294
     277
     314
     253
     298
     267
     294
     291
     260
     272
     263
     281
     301
     292
     272
     286
     292
     257
     261
     285
     266
     283
     242
     242
     229
     280
     237
     254
     269
     272
     257
     250
     247
     210
     228
     249
     234
     251
     231
     244
     223
     212
     238
     255
     249
     246
     216
     213
     213
     204
     226
     202
     199
     232
     214
     211
     213
     200
     206
     205
     196
     221
     175
     213
     207
     194
     195
     176
     219
     200
     194
     190
     190
     209
     184
     184
     177
     173
     187
     171
     194
     163
     169
     185
     182
     187
     177
     166
     168
     169
     176
     126
     163
     147
     156
     162
     145
     140
     179
     162
     147
     154
     167
     139
     151
     154
     144
     153
     168
     144
     131
     143
     141
     122
     147
     126
     135
     141
     112
     159
     128
     148
     130
     139
     151
     114
     125
     132
     126
     109
     114
     125
     135
     115
     122
     125
     105
     124
     139
     122
     123
     119
     117
     145
     117
     120
     121
     121
     121
      95
     105
     111
     115
     107
      90
      87
     120
     114
     121
     108
     106
      99
     116
     113
     105
     103
      90
     102
     107
      99
      91
      91
     104
      86
      86
     115
     101
     113
     105
      93
      79
      94
      96
     114
     103
      91
      95
      98
      87
      93
     101
      97
      87
     100
     134
     104
      88
      93
     100
      98
     109
      96
      95
     101
      78
      74
      71
      85
      83
      78
     102
      88
      75
      89
      87
      91
      88
      79
      80
      85
      83
      96
      80
      77
      90
      76
      68
     101
      82
      90
      87
      75
      97
      83
      86
      90
      66
      67
      96
      82
      67
      87
      84
      75
      84
      83
      89
      76
      68
      71
      90
      92
      83
      95
      88
      96
      72
      76
      90
      72
      88
      74
      73
      70
      72
      61
      78
      87
      75
      87
      87
      73
      83
      78
      90
      79
      68
      78
      80
      69
      79
      79
      70
      73
      84
      66
      64
      76
      74
      81
      58
      78
      79
      87
      68
      58
      72
      82
      88
      68
      68
      74
      67
      82
      83
      67
      93
      77
      81
      74
      89
      73
      93
      89
      66
      60
      48
      84
      67
      72
      73
      81
      59
      48
      68
      59
      72
      80
      62
      72
      65
      74
      81
      79
      77
      63
      67
      74
      70
      65
      81
      65
      71
      71
      77
      67
      69
      55
      85
      56
      66
      78
      53
      70
      53
      59
      67
      71
      67
      77
      67
      61
      67
      57
      62
      69
      53
      73
      68
      67
      67
      67
      59
      81
      60
      66
      70
      70
      83
      73
      79
      60
      62
      54
      67
      75
      74
      58
      72
      55
      65
      63
      55
      73
      67
      68
      67
      61
      51
      56
      64
      82
      53
      67
      61
      76
      50
      78
      58
      69
      61
      60
      65
      64
      75
      62
      68
      60
      56
      57
      59
      56
      64
      69
      65
      67
      60
      50
      52
      51
      58
      65
      66
      77
      68
      64
      62
      58
      63
      64
      63
      57
      62
      56
      52
      63
      52
      61
      67
      75
      70
      65
      53
      73
      55
      69
      49
      57
      48
      55
      59
      50
      67
      59
      45
      50
      66
      45
      61
      64
      63
      53
      53
      61
      69
      54
      59
      50
      58
      59
      79
      66
      58
      63
      43
      67
      60
      51
      59
      64
      73
      62
      50
      53
      64
      64
      64
      55
      62
      63
      53
      44
      59
      56
      57
      46
      56
      70
      65
      62
      48
      42
      61
      53
      60
      62
      56
      45
      61
      44
      59
      65
      65
      62
      39
      64
      49
      54
      53
      65
      50
      54
      56
      57
      58
      47
      40
      54
      62
      58
      46
      61
      40
      43
      51
      53
      62
      54
      49
      65
      37
      60
      49
      61
      53
      51
      49
      48
      39
      49
      46
      55
      53
      49
      55
      48
      55
      62
      48
      51
      53
      44
      49
      55
      59
      52
      62
      47
      41
      53
      46
      46
      43
      46
      47
      40
      42
      53
      42
      53
      29
      55
      51
      59
      38
      49
      40
      43
      50
      49
      60
      62
      51
      50
      53
      33
      48
      46
      44
      43
      56
      52
      35
      39
      52
      43
      45
      44
      42
      42
      31
      41
      40
      42
      39
      34
      36
      40
      33
      41
      40
      44
      35
      45
      29
      33
      47
      36
      37
      39
      51
      57
      42
      31
      34
      36
      35
      39
      45
      37
      40
      41
      43
      38
      50
      31
      41
      39
      40
      55
      40
      41
      46
      30
      30
      38
      35
      34
      33
      49
      39
      38
      47
      46
      26
      34
      44
      34
      39
      36
      31
      30
      33
      34
      33
      40
      38
      39
      47
      35
      47
      58
      48
      45
      39
      26
      42
      40
      31
      34
      42
      42
      24
      38
      32
      42
      33
      42
      40
      43
      41
      40
      29
      39
      47
      30
      30
      37
      29
      31
      35
      36
      45
      37
      38
      30
      35
      45
      30
      41
      31
      36
      38
      37
      36
      41
      34
      29
      34
      27
      30
      42
      45
      28
      33
      37
      35
      29
      30
      31
      23
      29
      32
      33
      30
      20
      35
      25
      35
      22
      23
      28
      39
      28
      35
      32
      25
      31
      29
      30
      20
      42
      39
      34
      39
      34
      40
      33
      33
      34
      28
      33
      32
      32
      29
      33
      33
      27
      37
      34
      24
      31
      31
      24
      31
      35
      33
      35
      26
      25
      33
      29
      29
      31
      34
      35
      29
      31
      30
      29
      39
      32
      47
      38
      23
      24
      33
      24
      39
      34
      25
      29
      22
      37
      35
      30
      30
      32
      21
      23
      33
      28
      28
      25
      28
      37
      35
      29
      37
      30
      38
      28
      20
      23
      26
      24
      43
      34
      33
      35
      30
      29
      30
      28
      21
      23
      23
      32
      32
      30
      26
      23
      27
      32
      22
      26
      33
      23
      25
      23
      31
      34
      40
      25
      24
      33
      26
      26
      26
      28
      37
      34
      30
      28
      26
      30
      29
      28
      26
      25
      29
      26
      32
      31
      22
      24
      23
      35
      22
      21
      36
      25
      28
      36
      17
      21
      35
      27
      23
      31
      26
      17
      25
      29
      30
      21
      20
      38
      35
      32
      33
      29
      34
      19
      19
      26
      38
      27
      30
      28
      33
      24
      34
      40
      29
      31
      28
      28
      32
      18
      25
      35
      29
      27
      31
      31
      37
      28
      34
      24
      22
      20
      25
      41
      35
      33
      30
      29
      24
      25
      30
      34
      29
      32
      37
      43
      28
      31
      36
      24
      41
      31
      27
      30
      26
      32
      31
      25
      30
      45
      19
      42
      30
      36
      30
      28
      26
      23
      38
      35
      32
      29
      33
      28
      25
      34
      30
      31
      39
      32
      30
      28
      26
      37
      30
      32
      37
      34
      27
      24
      37
      31
      35
      25
      24
      34
      15
      28
      30
      29
      28
      25
      25
      28
      35
      33
      31
      31
      20
      20
      31
      25
      41
      22
      34
      23
      28
      30
      31
      36
      33
      34
      31
      42
      27
      30
      19
      28
      33
      32
      30
      25
      32
      31
      23
      32
      39
      30
      35
      42
      27
      20
      27
      30
      30
      32
      30
      25
      27
      37
      30
      25
      33
      27
      25
      23
      29
      36
      30
      29
      34
      28
      29
      26
      33
      31
      40
      33
      35
      34
      25
      38
      32
      31
      32
      29
      37
      38
      31
      29
      23
      34
      38
      33
      35
      21
      24
      29
      20
      27
      27
      32
      35
      37
      28
      26
      25
      32
      21
      33
      24
      31
      28
      40
      30
      27
      30
      40
      23
      27
      30
      27
      28
      30
      27
      32
      26
      26
      25
      31
      33
      31
      27
      28
      27
      36
      32
      26
      22
      35
      27
      29
      33
      21
      31
      36
      28
      33
      37
      26
      32
      28
      30
      32
      43
      26
      35
      30
      32
      38
      20
      38
      30
      36
      31
      31
      30
      23
      30
      36
      31
      31
      36
      28
      24
      32
      32
      29
      32
      21
      27
      35
      26
      33
      29
      25
      32
      27
      22
      36
      28
      26
      29
      25
      27
      28
      31
      30
      25
      28
      31
      31
      25
      25
      29
      25
      20
      34
      35
      24
      30
      33
      31
      24
      42
      27
      20
      29
      33
      30
      34
      21
      29
      34
      30
      33
      31
      30
      32
      27
      29
      24
      27
      26
      19
      28
      30
      35
      28
      29
      22
      23
      31
      32
      28
      32
      29
      34
      19
      30
      31
      29
      24
      26
      24
      30
      30
      30
      30
      34
      26
      34
      29
      20
      34
      29
      24
      41
      34
      37
      22
      35
      27
      34
      36
      21
      27
      29
      23
      23
      24
      22
      24
      25
      26
      20
      10
      31
      30
      26
      31
      34
      18
      20
      37
      23
      24
      28
      32
      34
      29
      34
      25
      25
      29
      28
      29
      15
      27
      17
      35
      26
      22
      34
      22
      32
      26
       9
      28
      24
      31
      17
      17
      24
      28
      24
      22
      18
      28
      21
      26
      21
      35
      22
      25
      27
      19
      21
      18
      28
      16
      21
      19
      18
      19
      21
      21
      18
      21
      23
      33
      27
      15
      22
      20
      22
      24
      19
      29
      25
      20
      28
      24
      24
      22
      26
      22
      23
      20
      28
      22
      31
      25
      18
      29
      17
      19
      19
      19
      34
      21
      25
      29
      26
      19
      15
      21
      23
      27
      25
      23
      19
      14
      18
      22
      25
      30
      26
      33
      16
      17
      19
      21
      25
      13
      32
      13
      21
      24
      21
      13
      25
      21
      27
      22
      19
      19
      28
      21
      14
      21
      16
      16
      19
      25
      25
      21
      16
      21
      18
      14
      23
      34
      17
      18
      24
      22
      19
      27
      18
      18
      17
      19
      17
      21
      22
      22
      28
      14
      19
      16
      23
      21
      14
      19
      14
      26
      23
      18
      21
      25
      12
      17
      15
      16
      17
      14
      28
      24
      17
      16
      15
      12
      15
      12
      24
      21
      19
      17
      16
      23
      19
      17
      22
      17
      11
      18
      17
      20
      17
      17
      11
      22
      20
      16
      18
      10
      25
      19
      17
      18
      17
      16
      24
      15
      29
      23
      12
      22
       9
      15
      17
      17
      19
      15
      19
      16
      15
      14
      19
      18
      14
      18
      12
      19
      22
      19
      16
      14
      19
      15
      21
      11
      17
      14
      15
      20
      14
      22
      12
      20
      11
      22
      15
      21
      16
      19
      16
      18
      17
      13
      19
      18
      15
      18
      17
      17
      19
      11
      17
      24
      10
       8
       7
      17
      17
      19
      22
      15
      17
      12
      22
      13
      11
      17
      17
      16
      13
      18
      13
      13
      16
      20
      15
      16
      17
      23
      15
      15
      13
      21
      16
      12
      18
      13
      18
       9
      17
      15
      17
      14
      24
      18
      16
      19
      15
      11
      11
      18
      16
      23
      12
      11
      11
      19
      13
      14
      18
      18
      17
      13
      15
      19
      14
      17
      16
      17
      13
      18
       9
      14
      13
      12
      10
      12
      13
      14
      16
      14
      12
      15
      15
       6
      16
      22
      14
       9
      20
      16
      18
      18
      10
       8
      17
      12
      17
      12
      15
      19
      18
      12
      14
      16
      15
      14
       8
      19
       7
      22
      14
      18
      14
      10
      19
      11
      14
      11
       9
      11
      15
      19
      21
      15
      18
      18
      15
       9
      20
      18
      18
      15
      11
      13
      24
      16
      15
      14
      17
      16
      14
      17
      10
      16
      25
      12
      17
      19
      17
      14
      21
      16
      16
      14
      23
      19
      14
      21
      11
      17
      17
      18
      12
      15
      19
      12
      13
      16
      16
      17
      12
      12
      17
      19
      18
      13
      15
      24
      14
      12
      12
      11
      22
      19
      17
      18
      15
      15
      20
      12
      16
      12
      17
      29
      11
      25
      12
      10
      15
      12
      26
      14
      16
      19
      16
      20
      13
      15
      18
      12
      10
      16
      12
      10
      14
      15
      13
      12
      11
      21
      18
      21
      21
      18
      14
      21
      16
      13
      18
      23
      14
      18
      21
      13
      20
      14
      11
      12
      18
      19
      16
      21
      20
      17
      20
      25
      21
      15
      15
      21
      16
      23
      19
      18
      23
      13
      16
      21
      18
      16
      18
      16
      19
      21
      26
      18
      16
      20
      22
      19
      19
      19
      26
      14
      20
      20
      23
      18
      17
      21
      24
      12
      21
       9
      23
      19
      16
      16
      16
      17
      13
      22
      16
      15
      18
      15
      19
      16
      29
      16
      29
      16
      23
      20
      23
      15
      23
      16
      15
      25
      21
      15
      16
      19
      12
      24
      19
      17
      11
      20
      15
      21
      21
      22
      20
      20
      22
      19
      16
      38
      21
      18
      22
      15
      23
      13
      27
      16
      15
      18
      18
      23
      20
      22
      17
      22
      27
      21
      24
      15
       8
      22
      22
      21
      12
      14
      22
      20
      22
      16
      22
      17
      16
      21
      18
      19
      23
      30
      20
      22
      17
      28
      14
      25
      21
       6
      21
      15
      16
      19
      15
      15
      14
      16
      22
      23
      20
      21
      23
      21
      22
      15
      23
      17
      11
      16
      12
      14
      26
      22
      13
      20
      19
      20
      26
      15
      27
      22
      22
      23
      17
      25
      18
      16
      28
      26
      24
      24
      17
      18
      21
      26
      21
      20
      23
      21
      24
      16
      19
      13
      17
      20
      22
      21
      26
      20
      14
      25
      24
      24
      21
      18
      17
      22
      18
      24
      22
      18
      21
      19
      18
      29
      18
      21
      20
      18
      18
      15
      13
      25
      12
      21
      16
      24
      17
      17
      27
      19
      26
      21
      28
      15
      17
      17
      19
      22
      16
      23
      17
      15
      17
      23
      22
      22
      13
      18
      19
      20
      24
      15
      22
      16
      20
      22
      16
      17
      21
      18
      17
      11
      18
      16
      15
      15
      17
      23
      19
      17
      16
      13
      13
      21
      17
      19
      23
      17
      18
      12
      15
      14
      12
      18
      20
      20
      16
      21
      22
      18
      18
      15
      14
      14
      13
      16
      14
      15
       9
      23
      15
      13
      11
      24
      17
      12
      13
      17
      18
      11
       9
      13
      12
      11
      11
      18
       6
      12
      13
       9
      13
      11
      15
      10
      11
      13
      12
      12
      11
      15
      12
      16
       8
      13
      12
       9
      14
      12
      10
      17
       9
      11
      15
      15
       9
      15
      13
      10
      10
      10
      14
      13
      11
      10
      10
      11
      13
      17
      13
      10
      18
      11
       4
       9
      11
       8
      13
      12
      10
      15
       6
       5
       8
      11
      11
      13
       7
      12
       9
       8
       7
       8
       7
      16
      12
       8
       5
       6
       4
       5
       8
      11
       9
       7
       8
       7
       4
       7
      12
       9
       4
       7
       9
       7
       9
       4
       5
       6
      10
       9
       6
       7
       5
      15
       5
      14
      12
      10
       5
       7
       3
       5
      10
       8
       7
       4
       6
       5
       3
       6
       6
       7
       6
       8
       1
       9
       3
      16
       6
       4
      10
       3
       6
       6
       3
       8
       5
       5
       6
       7
       3
       6
       7
       6
       5
       6
       8
       6
       8
       3
       8
       4
       3
       7
       7
       6
       7
       6
       4
       3
       5
       3
       3
       5
       4
       7
       9
       4
       3
       7
       7
       5
       3
       2
       5
       3
       6
       7
       3
       3
       2
       8
       4
       3
       5
       5
       4
       3
       1
       7
       2
       4
       5
       3
       3
       6
       4
       3
       5
       5
       7
       5
       1
       2
       2
       4
       6
       2
       6
       5
       3
       6
       2
       3
       4
       4
       5
       3
       5
       4
       3
       5
       0
       4
       7
       7
       4
       2
       6
       4
       0
       5
       7
       3
       6
       1
       4
       3
       2
       2
       3
       2
       4
       3
       0
       3
       1
       4
       5
       3
       4
       4
       2
       5
       4
       3
       3
       4
       4
       3
       5
       2
       7
       5
       6
       4
       6
       4
       6
       3
       8
       1
       4
       3
       3
       6
       0
       2
       2
       6
       5
       3
       6
       2
       7
       3
       3
       1
       3
       3
       8
       4
       4
       3
       7
       2
       2
       1
       2
       7
       5
       5
       3
       2
       5
       1
       4
       3
       7
       5
       4
       3
      10
       2
       7
       5
       6
       2
       1
       4
       5
       7
       2
       1
       4
       3
       1
       2
       4
       0
       3
       0
       4
       3
       2
       3
       2
       3
       1
       4
       2
       3
       4
       7
       3
       2
       3
       1
       4
       4
       0
       3
       3
       3
       3
       1
       2
       3
       4
       0
       5
       3
       7
       5
       2
       0
       6
       3
       0
       4
       3
       5
       4
       2
       4
       3
       3
       6
       5
       5
       4
       2
       2
       5
       5
       1
       6
       2
       3
       2
       5
       3
       4
       2
       2
       7
       4
       5
       5
       2
       2
       3
       4
       3
       4
       1
       6
       1
       3
       2
       2
       4
       1
       1
       0
       3
       3
       2
       4
       3
       3
       5
       3
       7
       3
       3
       2
       1
       1
       5
       3
       3
       5
       4
       4
       5
       2
       3
       4
       0
       5
       7
       5
       4
       3
       1
       5
       0
       3
       2
       6
       5
       1
      11
       3
       7
       4
       5
       0
       5
       7
       2
       4
       4
       4
       5
       4
       5
       1
       2
       4
       3
       3
       9
      10
       0
       2
       3
       3
       3
       5
       1
       3
       2
       4
       3
       6
       2
      10
       4
       1
       7
       2
       2
       3
       5
       6
       2
      10
       3
       4
       4
       1
       3
       7
       2
       3
       2
       3
       5
       0
       3
       2
       2
       2
       2
       1
       3
       3
       2
       3
       4
       6
      10
       4
       0
       3
       2
       3
       6
       2
       4
       3
       1
       2
       4
       3
       2
       5
       0
       3
       2
       4
       5
       3
       4
       5
       3
       5
       4
       3
       2
       5
       5
       2
       4
       4
       5
       0
       5
       4
       5
       4
       4
       4
       1
       2
       4
       3
       3
       5
       3
       5
       3
       1
       8
       3
       3
       3
       2
       3
       2
       1
       5
       5
       9
       1
       2
       2
       2
       2
       6
       3
       2
       1
       2
       2
       6
       4
       2
       3
       3
       6
       5
       4
       3
       1
       2
       1
       0
       3
       5
       4
       2
       1
       2
       2
       1
       2
       2
       3
       3
       5
       6
       3
       2
       5
       3
       6
       5
       5
       8
       4
       2
       2
       2
       4
       4
       4
       4
       1
       4
       1
       5
       2
       4
       4
       5
       2
       5
       4
       1
       3
       4
       1
       8
       1
       4
       3
       3
       5
       5
       1
       1
       4
       5
       3
       5
       4
       6
       5
       4
       5
       2
       3
       1
       1
       2
       5
       1
       7
       2
       6
       2
       4
       4
       3
       3
       4
       2
       3
       2
       2
       2
       4
       5
       3
       4
       8
       3
       0
       4
       0
       0
       1
       2
       0
       2
       6
       2
       1
      11
       7
       1
       2
       6
       1
       0
       6
       0
       7
       2
       3
       4
       2
       3
       6
       6
       3
       5
       2
       4
       5
       4
       4
       3
       1
       3
       7
       5
       0
       4
       3
       2
       4
       2
       1
       0
       5
       2
       6
       1
       2
       2
       0
       5
       3
       2
       4
       3
       1
       3
       4
       0
       1
       3
       5
       2
       5
       2
       1
       2
       1
       4
       2
       3
       5
       6
       4
       1
       1
       4
       2
       3
       2
       3
       4
       4
       1
       1
       1
       6
       3
       0
       3
       5
       3
       5
       3
       4
       6
       4
       4
       4
       0
       1
       4
       6
       1
       3
       4
       4
       3
       6
       4
       2
       2
       5
       1
       5
       0
       5
       4
       2
       2
       5
       2
       4
       4
       1
       1
       2
       2
       0
       1
       3
       1
       4
       6
       4
       5
       1
       1
       2
       2
       1
       3
       0
       0
       3
       2
       1
       4
       0
       4
       2
       0
       1
       1
       4
       4
       2
       2
       3
       4
       0
       3
       3
       3
       4
       3
       0
       3
       6
       1
       6
       4
       0
       2
       3
       3
       5
       2
       2
       4
       3
       1
       0
       1
       2
       2
       5
       5
       4
       3
       1
       2
       4
       2
       3
       0
       7
       3
       2
       0
       0
       2
       4
       3
       3
       3
       3
       5
       2
       2
       3
       1
       2
       3
       2
       4
       5
       0
       3
       1
       7
       2
       5
       5
       3
       1
       3
       2
       2
       2
       4
       1
       3
       2
       2
       4
       2
       3
       3
       5
       5
       1
       3
       3
       2
       5
       3
       3
       2
       1
       4
       1
       5
       2
       4
       2
       3
       4
       2
       4
       1
       2
       4
       3
       4
       2
       1
       5
       2
       1
       1
       3
       0
       3
       5
       4
       4
       2
       2
       3
       6
       4
       0
       0
       4
       1
       0
       4
       0
       2
       5
       5
       3
       0
       6
       3
       4
       2
       6
       1
       2
       2
       2
       3
       3
       5
       1
       2
       2
       3
       6
       0
       2
       3
       3
       1
       4
       1
       5
       4
       3
       2
       2
       0
       3
       2
       2
       1
       1
       4
       3
       5
       3
       4
       2
       4
       2
       1
       1
       1
       6
       3
       5
       3
       4
       6
       4
       2
       1
       2
       4
       3
       5
       2
       1
       6
       3
       2
       3
       2
       0
       6
       5
       1
       3
       2
       1
       1
       6
       3
       3
       5
       7
       3
       1
       2
       0
       1
       0
       4
       0
       4
       3
       5
       6
       4
       2
       6
       1
       4
       2
       5
       2
       2
       3
       5
       3
       2
       3
       3
       4
       1
       2
       4
       2
       2
       1
       4
       0
       3
       5
       1
       1
       4
       1
       1
       0
       2
       5
       2
       2
       5
       1
       3
       2
       6
       3
       0
       2
       4
       4
       5
       6
       0
       3
       4
       1
       1
       1
       3
       1
       4
       1
       1
       1
       3
       2
       1
       3
       2
       3
       3
       5
       0
       2
       1
       1
       3
       1
       1
       1
       1
       1
       1
       3
       2
       4
       2
       2
       5
       1
       2
       1
       2
       0
       4
       5
       1
       2
       1
       4
       2
       1
       1
       1
       4
       1
       6
       1
       3
       2
       5
       3
       2
       1
       2
       1
       3
       4
       1
       2
       1
       4
       4
       2
       1
       5
       2
       3
       3
       2
       2
       3
       4
       3
       1
       6
       0
       0
       4
       4
       5
       2
       2
       0
       5
       5
       2
       3
       4
       2
       3
       2
       1
       4
       2
       3
       5
       4
       3
       3
       2
       3
       0
       2
       2
       3
       2
       1
       3
       0
       3
       4
       1
       3
       5
       8
       4
       2
       5
       3
       3
       1
       0
       2
       5
       4
       5
       4
       2
       4
       3
       5
       2
       0
       5
       3
       0
       2
       3
       6
       2
       2
       2
       4
       1
       1
       3
       4
       4
       2
       4
       1
       4
       1
       4
       1
       4
       2
       6
       5
       1
       1
       3
       0
       3
       2
       2
       2
       4
       1
       5
       3
       0
       3
       0
       3
       4
       1
       8
       4
       0
       0
       2
       3
       4
       2
       2
       2
       4
       2
       6
       1
       2
       3
       2
       1
       1
       2
       2
       2
       2
       0
       1
       1
       3
       3
       1
       1
       2
       0
       3
       2
       4
       0
       2
       3
       3
       1
       3
       2
       5
       1
       2
       3
       1
       5
       4
       1
       4
       3
       6
       2
       2
       3
       3
       1
       1
       4
       2
       2
       2
       2
       5
       1
       4
       1
       4
       2
       1
       4
       4
       2
       2
       2
       1
       3
       5
       2
       3
       5
       5
       2
       1
       6
       4
       4
       2
       1
       5
       0
       2
       4
       2
       0
       7
       0
       0
       1
       2
       1
       2
       4
       6
       5
       2
       4
       7
       2
       0
       5
       1
       6
       5
       7
       2
       5
       2
       2
       4
       2
       1
       2
       3
       0
       3
       1
       0
       2
       2
       5
       2
       3
       1
       0
       1
       2
       0
       3
       1
       3
       2
       4
       3
       3
       0
       0
       3
       2
       3
       2
       2
       1
       3
       1
       4
       3
       2
       0
       3
       2
       4
       1
       1
       2
       2
       6
       1
       2
       3
       1
       1
       1
       4
       3
       2
       2
       4
       3
       3
       2
       4
       1
       0
       0
       3
       1
       2
       5
       3
       2
       2
       2
       2
       2
       5
       1
       1
       4
       1
       3
       1
       0
       2
       0
       3
       0
       3
       2
       1
       1
       5
       3
       4
       2
       5
       2
       1
       5
       3
       1
       1
       3
       6
       2
       3
       1
       4
       7
       1
       4
       2
       1
       0
       0
       6
       7
       1
       4
       1
       0
       2
       2
       1
       4
       5
       3
       2
       4
       2
       1
       4
       3
       1
       1
       1
       5
       4
       1
       1
       1
       3
       4
       8
       5
       2
       0
       7
       3
       1
       1
       1
       1
       4
       4
       5
       3
       1
       1
       4
       0
       3
       0
       5
       1
       1
       7
       2
       5
       0
       3
       5
       1
       2
       3
       4
       1
       5
       4
       2
       1
       2
       1
       4
       1
       1
       3
       1
       1
       3
       6
       2
       5
       2
       1
       1
       4
       2
       2
       1
       0
       3
       3
       1
       1
       6
       5
       2
       3
       3
       2
       0
       1
       2
       1
       4
       0
       2
       3
       2
       0
       1
       3
       2
       0
       1
       2
       2
       1
       3
       1
       3
       2
       2
       1
       1
       4
       2
       4
       5
       3
       1
       2
       2
       1
       5
       2
       3
       0
       2
       1
       2
       3
       7
       3
       4
       0
       2
       2
       3
       3
       2
       1
       3
       0
       1
       6
       4
       4
       1
       0
       2
       3
       2
       2
       2
       3
       4
       1
       2
       1
       3
       1
       1
       3
       0
       1
       1
       2
       1
       2
       3
       2
       0
       2
       4
       3
       3
       1
       0
       3
       3
       2
       0
       2
       4
       4
       2
       1
       2
       2
       3
       2
       0
       4
       4
       1
       3
       2
       2
       1
       1
       1
       3
       3
       5
       2
       4
       2
       4
       3
       4
       4
       4
       3
       3
       0
       3
       2
       0
       0
       0
       3
       3
       3
       3
       4
       1
       2
       5
       1
       1
       0
       0
       6
       4
       4
       4
       2
       1
       3
       3
       3
       2
       3
       5
       3
       3
       2
       1
       4
       3
       3
       1
       1
       2
       2
       2
       2
       2
       6
       3
       1
       2
       2
       2
       2
       7
       2
       0
       4
       7
       2
       4
       2
       1
       1
       6
       2
       1
       3
       4
       1
       0
       1
       0
       3
       2
       0
       3
       0
       1
       2
       3
       3
       4
       5
       0
       2
       4
       0
       1
       1
       2
       2
       4
       1
       2
       3
       1
       1
       1
       1
       3
       2
       1
       1
       4
       4
       2
       2
       3
       4
       1
       3
       2
       4
       2
       1
       2
       1
       3
       0
       1
       3
       1
       4
       2
       2
       2
       3
       2
       1
       5
       2
       2
       4
       1
       2
       3
       2
       1
       3
       4
       3
       2
       3
       2
       4
       5
       2
       1
       3
       3
       3
       4
       3
       1
       3
       1
       1
       1
       1
       4
       5
       3
       1
       0
       6
       2
       3
       0
       4
       3
       3
       1
       2
       3
       5
       3
       6
       3
       4
       1
       2
       1
       1
       1
       0
       6
       4
       0
       1
       2
       2
       4
       3
       0
       2
       5
       1
       4
       2
       0
       0
       2
       3
       2
       0
       2
       5
       2
       6
       4
       1
       2
       0
       4
       3
       2
       1
       2
       0
       2
       2
       5
       1
       2
       0
       2
       1
       0
       1
       2
       4
       1
       1
       1
       0
       1
       0
       3
       1
       2
       3
       2
       5
       5
       2
       2
       1
       0
       5
       3
       6
       6
       3
       3
       5
       3
       1
       3
       1
       1
       2
       1
       4
       1
       3
       4
       2
       1
       4
       4
       3
       2
       1
       3
       5
       0
       1
       2
       0
       3
       4
       2
       4
       0
       1
       3
       2
       5
       2
       2
       3
       5
       1
       4
       1
       1
       1
       2
       5
       7
       3
       0
       2
       1
       0
       1
       2
       2
       3
       3
       4
       1
       2
       0
       1
       6
       1
       1
       1
       4
       4
       1
       2
       3
       1
       3
       2
       1
       3
       3
       1
       1
       1
       3
       4
       3
       0
       4
       0
       2
       4
       1
       3
       3
       1
       3
       3
       2
       1
       0
       4
       1
       1
       1
       3
       2
       2
       2
       4
       5
       5
       4
       1
       2
       2
       3
       3
       1
       0
       2
       1
       4
       1
       1
       2
       0
       3
       1
       2
       2
       2
       2
       3
       3
       4
       1
       2
       3
       1
       0
       2
       2
       3
       2
       4
       4
       2
       4
       3
       2
       2
       4
       2
       4
       6
       2
       0
       3
       2
       3
       1
       1
       2
       2
       4
       2
       1
       0
       3
       4
       4
       0
       0
       0
       3
       3
       1
       1
       2
       4
       2
       2
       3
       1
       2
       0
       0
       4
       1
       4
       3
       1
       3
       0
       1
       1
       1
       4
       1
       1
       3
       2
       0
       0
       4
       2
       2
       4
       1
       4
       2
       2
       3
       1
       6
       3
       0
       2
       1
       2
       5
       2
       3
       3
       2
       3
       2
       2
       2
       3
       4
       2
       3
       2
       3
       1
       1
       4
       2
       2
       1
       0
       1
       2
       1
       4
       0
       2
       5
       4
       0
       3
       2
       1
       2
       5
       1
       4
       1
       2
       0
       2
       2
       1
       3
       1
       1
       4
       2
       1
       5
       2
       1
       1
       3
       3
       2
       0
       0
       1
       2
       4
       1
       1
       2
       0
       4
       3
       2
       1
       1
       1
       3
       1
       3
       4
       4
       2
       1
       4
       0
       4
       2
       2
       2
       2
       1
       1
       1
       3
       2
       3
       2
       2
       2
       0
       3
       3
       6
       2
       1
       5
       0
       2
       6
       4
       0
       2
       2
       3
       5
       1
       5
       3
       0
       3
       3
       2
       2
       1
       5
       3
       5
       3
       2
       2
       2
       1
       2
       2
       1
       3
       1
       1
       0
       2
       4
       4
       3
       4
       3
       1
       2
       2
       4
       1
       3
       0
       4
       2
       3
       1
       4
       2
       1
       1
       0
       2
       3
       2
       3
       1
       2
       1
       1
       4
       2
       2
       2
       2
       0
       4
       2
       1
       2
       3
       1
       0
       3
       3
       3
       4
       2
       3
       1
       3
       1
       3
       0
       1
       3
       1
       0
       1
       3
       3
       2
       3
       0
       3
       2
       3
       0
       4
       5
       4
       1
       3
       2
       0
       4
       3
       1
       3
       1
       2
       5
       2
       1
       3
       1
       0
       1
       0
       2
       2
       2
       2
       0
       3
       0
       1
       3
       1
       1
       3
       0
       3
       1
       1
       2
       1
       2
       3
       3
       1
       2
       3
       3
       0
       1
       1
       1
       3
       1
       0
       1
       1
       3
       2
       0
       2
       0
       1
       0
       0
       1
       1
       2
       0
       1
       3
       5
       2
       4
       1
       3
       1
       0
       1
       3
       2
       1
       2
       2
       2
       2
       3
       1
       3
       1
       4
       1
       2
       0
       1
       3
       2
       7
       2
       4
       2
       3
       2
       3
       3
       1
       1
       2
       4
       0
       0
       3
       2
       2
       3
       0
       3
       3
       1
       1
       2
       0
       2
       1
      10
       0
       1
       4
       0
       1
       3
       4
       2
       1
       4
       1
       2
       4
       2
       3
       2
       1
       2
       0
       4
       0
       3
       4
       3
       2
       3
       1
       1
       1
       3
       1
       3
       0
       7
       3
       2
       2
       0
       4
       1
       2
       3
       3
       3
       3
       3
       0
       1
       1
       3
       2
       3
       1
       2
       0
       0
       1
       4
       2
       2
       1
       3
       1
       4
       4
       3
       1
       0
       4
       3
       0
       2
       3
       1
       3
       1
       1
       3
       1
       1
       0
       1
       1
       3
       4
       0
       1
       0
       4
       0
       3
       7
       3
       3
       2
       3
       2
       2
       3
       6
       1
       2
       1
       2
       2
       2
       3
       0
       0
       1
       1
       2
       2
       2
       1
       2
       1
       2
       0
       0
       4
       2
       2
       3
       2
       6
       3
       3
       2
       0
       0
       5
       1
       2
       2
       0
       5
       3
       0
       5
       4
       2
       4
       1
       1
       0
       3
       2
       2
       2
       1
       2
       4
       3
       1
       2
       1
       2
       3
       5
       1
       1
       4
       1
       0
       1
       3
       1
       2
       0
       1
       3
       1
       2
       4
       1
       0
       2
       1
       3
       0
       5
       3
       2
       3
       2
       0
       2
       1
       1
       1
       1
       1
       2
       2
       4
       0
       1
       1
       2
       2
       2
       0
       0
       4
       3
       2
       2
       6
       3
       0
       6
       4
       2
       2
       2
       1
       4
       1
       1
       4
       3
       2
       1
       3
       6
       2
       4
       0
       1
       4
       4
       3
       3
       4
       3
       2
       4
       0
       2
       2
       5
       4
       0
       7
       2
       1
       1
       2
       3
       1
       1
       0
       7
       2
       1
       2
       4
       2
       3
       1
       4
       2
       1
       3
       2
       4
       1
       1
       4
       0
       2
       2
       2
       5
       1
       3
       1
       0
       3
       3
       1
       3
       2
       5
       1
       4
       2
       3
       2
       5
       1
       1
       4
       1
       1
       5
       2
       1
       2
       2
       1
       1
       2
       6
       1
       2
       3
       3
       4
       2
       1
       1
       1
       6
       2
       2
       0
       3
       0
       1
       2
       3
       0
       3
       1
       0
       3
       4
       4
       1
       4
       2
       2
       0
       3
       2
       1
       0
       4
       2
       2
       1
       6
       1
       3
       2
       4
       0
       1
       3
       3
       3
       4
       1
       3
       4
       1
       1
       2
       3
       2
       0
       4
       1
       3
       5
       1
       3
       3
       2
       2
       2
       4
       1
       3
       2
       0
       1
       2
       2
       3
       2
       2
       2
       3
       5
       1
       2
       7
       1
       2
       2
       2
       0
       1
       1
       1
       0
       1
       1
       5
       0
       4
       2
       1
       2
       1
       1
       0
       1
       1
       0
       0
       3
       3
       4
       5
       7
       3
       4
       2
       3
       6
       5
       1
       2
       7
       1
       1
       3
       1
       6
       2
       5
       1
       3
       3
       0
       1
       3
       0
       2
       1
       2
       3
       1
       2
       0
       1
       3
       2
       4
       3
       1
       3
       3
       1
       2
       0
       1
       1
       1
       0
       1
       3
       1
       2
       4
       1
       3
       2
       1
       0
       1
       2
       2
       0
       0
       2
       0
       2
       3
       1
       1
       5
       4
       3
       0
       1
       3
       3
       1
       1
       3
       2
       2
       1
       2
       3
       2
       2
       4
       2
       3
       1
       2
       0
       2
       3
       2
       1
       2
       3
       1
       1
       2
       1
       1
       0
       1
       1
       1
       1
       3
       2
       3
       1
       2
       2
       2
       4
       0
       3
       3
       1
       1
       5
       1
       3
       0
       3
       1
       2
       2
       1
       2
       2
       2
       3
       5
       2
       2
       2
       1
       3
       1
       2
       3
       2
       0
       1
       4
       1
       1
       4
       1
       3
       1
       3
       2
       3
       2
       0
       4
       3
       1
       0
       1
       3
       1
       1
       1
       1
       1
       4
       0
       3
       2
       3
       0
       3
       2
       2
       4
       1
       3
       3
       4
       3
       1
       1
       1
       4
       3
       4
       1
       3
       3
       2
       2
       1
       4
       1
       1
       1
       3
       0
       1
       3
       3
       1
       3
       1
       4
       2
       3
       1
       1
       0
       2
       1
       3
       1
       1
       0
       2
       1
       4
       1
       0
       1
       1
       2
       0
       1
       1
       0
       5
       2
       1
       0
       1
       2
       2
       1
       2
       3
       2
       1
       3
       0
       4
       3
       1
       1
       2
       1
       2
       3
       4
       1
       3
       1
       1
       1
       2
       1
       2
       4
       2
       3
       0
       4
       0
       4
       4
       2
       3
       1
       2
       2
       4
       0
       1
       2
       1
       0
       4
       3
       1
       2
       0
       2
       2
       2
       2
       1
       2
       1
       1
       1
       1
       2
       2
       3
       3
       2
       1
       1
       5
       0
       1
       2
       3
       3
       2
       1
       4
       2
       3
       3
       0
       3
       2
       3
       3
       1
       2
       3
       0
       0
       0
       2
       2
       4
       2
       2
       2
       4
       2
       2
       2
       2
       2
       1
       4
       5
       2
       4
       5
       2
       1
       4
       2
       0
       2
       2
       1
       2
       1
       1
       3
       3
       2
       3
       0
       3
       3
       2
       0
       1
       1
       2
       5
       2
       0
       4
       1
       2
       4
       0
       5
       1
       2
       2
       2
       1
       2
       0
       1
       0
       2
       3
       1
       1
       2
       1
       0
       2
       4
       2
       2
       2
       3
       2
       4
       1
       2
       2
       2
       1
       3
       4
       4
       1
       3
       0
       3
       1
       0
       5
       1
       3
       1
       4
       2
       2
       1
       2
       0
       0
       2
       0
       2
       1
       0
       2
       2
       1
       4
       0
       2
       2
       5
       1
       1
       1
       1
       2
       5
       3
       1
       0
       0
       0
       1
       2
       1
       1
       2
       3
       1
       3
       1
       1
       5
       1
       2
       2
       0
       2
       2
       1
       1
       0
       5
       1
       0
       0
       3
       1
       1
       1
       0
       0
       1
       1
       2
       0
       3
       1
       2
       0
       2
       2
       1
       2
       1
       0
       3
       1
       3
       2
       4
       1
       2
       0
       2
       1
       0
       2
       0
       1
       2
       1
       3
       3
       2
       1
       2
       1
       3
       0
       3
       4
       2
       3
       5
       1
       0
       2
       0
       3
       0
       2
       1
       2
       2
       1
       1
       3
       1
       2
       6
       0
       1
       3
       1
       5
       0
       3
       4
       3
       2
       2
       5
       1
       0
       3
       4
       4
       1
       1
       2
       2
       1
       1
       3
       0
       2
       0
       2
       1
       2
       3
       3
       2
       3
       2
       4
       0
       2
       3
       4
       4
       2
       4
       3
       1
       1
       1
       1
       3
       1
       3
       1
       1
       2
       3
       6
       3
       0
       1
       0
       1
       1
       1
       3
       2
       2
       1
       1
       4
       2
       2
       1
       0
       4
       0
       1
       1
       1
       3
       4
       4
       1
       2
       1
       2
       2
       4
       1
       2
       1
       1
       3
       2
       1
       0
       1
       0
       4
       5
       0
       0
       1
       1
       3
       3
       2
       0
       0
       2
       1
       2
       3
       4
       3
       3
       3
       2
       3
       1
       0
       4
       4
       2
       0
       3
       0
       0
       1
       2
       2
       3
       0
       2
       2
       2
       2
       2
       0
       1
       2
       6
       3
       5
       1
       2
       1
       3
       3
       0
       2
       0
       1
       2
       2
       1
       1
       0
       0
       2
       3
       0
       1
       2
       4
       3
       2
       1
       5
       3
       2
       2
       3
       2
       1
       1
       1
       1
       0
       3
       1
       3
       3
       3
       4
       1
       3
       0
       1
       0
       2
       0
       2
       5
       2
       0
       1
       1
       0
       1
       1
       2
       1
       1
       1
       3
       1
       0
       0
       0
       4
       2
       3
       2
       2
       3
       3
       1
       1
       1
       4
       1
       3
       2
       0
       1
       2
       0
       1
       1
       2
       3
       0
       4
       1
       4
       1
       4
       1
       5
       2
       0
       4
       3
       3
       3
       3
       1
       2
       0
       4
       0
       3
       1
       0
       2
       3
       0
       0
       3
       2
       0
       1
       2
       2
       0
       1
       0
       0
       2
       2
       4
       0
       2
       1
       3
       2
       3
       0
       2
       0
       4
       0
       1
       1
       3
       2
       1
       2
       0
       1
       1
       1
       1
       4
       1
       1
       1
       0
       2
       1
       3
       2
       1
       3
       0
       3
       0
       2
       3
       1
       2
       2
       3
       1
       2
       0
       0
       1
       1
       1
       4
       2
       0
       0
       1
       2
       1
       1
       1
       2
       0
       2
       3
       1
       0
       0
       6
       1
       0
       2
       4
       3
       3
       3
       4
       5
       1
       1
       1
       1
       3
       2
       3
       1
       1
       1
       3
       3
       1
       1
       3
       0
       3
       5
       1
       3
       2
       4
       2
       1
       1
       1
       1
       3
       2
       2
       0
       0
       4
       2
       1
       1
       2
       2
       2
       2
       1
       2
       2
       4
       2
       2
       1
       3
       4
       2
       2
       1
       3
       2
       5
       3
       2
       1
       2
       3
       0
       1
       0
       1
       3
       1
       0
       3
       3
       0
       3
       3
       0
       1
       0
       2
       1
       4
       0
       1
       3
       2
       3
       0
       2
       3
       1
       3
       4
       3
       1
       4
       0
       4
       1
       4
       2
       0
       2
       1
       3
       2
       3
       0
       2
       1
       3
       1
       5
       2
       1
       3
       2
       4
       2
       1
       0
       4
       1
       2
       3
       3
       1
       2
       3
       0
       2
       2
       0
       0
       2
       4
       3
       2
       1
       1
       3
       3
       2
       2
       2
       2
       1
       1
       2
       0
       1
       3
       2
       0
       1
       1
       1
       0
       4
       1
       3
       1
       1
       3
       2
       3
       2
       2
       2
       0
       1
       3
       2
       2
       1
       2
       4
       1
       3
       3
       2
       1
       1
       4
       1
       3
       1
       0
       2
       2
       2
       6
       1
       3
       0
       0
       2
       3
       1
       1
       3
       0
       1
       3
       0
       1
       3
       1
       4
       3
       3
       2
       5
       1
       0
       3
       4
       4
       2
       2
       1
       2
       3
       2
       0
       3
       1
       3
       1
       2
       0
       2
       4
       5
       4
       0
       5
       2
       1
       2
       0
       2
       3
       1
       2
       2
       3
       1
       1
       1
       2
       2
       6
       3
       2
       4
       1
       0
       4
       3
       0
       5
       3
       1
       1
       0
       1
       1
       2
       1
       2
       2
       1
       2
       0
       6
       0
       2
       1
       3
       0
       2
       0
       0
       3
       2
       3
       1
       2
       1
       5
       5
       2
       0
       2
       2
       0
       1
       2
       1
       3
       3
       0
       2
       2
       5
       1
       1
       3
       0
       2
       1
       1
       3
       2
       4
       1
       2
       0
       1
       2
       0
       1
       2
       4
       2
       0
       2
       1
       3
       4
       2
       0
       2
       2
       0
       2
       1
       5
       3
       3
       1
       0
       2
       1
       5
       3
       3
       2
       0
       1
       0
       1
       1
       1
       1
       2
       1
       1
       4
       1
       3
       6
       0
       1
       4
       2
       1
       2
       1
       2
       0
       0
       2
       1
       0
       1
       1
       4
       0
       2
       2
       1
       2
       2
       2
       0
       5
       0
       3
       1
       1
       4
       3
       2
       2
       1
       3
       4
       0
       0
       3
       3
       2
       2
       1
       2
       0
       0
       3
       2
       1
       1
       2
       0
       3
       1
       2
       6
       1
       4
       1
       2
       2
       1
       1
       3
       4
       1
       4
       4
       2
       1
       0
       0
       1
       3
       3
       2
       3
       4
       4
       4
       0
       2
       0
       3
       2
       2
       1
       3
       1
       1
       2
       2
       3
       3
       1
       0
       1
       2
       1
       3
       4
       1
       3
       4
       4
       2
       1
       0
       1
       2
       2
       3
       2
       1
       3
       6
       2
       3
       1
       1
       1
       3
       2
       2
       0
       1
       2
       3
       5
       3
       0
       3
       1
       2
       1
       1
       2
       4
       0
       1
       2
       0
       3
       4
       1
       1
       4
       3
       1
       1
       3
       2
       1
       1
       3
       1
       2
       1
       1
       1
       2
       2
       3
       1
       0
       3
       3
       2
       2
       1
       1
       5
       3
       2
       2
       0
       5
       4
       0
       2
       3
       2
       1
       2
       3
       2
       1
       0
       3
       4
       1
       0
       2
       0
       2
       3
       4
       1
       2
       2
       3
       3
       5
       4
       3
       0
       2
       1
       2
       1
       1
       4
       2
       1
       0
       1
       5
       4
       4
       0
       2
       2
       2
       2
       1
       2
       2
       3
       2
       4
       2
       2
       4
       4
       4
       2
       1
       2
       2
       2
       2
       2
       3
       1
       2
       2
       4
       3
       5
       3
       0
       5
       1
       2
       2
       0
       3
       1
       4
       1
       2
       4
       0
       2
       2
       0
       1
       2
       1
       1
       0
       0
       3
       0
       2
       1
       5
       2
       2
       1
       1
       1
       0
       2
       0
       2
       1
       0
       2
       0
       2
       3
       1
       2
       1
       3
       1
       0
       1
       2
       0
       1
       2
       3
       1
       1
       3
       1
       4
       1
       2
       2
       3
       1
       1
       3
       3
       3
       1
       1
       0
       0
       2
       5
       3
       1
       4
       3
       1
       1
       3
       2
       1
       6
       1
       2
       2
       0
       2
       1
       1
       3
       2
       3
       2
       1
       2
       1
       6
       2
       3
       3
       2
       0
       0
       0
       2
       3
       2
       0
       1
       2
       1
       4
       1
       2
       0
       1
       2
       0
       1
       1
       2
       1
       1
       1
       2
       0
       2
       2
       0
       5
       3
       2
       1
       2
       2
       2
       1
       2
       1
       4
       4
       5
       2
       4
       2
       2
       1
       1
       2
       0
       1
       1
       1
       0
       0
       6
       0
       2
       2
       2
       1
       4
       2
       2
       2
       1
       1
       1
       1
       1
       1
       4
       1
       0
       1
       0
       1
       2
       1
       2
       1
       4
       1
       1
       4
       1
       3
       0
       4
       2
       4
       2
       2
       2
       2
       4
       1
       2
       1
       2
       3
       1
       1
       2
       0
       3
       3
       0
       0
       0
       2
       0
       1
       1
       2
       1
       2
       2
       1
       1
       1
       1
       0
       2
       1
       1
       0
       0
       2
       1
       6
       3
       5
       4
       0
       3
       1
       0
       0
       2
       3
       1
       2
       2
       3
       0
       1
       2
       2
       2
       4
       2
       6
       1
       1
       4
       1
       2
       3
       1
       3
       0
       0
       1
       1
       2
       0
       1
       1
       3
       1
       1
       1
       2
       2
       1
       0
       0
       1
       1
       2
       2
       0
       3
       3
       1
       2
       2
       0
       2
       0
       3
       4
       2
       4
       1
       4
       2
       2
       2
       3
       2
       2
       3
       3
       5
       0
       3
       0
       1
       0
       0
       1
       3
       1
       1
       1
       2
       5
       1
       1
       5
       0
       1
       0
       2
       1
       2
       0
       4
       1
       3
       2
       1
       1
       3
       2
       1
       1
       2
       1
       2
       4
       0
       1
       2
       0
       2
       1
       1
       1
       2
       2
       3
       0
       0
       2
       1
       0
       3
       3
       1
       0
       3
       3
       1
       2
       2
       0
       1
       2
       2
       3
       0
       1
       4
       0
       2
       2
       2
       0
       3
       1
       3
       1
       2
       3
       1
       3
       1
       2
       2
       0
       0
       1
       2
       2
       1
       1
       1
       0
       3
       5
       1
       0
       4
       2
       4
       1
       6
       2
       0
       0
       3
       3
       1
       1
       1
       1
       1
       0
       4
       1
       2
       3
       0
       1
       1
       2
       1
       0
       1
       1
       0
       1
       0
       1
       2
       0
       3
       1
       0
       0
       1
       1
       1
       2
       6
       3
       3
       2
       0
       0
       5
       2
       4
       1
       3
       2
       2
       1
       2
       1
       0
       0
       1
       1
       1
       2
       6
       3
       3
       0
       0
       1
       2
       3
       1
       3
       2
       3
       1
       3
       4
       1
       3
       0
       4
       0
       2
       2
       3
       2
       0
       1
       2
       0
       0
       4
       1
       1
       2
       1
       1
       2
       0
       1
       2
       1
       1
       1
       3
       0
       1
       2
       1
       0
       0
       1
       3
       0
       0
       1
       2
       1
       3
       2
       3
       4
       2
       3
       2
       1
       2
       3
       2
       5
       1
       3
       3
       0
       1
       3
       2
       3
       0
       2
       1
       5
       0
       3
       2
       2
       0
       1
       1
       0
       3
       2
       1
       0
       1
       2
       2
       1
       0
       1
       1
       2
       2
       2
       4
       0
       2
       2
       1
       3
       1
       0
       0
       1
       3
       0
       1
       2
       1
       2
       1
       1
       0
       2
       3
       1
       3
       4
       0
       0
       1
       1
       1
       0
       2
       1
       2
       1
       2
       0
       2
       1
       5
       1
       3
       2
       3
       3
       0
       2
       0
       1
       2
       2
       3
       2
       1
       2
       1
       2
       1
       2
       3
       0
       2
       1
       3
       3
       1
       1
       2
       2
       2
       1
       2
       3
       2
       3
       1
       0
       1
       0
       1
       3
       0
       4
       2
       1
       3
       2
       1
       3
       1
       2
       2
       0
       0
       0
       1
       0
       1
       2
       1
       2
       1
       1
       1
       1
       0
       1
       2
       1
       0
       2
       2
       2
       1
       3
       3
       1
       0
       2
       2
       4
       1
       3
       3
       3
       3
       4
       3
       1
       0
       1
       3
       1
       3
       1
       1
       1
       4
       2
       0
       0
       0
       2
       0
       2
       2
       0
       1
       2
       6
       2
       1
       3
       2
       2
       2
       0
       1
       0
       1
       4
       0
       1
       2
       3
       1
       3
       3
       2
       4
       0
       0
       3
       0
       1
       3
       1
       1
       1
       2
       0
       1
       0
       0
       0
       2
       1
       1
       2
       0
       1
       0
       2
       3
       1
       2
       1
       1
       2
       0
       2
       1
       2
       1
       2
       1
       1
       1
       0
       2
       2
       2
       1
       1
       2
       2
       1
       2
       1
       2
       2
       2
       1
       0
       1
       0
       0
       4
       2
       3
       1
       0
       2
       0
       0
       0
       3
       0
       0
       2
       2
       3
       2
       0
       5
       1
       2
       1
       3
       1
       2
       0
       2
       2
       2
       1
       1
       2
       0
       0
       0
       2
       4
       1
       2
       0
       4
       1
       3
       1
       0
       2
       1
       3
       3
       1
       1
       0
       2
       6
       3
       2
       5
       1
       1
       5
       4
       1
       2
       3
       0
       2
       3
       4
       0
       5
       0
       0
       2
       3
       2
       4
       1
       0
       2
       1
       1
       1
       6
       0
       2
       3
       1
       3
       1
       1
       2
       2
       0
       3
       1
       2
       1
       1
       1
       1
       0
       2
       2
       3
       3
       4
       1
       1
       1
       3
       2
       0
       3
       1
       3
       5
       1
       6
       1
       1
       3
       0
       2
       2
       1
       1
       0
       0
       2
       2
       0
       0
       2
       1
       1
       1
       1
       1
       3
       3
       0
       2
       1
       3
       1
       2
       3
       0
       4
       2
       4
       3
       3
       0
       4
       1
       3
       3
       3
       2
       3
       2
       0
       0
       1
       2
       3
       1
       0
       2
       1
       4
       2
       1
       2
       0
       5
       3
       0
       1
       0
       1
       3
       1
       1
       3
       4
       4
       1
       1
       1
       3
       2
       1
       1
       0
       2
       0
       2
       3
       1
       3
       3
       2
       0
       1
       0
       2
       1
       0
       1
       3
       3
       2
       1
       2
       3
       1
       4
       1
       4
       0
       4
       0
       1
       2
       0
       2
       1
       1
       3
       0
       2
       1
       1
       3
       1
       4
       3
       2
       0
       0
       2
       1
       1
       0
       1
       1
       4
       4
       1
       0
       3
       1
       0
       1
       0
       3
       1
       2
       0
       3
       2
       2
       2
       1
       2
       1
       0
       0
       4
       0
       0
       1
       1
       1
       3
       1
       2
       0
       1
       0
       3
       0
       2
       1
       2
       2
       1
       0
       3
       1
       2
       1
       1
       4
       1
       0
       4
       1
       0
       3
       1
       0
       2
       0
       2
       2
       2
       1
       1
       2
       1
       1
       1
       3
       2
       2
       2
       2
       2
       3
       5
       1
       3
       3
       5
       1
       3
       2
       2
       0
       1
       3
       1
       0
       0
       2
       1
       1
       1
       0
       1
       0
       1
       1
       2
       2
       1
       0
       2
       0
       2
       2
       0
       1
       2
       1
       2
       0
       1
       1
       2
       0
       5
       1
       1
       1
       1
       0
       0
       2
       0
       2
       3
       2
       1
       1
       1
       3
       0
       0
       2
       2
       1
       1
       0
       3
       2
       2
       3
       3
       1
       0
       1
       0
       1
       1
       3
       2
       3
       1
       1
       4
       4
       3
       2
       2
       0
       1
       2
       3
       4
       1
       3
       1
       2
       5
       1
       1
       2
       2
       1
       2
       4
       2
       1
       1
       1
       1
       1
       3
       0
       3
       1
       1
       2
       2
       0
       0
       0
       1
       1
       3
       1
       1
       3
       1
       3
       0
       2
       2
       3
       1
       1
       1
       3
       1
       1
       2
       4
       0
       0
       0
       3
       0
       0
       0
       0
       1
       1
       1
       4
       1
       2
       1
       0
       4
       2
       3
       2
       1
       0
       1
       3
       2
       0
       2
       3
       3
       1
       2
       3
       1
       1
       3
       2
       0
       1
       2
       0
       1
       1
       2
       0
       1
       4
       4
       0
       0
       2
       0
       1
       2
       3
       0
       1
       0
       0
       1
       0
       1
       0
       1
       0
       1
       2
       3
       0
       3
       0
       3
       0
       1
       1
       1
       1
       2
       4
       1
       0
       1
       1
       2
       0
       4
       2
       2
       6
       2
       0
       1
       1
       2
       0
       2
       2
       1
       0
       2
       0
       2
       2
       1
       3
       1
       3
       1
       2
       2
       1
       0
       0
       1
       1
       2
       2
       3
       2
       0
       2
       4
       1
       2
       2
       1
       1
       2
       1
       3
       2
       0
       4
       1
       2
       2
       1
       1
       0
       0
       0
       2
       3
       0
       4
       2
       2
       2
       1
       1
       0
       4
       0
       1
       3
       0
       2
       3
       0
       4
       0
       0
       1
       2
       1
       3
       1
       2
       0
       4
       1
       3
       2
       0
       1
       5
       1
       4
       1
       2
       1
       4
       2
       0
       2
       2
       2
       1
       1
       0
       3
       3
       1
       0
       2
       1
       1
       5
       5
       1
       2
       3
       0
       3
       1
       2
       0
       2
       3
       1
       1
       2
       2
       3
       1
       1
       3
       1
       4
       6
       2
       2
       1
       1
       2
       2
       1
       0
       2
       1
       0
       3
       2
       4
       1
       9
       1
       2
       3
       2
       1
       2
       0
       1
       1
       1
       2
       1
       2
       2
       1
       1
       1
       1
       2
       1
       0
       2
       0
       3
       2
       2
       4
       2
       3
       1
       1
       3
       0
       1
       1
       1
       4
       1
       2
       1
       0
       5
       4
       1
       2
       0
       0
       0
       5
       1
       1
       3
       4
       2
       3
       1
       0
       2
       1
       1
       4
       1
       1
       2
       1
       2
       1
       1
       2
       2
       2
       1
       4
       2
       1
       1
       4
       3
       2
       1
       3
       1
       0
       0
       0
       3
       2
       1
       1
       2
       0
       2
       4
       0
       1
       3
       1
       0
       1
       4
       2
       3
       1
       2
       0
       2
       0
       2
       3
       0
       1
       0
       4
       3
       1
       4
       0
       0
       2
       1
       1
       2
       2
       0
       2
       0
       2
       2
       0
       1
       1
       0
       3
       1
       1
       2
       2
       1
       7
       0
       1
       3
       4
       1
       1
       2
       0
       3
       3
       0
       2
       0
       1
       1
       2
       3
       1
       2
       1
       1
       1
       1
       1
       1
       1
       4
       0
       0
       1
       2
       0
       0
       2
       3
       2
       1
       1
       4
       0
       2
       2
       2
       1
       2
       1
       1
       0
       0
       1
       1
       3
       0
       2
       2
       0
       0
       1
       0
       1
       0
       1
       5
       3
       2
       4
       4
       4
       0
       3
       1
       2
       1
       4
       1
       4
       2
       0
       2
       0
       0
       0
       2
       3
       2
       2
       2
       1
       2
       3
       2
       0
       1
       0
       2
       1
       0
       1
       2
       1
       0
       2
       1
       1
       1
       1
       1
       3
       0
       3
       2
       0
       3
       3
       0
       2
       2
       1
       0
       2
       1
       1
       2
       0
       4
       0
       3
       2
       3
       3
       0
       1
       0
       2
       1
       2
       1
       3
       1
       1
       1
       4
       2
       0
       2
       0
       2
       1
       5
       2
       1
       1
       2
       2
       4
       0
       2
       1
       1
       0
       1
       0
       1
       3
       1
       0
       1
       0
       1
       2
       0
       1
       2
       0
       3
       3
       2
       4
       0
       1
       0
       1
       5
       4
       2
       2
       1
       0
       2
       4
       3
       1
       3
       1
       4
       2
       3
       2
       1
       2
       1
       1
       2
       1
       3
       3
       2
       2
       1
       4
       2
       2
       1
       1
       3
       2
       3
       2
       2
       3
       2
       2
       2
       0
       2
       1
       4
       2
       0
       4
       6
       1
       3
       3
       3
       3
       2
       0
       3
       2
       2
       3
       1
       1
       3
       2
       0
       0
       1
       3
       4
       0
       0
       2
       2
       1
       0
       0
       0
       2
       0
       2
       0
       0
       3
       1
       0
       2
       3
       0
       1
       2
       1
       1
       0
       0
       3
       1
       0
       2
       4
       3
       2
       4
       3
       0
       5
       2
       0
       0
       3
       0
       1
       3
       0
       0
       2
       3
       1
       2
       1
       0
       0
       1
       2
       1
       0
       1
       2
       4
       1
       0
       2
       1
       1
       0
       0
       1
       1
       0
       3
       1
       3
       2
       2
       3
       0
       1
       4
       0
       2
       0
       1
       0
       3
       1
       1
       1
       1
       0
       0
       1
       1
       1
       1
       4
       1
       3
       1
       2
       2
       0
       1
       3
       1
       0
       1
       4
       1
       1
       0
       0
       1
       2
       4
       0
       1
       0
       3
       1
       1
       4
       2
       4
       2
       1
       4
       5
       3
       1
       1
       2
       2
       3
       0
       2
       2
       1
       2
       2
       1
       4
       0
       1
       2
       0
       2
       3
       1
       1
       2
       1
       1
       1
       1
       2
       0
       1
       4
       1
       4
       0
       0
       1
       0
       1
       4
       0
       0
       4
       2
       1
       2
       3
       0
       2
       1
       1
       1
       2
       3
       2
       1
       3
       0
       1
       2
       0
       0
       4
       2
       0
       3
       0
       2
       1
       2
       2
       0
       0
       2
       1
       1
       2
       2
       0
       3
       3
       0
       1
       0
       2
       2
       2
       1
       3
       3
       1
       1
       2
       0
       2
       1
       2
       2
       0
       0
       1
       3
       1
       1
       1
       2
       1
       1
       0
       2
       1
       1
       1
       6
       2
       4
       1
       0
       1
       1
       1
       1
       1
       4
       1
       4
       1
       3
       1
       0
       2
       1
       1
       2
       2
       0
       0
       1
       0
       1
       2
       3
       1
       1
       3
       1
       2
       1
       2
       1
       0
       0
       1
       1
       1
       1
       3
       2
       3
       0
       1
       1
       2
       4
       0
       2
       3
       0
       1
       1
       4
       1
       1
       2
       0
       2
       4
       4
       1
       4
       0
       2
       3
       2
       2
       2
       2
       0
       5
       3
       1
       3
       1
       1
       0
       3
       4
       3
       3
       2
       3
       1
       0
       1
       1
       3
       0
       0
       2
       2
       1
       1
       2
       3
       0
       1
       1
       0
       1
       1
       1
       3
       3
       3
       0
       0
       3
       1
       3
       3
       1
       0
       1
       2
       1
       1
       2
       1
       2
       4
       0
       2
       2
       2
       1
       3
       4
       0
       3
       2
       3
       1
       2
       2
       1
       1
       0
       1
       0
       1
       0
       1
       0
       0
       1
       1
       0
       2
       5
       1
       2
       1
       1
       1
       2
       1
       0
       4
       3
       1
       1
       1
       2
       1
       0
       1
       1
       2
       1
       1
       3
       3
       1
       1
       2
       0
       0
       3
       2
       1
       0
       2
       2
       4
       2
       3
       2
       3
       0
       1
       1
       2
       2
       0
       0
       2
       0
       2
       3
       0
       0
       1
       2
       3
       2
       0
       1
       3
       2
       0
       0
       0
       1
       3
       3
       1
       2
       0
       3
       1
       2
       2
       2
       1
       2
       2
       1
       1
       3
       0
       1
       2
       1
       0
       2
       0
       0
       3
       3
       3
       0
       0
       3
       3
       3
       0
       2
       2
       3
       2
       2
       1
       2
       1
       2
       0
       0
       4
       0
       0
       0
       0
       0
       1
       3
       0
       1
       1
       2
       1
       2
       0
       1
       1
       0
       1
       0
       3
       1
       2
       1
       1
       2
       1
       2
       1
       3
       1
       0
       2
       5
       1
       1
       1
       1
       1
       0
       0
       3
       2
       0
       1
       3
       1
       1
       1
       1
       4
       0
       1
       1
       4
       1
       0
       1
       0
       2
       1
       1
       1
       2
       0
       1
       2
       0
       3
       3
       3
       2
       0
       2
       3
       1
       4
       1
       1
       3
       2
       2
       0
       0
       3
       1
       0
       2
       1
       2
       3
       1
       0
       1
       1
       1
       2
       0
       1
       3
       1
       0
       0
       2
       2
       0
       2
       1
       2
       2
       3
       2
       0
       2
       3
       2
       6
       1
       0
       0
       1
       1
       2
       1
       1
       5
       3
       3
       1
       1
       0
       2
       3
       1
       3
       1
       2
       5
       1
       0
       0
       1
       2
       1
       1
       1
       4
       2
       1
       3
       6
       1
       2
       2
       2
       0
       2
       1
       2
       2
       2
       3
       1
       1
       0
       0
       1
       4
       1
       4
       1
       3
       1
       0
       4
       0
       1
       0
       0
       0
       0
       4
       0
       2
       3
       3
       4
       3
       1
       1
       0
       3
       3
       2
       2
       1
       4
       0
       1
       3
       3
       1
       1
       0
       2
       1
       1
       2
       1
       0
       2
       2
       0
       2
       2
       1
       0
       2
       1
       0
       0
       2
       2
       0
       2
       1
       2
       0
       1
       3
       1
       2
       1
       0
       0
       4
       2
       3
       3
       0
       1
       0
       0
       2
       0
       2
       2
       2
       2
       2
       2
       2
       1
       1
       2
       0
       4
       0
       0
       1
       3
       1
       1
       0
       2
       0
       0
       2
       3
       0
       0
       3
       0
       0
       0
       3
       1
       0
       1
       0
       1
       1
       3
       2
       2
       3
       2
       1
       2
       1
       3
       1
       0
       2
       3
       0
       2
       4
       1
       2
       3
       1
       1
       5
       2
       2
       2
       0
       2
       2
       0
       1
       0
       3
       0
       3
       0
       1
       2
       5
       2
       0
       2
       1
       3
       1
       0
       1
       0
       2
       0
       3
       0
       4
       1
       2
       3
       1
       1
       1
       0
       0
       0
       1
       0
       2
       2
       1
       0
       1
       2
       2
       0
       2
       1
       3
       2
       2
       1
       4
       0
       2
       1
       0
       0
       1
       2
       0
       1
       1
       1
       3
       1
       3
       2
       1
       1
       2
       1
       0
       3
       0
       0
       0
       2
       0
       1
       2
       1
       1
       1
       1
       1
       1
       0
       0
       2
       1
       4
       2
       1
       1
       1
       0
       0
       1
       0
       2
       3
       2
       0
       1
       1
       3
       1
       2
       1
       3
       3
       4
       2
       0
       1
       0
       1
       3
       0
       1
       0
       1
       1
       1
       4
       3
       1
       1
       1
       0
       2
       2
       2
       0
       1
       0
       2
       2
       4
       2
       2
       0
       0
       2
       0
       3
       0
       1
       2
       2
       1
       2
       0
       1
       1
       1
       1
       0
       1
       2
       3
       2
       0
       0
       0
       1
       0
       4
       3
       2
       1
       0
       3
       2
       1
       1
       3
       2
       2
       2
       1
       3
       0
       1
       1
       2
       2
       0
       1
       1
       1
       2
       3
       1
       2
       3
       0
       1
       0
       2
       3
       1
       2
       1
       2
       0
       1
       2
       1
       1
       1
       2
       1
       1
       0
       2
       0
       3
       1
       0
       2
       0
       0
       1
       1
       1
       2
       3
       1
       0
       1
       1
       1
       1
       0
       2
       0
       1
       0
       0
       1
       0
       1
       0
       0
       0
       2
       1
       2
       1
       0
       2
       0
       2
       1
       3
       0
       2
       1
       5
       3
       0
       2
       1
       1
       0
       0
       2
       3
       0
       1
       1
       1
       0
       3
       0
       2
       3
       0
       1
       2
       1
       1
       0
       1
       1
       4
       0
       1
       2
       0
       0
       1
       3
       0
       0
       2
       3
       1
       2
       6
       0
       1
       2
       1
       0
       1
       1
       1
       2
       2
       0
       4
       2
       0
       2
       0
       2
       0
       1
       1
       1
       2
       0
       0
       2
       1
       1
       1
       0
       2
       0
       1
       2
       3
       4
       0
       3
       1
       2
       3
       1
       2
       0
       0
       1
       0
       1
       3
       1
       1
       2
       1
       0
       3
       0
       0
       1
       1
       1
       4
       0
       3
       3
       0
       2
       3
       6
       3
       0
       3
       2
       1
       0
       1
       0
       1
       2
       3
       2
       2
       0
       4
       2
       6
       0
       0
       1
       3
       2
       0
       2
       0
       1
       0
       2
       2
       0
       2
       1
       0
       0
       1
       1
       3
       0
       0
       1
       0
       1
       0
       1
       2
       1
       1
       1
       1
       2
       1
       1
       1
       0
       2
       0
       0
       2
       3
       0
       0
       0
       1
       4
       2
       0
       3
       0
       2
       1
       2
       1
       1
       1
       0
       0
       1
       3
       1
       2
       0
       1
       2
       1
       1
       0
       0
       1
       0
       0
       1
       0
       2
       1
       0
       2
       0
       3
       2
       0
       4
       2
       1
       1
       0
       1
       0
       4
       0
       0
       0
       0
       3
       0
       1
       1
       2
       2
       1
       1
       3
       2
       1
       1
       3
       0
       1
       1
       0
       1
       1
       0
       4
       4
       0
       0
       3
       1
       1
       1
       0
       0
       0
       4
       3
       1
       1
       1
       1
       1
       1
       1
       3
       2
       0
       1
       0
       1
       2
       4
       0
       2
       3
       2
       0
       1
       1
       3
       1
       3
       1
       1
       2
       0
       2
       2
       1
       0
       1
       1
       2
       3
       1
       0
       0
       1
       2
       2
       0
       1
       3
       2
       3
       1
       1
       2
       2
       3
       4
       0
       2
       3
       2
       1
       1
       1
       3
       0
       0
       6
       1
       0
       2
       0
       1
       3
       0
       4
       1
       4
       0
       1
       0
       2
       1
       0
       2
       2
       1
       0
       1
       1
       0
       1
       5
       3
       3
       1
       2
       2
       1
       0
       1
       0
       1
       4
       1
       1
       1
       2
       3
       1
       3
       2
       2
       4
       2
       1
       2
       1
       2
       3
       2
       2
       3
       2
       0
       3
       0
       4
       1
       0
       2
       3
       1
       0
       1
       1
       1
       4
       2
       0
       1
       1
       1
       3
       1
       2
       2
       3
       0
       3
       1
       0
       1
       1
       0
       1
       1
       2
       1
       0
       1
       0
       0
       1
       3
       0
       2
       0
       0
       1
       1
       1
       1
       3
       3
       1
       0
       3
       2
       0
       1
       1
       1
       0
       1
       1
       3
       1
       0
       4
       1
       2
       1
       2
       0
       3
       1
       5
       1
       1
       1
       2
       1
       2
       2
       1
       2
       1
       0
       3
       2
       3
       0
       3
       0
       2
       0
       2
       0
       2
       2
       1
       1
       1
       3
       0
       2
       4
       2
       2
       0
       1
       1
       3
       0
       2
       1
       0
       0
       1
       2
       3
       0
       1
       0
       1
       1
       1
       1
       1
       1
       0
       1
       0
       1
       2
       0
       0
       2
       0
       2
       2
       2
       3
       0
       2
       1
       0
       1
       1
       2
       1
       2
       4
       2
       1
       2
       1
       1
       1
       3
       2
       0
       1
       1
       0
       1
       2
       2
       2
       0
       0
       2
       1
       2
       0
       2
       2
       0
       0
       1
       2
       3
       1
       2
       7
       0
       2
       0
       1
       0
       1
       0
       4
       1
       0
       0
       1
       2
       0
       0
       2
       0
       3
       1
       4
       0
       1
       1
       4
       0
       1
       3
       1
       3
       1
       0
       2
       2
       1
       3
       4
       1
       2
       1
       3
       1
       0
       2
       2
       1
       2
       1
       1
       0
       1
       2
       1
       0
       0
       1
       0
       1
       1
       1
       0
       1
       0
       2
       2
       1
       3
       1
       2
       3
       4
       1
       0
       3
       0
       0
       2
       1
       1
       1
       1
       6
       1
       1
       2
       2
       3
       0
       4
       3
       0
       4
       0
       1
       0
       0
       1
       2
       2
       1
       1
       0
       4
       2
       1
       2
       1
       0
       2
       0
       1
       1
       0
       3
       0
       1
       0
       3
       2
       2
       1
       0
       0
       1
       0
       1
       2
       1
       2
       2
       3
       1
       0
       1
       0
       1
       1
       2
       0
       1
       2
       0
       1
       2
       2
       1
       0
       1
       1
       2
       0
       0
       1
       4
       0
       3
       2
       1
       2
       0
       3
       0
       2
       1
       1
       1
       1
       2
       1
       4
       2
       1
       1
       1
       1
       0
       1
       0
       1
       0
       1
       2
       4
       1
       1
       2
       1
       1
       2
       2
       1
       3
       2
       0
       4
       3
       0
       1
       2
       0
       2
       0
       5
       1
       2
       0
       0
       0
       3
       1
       0
       1
       1
       1
       1
       0
       0
       0
       2
       3
       1
       1
       0
       0
       1
       0
       1
       0
       1
       0
       1
       1
       2
       2
       0
       2
       1
       1
       0
       3
       0
       0
       2
       1
       1
       1
       2
       1
       1
       3
       3
       1
       2
       4
       1
       2
       0
       0
       2
       1
       0
       1
       2
       1
       3
       1
       3
       0
       0
       1
       3
       1
       1
       1
       1
       0
       2
       2
       3
       2
       0
       0
       2
       1
       2
       0
       2
       0
       3
       2
       1
       2
       2
       1
       0
       2
       3
       2
       3
       5
       1
       1
       1
       0
       0
       3
       2
       1
       0
       0
       1
       1
       0
       3
       1
       4
       1
       3
       1
       0
       1
       2
       1
       0
       1
       0
       2
       1
       2
       1
       1
       1
       1
       3
       1
       2
       0
       2
       0
       1
       0
       2
       4
       3
       1
       3
       2
       2
       1
       1
       0
       1
       2
       0
       1
       0
       2
       1
       1
       1
       0
       1
       1
       2
       1
       2
       2
       0
       0
       2
       0
       2
       2
       1
       2
       0
       1
       1
       4
       4
       0
       0
       1
       0
       0
       2
       0
       1
       1
       0
       2
       3
       0
       2
       2
       1
       1
       2
       1
       4
       0
       2
       1
       2
       1
       2
       1
       0
       0
       2
       1
       1
       1
       1
       2
       0
       2
       1
       1
       1
       3
       2
       4
       3
       3
       0
       1
       1
       0
       4
       0
       0
       1
       2
       4
       2
       2
       1
       3
       1
       3
       0
       3
       2
       1
       0
       3
       3
       2
       2
       1
       1
       1
       1
       1
       0
       1
       2
       2
       1
       0
       0
       2
       1
       4
       1
       1
       2
       2
       3
       0
       1
       1
       2
       4
       1
       1
       3
       1
       0
       1
       3
       1
       1
       0
       1
       1
       0
       0
       1
       2
       0
       1
       0
       0
       2
       1
       2
       1
       0
       3
       2
       1
       2
       1
       1
       0
       3
       2
       1
       2
       0
       2
       1
       1
       1
       0
       2
       0
       3
       0
       0
       0
       2
       2
       2
       0
       3
       0
       0
       2
       2
       0
       4
       0
       2
       0
       1
       1
       6
       0
       1
       2
       1
       4
       3
       4
       0
       1
       2
       6
       1
       0
       2
       0
       0
       5
       1
       0
       1
       4
       1
       3
       3
       2
       2
       1
       2
       0
       2
       0
       2
       2
       3
       0
       2
       3
       1
       4
       2
       1
       4
       1
       1
       0
       2
       1
       0
       0
       2
       2
       4
       1
       4
       1
       2
       2
       1
       3
       3
       0
       1
       2
       2
       1
       1
       1
       2
       2
       1
       4
       1
       0
       3
       0
       0
       2
       2
       2
       0
       0
       2
       2
       1
       0
       2
       0
       2
       1
       1
       1
       0
       1
       2
       1
       1
       0
       2
       2
       0
       0
       1
       4
       1
       0
       1
       0
       1
       3
       3
       1
       0
       0
       2
       3
       0
       4
       1
       1
       1
       0
       4
       0
       0
       2
       2
       1
       2
       3
       3
       0
       3
       3
       0
       0
       2
       2
       0
       1
       1
       0
       1
       3
       0
       2
       2
       0
       0
       0
       1
       0
       3
       2
       1
       4
       2
       0
       1
       1
       0
       2
       2
       1
       1
       0
       0
       1
       1
       2
       1
       1
       3
       0
       1
       0
       0
       0
       2
       2
       0
       1
       1
       2
       1
       1
       2
       2
       2
       3
       2
       1
       2
       0
       1
       1
       1
       1
       1
       1
       1
       1
       1
       1
       2
       1
       2
       2
       0
       2
       1
       2
       1
       1
       1
       1
       1
       2
       1
       0
       1
       3
       4
       3
       0
       0
       0
       1
       2
       1
       1
       1
       0
       1
       1
       1
       2
       1
       0
       1
       1
       2
       0
       0
       0
       0
       2
       2
       0
       2
       2
       0
       2
       2
       3
       5
       0
       0
       1
       1
       2
       2
       0
       5
       2
       2
       1
       3
       1
       1
       3
       1
       1
       2
       4
       1
       2
       0
       1
       2
       2
       1
       2
       2
       2
       1
       3
       0
       0
       0
       5
       4
       2
       2
       0
       1
       0
       1
       1
       3
       2
       4
       0
       0
       1
       1
       0
       2
       2
       1
       2
       5
       0
       1
       1
       2
       2
       4
       3
       0
       1
       1
       1
       0
       1
       5
       3
       0
       0
       2
       1
       5
       1
       0
       1
       2
       1
       1
       0
       2
       3
       4
       1
       0
       1
       2
       1
       1
       0
       1
       4
       1
       0
       2
       2
       3
       2
       2
       0
       4
       3
       1
       1
       1
       5
       1
       2
       0
       1
       1
       2
       2
       0
       2
       0
       1
       1
       1
       1
       1
       2
       0
       0
       0
       0
       0
       3
       1
       4
       2
       1
       1
       2
       1
       4
       3
       2
       3
       0
       2
       1
       1
       0
       2
       0
       3
       1
       3
       3
       1
       2
       0
       1
       2
       1
       1
       2
       2
       2
       0
       1
       2
       0
       0
       3
       2
       1
       2
       0
       4
       1
       1
       2
       2
       3
       2
       1
       0
       0
       1
       1
       2
       0
       2
       2
       1
       2
       0
       1
       6
       2
       1
       1
       2
       0
       4
       0
       1
       3
       1
       1
       0
       4
       2
       1
       3
       2
       0
       0
       1
       1
       0
       0
       0
       2
       2
       2
       1
       2
       1
       2
       0
       1
       1
       0
       2
       3
       0
       3
       0
       0
       2
       0
       0
       0
       0
       1
       1
       1
       1
       0
       1
       1
       3
       0
       0
       2
       0
       1
       2
       1
       2
       1
       2
       0
       1
       2
       1
       1
       3
       1
       2
       0
       1
       2
       1
       2
       2
       0
       0
       0
       1
       1
       0
       1
       1
       2
       0
       1
       0
       2
       1
       0
       0
       1
       1
       1
       0
       0
       1
       2
       0
       1
       0
       0
       3
       1
       0
       1
       2
       1
       2
       0
       2
       0
       1
       0
       1
       0
       0
       1
       1
       0
       0
       2
       2
       2
       3
       0
       3
       1
       0
       1
       1
       2
       2
       3
       2
       0
       3
       1
       1
       0
       1
       4
       1
       0
       3
       1
       3
       3
       2
       1
       2
       1
       1
       1
       1
       1
       1
       1
       2
       0
       0
       1
       2
       2
       1
       0
       1
       2
       0
       1
       1
       7
       1
       4
       1
       0
       2
       0
       4
       1
       0
       1
       1
       4
       4
       2
       0
       1
       1
       0
       1
       5
       1
       1
       2
       0
       1
       1
       1
       2
       1
       0
       0
       1
       2
       2
       1
       1
       1
       0
       3
       3
       4
       2
       0
       1
       1
       0
       2
       0
       1
       2
       2
       2
       0
       1
       3
       3
       2
       3
       0
       1
       1
       0
       0
       1
       3
       0
       2
       2
       3
       3
       0
       0
       1
       0
       1
       2
       1
       0
       3
       1
       3
       2
       1
       1
       1
       0
       1
       1
       2
       0
       0
       1
       0
       1
       3
       1
       1
       2
       1
       4
       1
       1
       4
       1
       0
       1
       0
       1
       0
       1
       0
       0
       2
       2
       0
       3
       3
       1
       1
       0
       1
       1
       1
       1
       3
       1
       0
       2
       2
       4
       1
       0
       3
       2
       2
       2
       3
       0
       1
       1
       0
       1
       2
       2
       0
       2
       1
       2
       3
       2
       4
       1
       0
       0
       2
       4
       2
       0
       2
       1
       2
       1
       0
       1
       1
       3
       2
       2
       1
       0
       0
       2
       2
       1
       1
       1
       2
       1
       1
       2
       0
       2
       1
       2
       1
       1
       1
       2
       0
       1
       1
       1
       2
       2
       1
       1
       0
       1
       1
       2
       1
       3
       2
       4
       0
       1
       2
       5
       1
       0
       2
       3
       4
       1
       0
       0
       2
       1
       1
       0
       3
       0
       1
       0
       1
       2
       1
       0
       1
       1
       2
       0
       1
       0
       0
       2
       1
       0
       3
       1
       2
       0
       0
       4
       0
       1
       0
       2
       0
       1
       2
       1
       0
       4
       5
       0
       4
       2
       1
       0
       0
       1
       2
       1
       1
       2
       1
       0
       2
       1
       3
       1
       1
       3
       0
       4
       2
       0
       2
       0
       1
       0
       1
       0
       2
       0
       3
       0
       0
       1
       1
       2
       2
       2
       2
       0
       0
       2
       2
       2
       1
       2
       0
       1
       4
       1
       0
       2
       0
       1
       0
       2
       1
       1
       0
       0
       0
       1
       0
       2
       1
       1
       1
       1
       0
       2
       1
       1
       4
       1
       0
       1
       0
       1
       0
       0
       0
       1
       0
       0
       2
       2
       2
       0
       0
       1
       1
       1
       1
       1
       3
       1
       1
       1
       1
       0
       2
       0
       1
       1
       1
       0
       1
       2
       3
       0
       1
       1
       1
       2
       0
       4
       2
       2
       1
       0
       0
       4
       3
       1
       0
       4
       1
       1
       0
       0
       2
       2
       2
       5
       1
       0
       3
       2
       0
       2
       2
       1
       1
       0
       2
       3
       1
       1
       0
       1
       2
       3
       1
       0
       1
       1
       2
       0
       1
       1
       1
       0
       3
       0
       0
       0
       4
       1
       0
       2
       1
       1
       1
       0
       1
       1
       1
       1
       1
       2
       3
       1
       1
       0
       2
       1
       1
       0
       1
       3
       0
       2
       3
       1
       0
       3
       0
       2
       3
       1
       2
       2
       0
       3
       0
       0
       2
       3
       1
       2
       0
       1
       2
       0
       1
       3
       0
       0
       1
       0
       0
       2
       1
       0
       0
       0
       0
       1
       4
       0
       0
       5
       1
       2
       1
       0
       1
       2
       2
       4
       2
       0
       2
       0
       0
       3
       4
       2
       0
       1
       0
       1
       1
       1
       2
       1
       0
       2
       2
       3
       0
       1
       0
       1
       2
       1
       0
       4
       1
       2
       1
       2
       0
       1
       0
       1
       3
       0
       3
       0
       3
       1
       5
       1
       4
       2
       0
       1
       3
       2
       1
       0
       1
       0
       2
       2
       0
       2
       1
       2
       1
       1
       0
       2
       1
       0
       1
       1
       1
       3
       1
       0
       1
       2
       0
       3
       2
       0
       2
       0
       2
       1
       4
       1
       0
       0
       1
       3
       1
       2
       1
       1
       2
       1
       4
       2
       3
       1
       1
       2
       0
       2
       3
       0
       5
       0
       2
       2
       1
       3
       1
       1
       1
       2
       2
       0
       0
       0
       2
       1
       2
       2
       0
       0
       1
       1
       3
       1
       2
       4
       0
       3
       0
       2
       1
       1
       1
       2
       2
       1
       1
       0
       1
       4
       0
       3
       1
       2
       3
       2
       2
       2
       1
       3
       1
       1
       1
       0
       3
       5
       4
       4
       1
       1
       0
       0
       1
       4
       0
       0
       2
       3
       1
       2
       0
       0
       1
       1
       0
       1
       0
       0
       1
       2
       1
       1
       0
       0
       3
       2
       1
       3
       1
       2
       0
       0
       3
       0
       0
       0
       0
       1
       1
       2
       0
       0
       1
       2
       1
       0
       2
       2
       1
       1
       2
       2
       1
       4
       0
       3
       0
       1
       2
       0
       2
       1
       2
       1
       0
       3
       1
       1
       0
       2
       1
       2
       1
       1
       2
       1
       1
       2
       2
       1
       1
       2
       2
       2
       0
       2
       2
       3
       3
       4
       3
       2
       2
       3
       2
       1
       1
       2
       0
       1
       1
       0
       5
       1
       0
       0
       0
       0
       2
       1
       0
       1
       0
       1
       1
       2
       1
       1
       0
       3
       1
       2
       3
       2
       0
       1
       0
       2
       3
       2
       1
       0
       3
       2
       0
       0
       2
       1
       1
       2
       1
       0
       0
       2
       1
       3
       0
       2
       1
       2
       0
       1
       0
       1
       1
       1
       0
       1
       1
       1
       3
       4
       1
       1
       3
       1
       3
       2
       0
       2
       1
       1
       1
       2
       4
       1
       4
       1
       2
       1
       0
       3
       2
       0
       1
       2
       1
       0
       2
       0
       1
       1
       1
       1
       1
       2
       1
       0
       0
       2
       0
       0
       1
       0
       1
       2
       2
       0
       0
       2
       0
       1
       1
       1
       0
       0
       1
       1
       1
       1
       1
       3
       1
       1
       2
       1
       3
       1
       2
       2
       0
       0
       0
       1
       0
       1
       1
       2
       4
       2
       2
       0
       1
       1
       1
       0
       1
       2
       0
       3
       0
       3
       0
       0
       3
       0
       0
       1
       1
       1
       0
       0
       0
       1
       1
       2
       0
       1
       0
       1
       0
       1
       0
       2
       0
       0
       1
       1
       1
       0
       2
       1
       2
       1
       0
       0
       3
       1
       2
       1
       1
       2
       3
       0
       1
       0
       0
       1
       2
       0
       0
       4
       0
       2
       0
       3
       2
       1
       1
       0
       3
       4
       0
       2
       0
       3
       1
       1
       0
       0
       0
       2
       1
       1
       1
       0
       0
       1
       1
       2
       4
       1
       1
       2
       2
       2
       2
       1
       0
       1
       4
       0
       0
       2
       0
       0
       0
       2
       1
       2
       1
       2
       2
       1
       2
       4
       0
       0
       1
       0
       0
       0
       1
       2
       0
       2
       3
       1
       1
       1
       2
       0
       1
       2
       0
       0
       2
       2
       7
       1
       0
       1
       1
       1
       2
       3
       0
       0
       2
       2
       0
       2
       0
       3
       1
       1
       0
       1
       0
       0
       0
       2
       2
       3
       1
       3
       1
       3
       0
       1
       2
       0
       1
       0
       3
       0
       2
       1
       1
       2
       1
       2
       1
       1
       1
       1
       0
       0
       1
       1
       1
       1
       0
       2
       1
       1
       1
       1
       1
       0
       0
       3
       1
       1
       1
       0
       1
       3
       0
       3
       2
       0
       1
       3
       0
       1
       0
       1
       3
       0
       2
       2
       1
       2
       3
       2
       0
       0
       1
       1
       1
       1
       0
       2
       2
       0
       0
       1
       1
       1
       2
       2
       2
       3
       1
       0
       1
       2
       2
       2
       2
       1
       1
       0
       2
       1
       1
       2
       0
       1
       0
       1
       0
       2
       0
       1
       0
       0
       0
       2
       4
       3
       1
       3
       1
       3
       3
       1
       1
       0
       0
       1
       0
       0
       2
       0
       2
       1
       3
       2
       2
       0
       2
       0
       1
       2
       1
       0
       3
       0
       4
       4
       2
       1
       2
       1
       0
       2
       3
       1
       0
       0
       2
       0
       1
       2
       3
       1
       1
       0
       1
       1
       2
       2
       2
       1
       2
       1
       1
       4
       2
       1
       1
       3
       0
       0
       3
       1
       1
       0
       2
       1
       2
       0
       1
       1
       3
       1
       1
       2
       1
       1
       2
       1
       0
       2
       1
       0
       3
       1
       3
       0
       2
       0
       3
       1
       0
       0
       1
       0
       2
       0
       0
       2
       2
       2
       1
       1
       1
       0
       1
       0
       3
       3
       3
       1
       0
       3
       3
       1
       2
       1
       0
       2
       0
       3
       0
       2
       0
       3
       0
       1
       0
       3
       4
       0
       2
       0
       1
       1
       4
       2
       1
       2
       3
       1
       2
       0
       1
       0
       0
       2
       0
       5
       0
       1
       1
       1
       0
       0
       0
       2
       2
       1
       5
       1
       2
       0
       2
       3
       0
       0
       1
       1
       3
       2
       2
       0
       2
       0
       1
       0
       1
       1
       0
       1
       2
       2
       0
       0
       0
       0
       1
       3
       1
       1
       1
       3
       0
       1
       0
       1
       1
       1
       0
       2
       2
       2
       0
       0
       0
       0
       1
       0
       0
       1
       3
       1
       1
       1
       0
       0
       0
       1
       2
       0
       2
       1
       0
       0
       0
       1
       0
       1
       0
       2
       2
       1
       0
       0
       0
       1
       0
       4
       1
       1
       2
       2
       0
       4
       2
       0
       0
       2
       0
       0
       3
       2
       1
       1
       2
       1
       0
       0
       0
       1
       4
       0
       0
       0
       3
       2
       1
       1
       2
       0
       2
       3
       0
       1
       0
       1
       2
       1
       0
       1
       2
       4
       2
       6
       2
       4
       3
       2
       1
       3
       1
       0
       0
       1
       0
       1
       3
       0
       2
       1
       1
       1
       4
       2
       1
       1
       2
       2
       1
       3
       0
       1
       3
       1
       0
       2
       0
       1
       1
       0
       2
       0
       0
       0
       3
       2
       4
       0
       1
       1
       1
       0
       0
       3
       2
       0
       3
       0
       1
       0
       0
       1
       1
       0
       0
       1
       0
       1
       2
       3
       0
       3
       0
       0
       0
       2
       1
       1
       1
       0
       2
       1
       0
       1
       1
       3
       2
       1
       1
       3
       2
       1
       0
       3
       0
       1
       1
       0
       2
       1
       1
       3
       3
       2
       2
       1
       2
       1
       0
       1
       0
       2
       1
       3
       4
       1
       2
       0
       1
       1
       0
       2
       2
       0
       3
       0
       2
       2
       1
       1
       1
       2
       0
       0
       1
       0
       0
       2
       0
       2
       2
       2
       1
       3
       1
       1
       2
       0
       1
       0
       1
       1
       0
       1
       1
       2
       0
       1
       0
       2
       2
       1
       0
       0
       2
       2
       1
       1
       0
       0
       2
       1
       3
       3
       1
       1
       4
       1
       3
       1
       2
       0
       2
       1
       3
       2
       1
       2
       1
       2
       0
       0
       1
       1
       0
       1
       2
       1
       1
       0
       1
       3
       1
       1
       0
       1
       2
       2
       1
       1
       3
       1
       1
       1
       1
       2
       2
       0
       0
       2
       2
       2
       2
       0
       0
       2
       1
       2
       0
       0
       0
       4
       2
       1
       1
       2
       3
       0
       1
       1
       1
       1
       2
       1
       1
       2
       1
       3
       1
       0
       1
       1
       2
       2
       1
       2
       2
       2
       0
       2
       1
       1
       1
       2
       2
       0
       0
       3
       2
       0
       1
       3
       3
       0
       2
       2
       0
       3
       1
       2
       2
       0
       1
       0
       1
       3
       3
       0
       3
       1
       1
       2
       2
       3
       2
       1
       1
       2
       3
       0
       1
       1
       1
       0
       1
       0
       2
       0
       0
       2
       1
       3
       2
       2
       1
       2
       1
       2
       3
       0
       0
       0
       7
       0
       0
       0
       0
       1
       0
       1
       0
       1
       0
       3
       2
       4
       1
       0
       0
       2
       2
       0
       1
       1
       2
       4
       0
       3
       0
       0
       0
       1
       1
       2
       0
       1
       0
       2
       3
       1
       0
       1
       2
       1
       1
       2
       1
       2
       0
       1
       0
       1
       0
       3
       1
       0
       0
       3
       0
       1
       1
       0
       0
       1
       1
       1
       1
       1
       0
       3
       0
       2
       1
       1
       1
       2
       0
       0
       1
       2
       2
       1
       0
       0
       2
       0
       1
       0
       2
       0
       4
       0
       0
       5
       0
       0
       0
       0
       0
       0
       4
       1
       0
       0
       3
       2
       1
       4
       2
       1
       0
       1
       2
       4
       1
       0
       2
       2
       1
       0
       1
       0
       0
       5
       0
       2
       0
       2
       2
       2
       0
       0
       0
       3
       2
       1
       2
       0
       1
       2
       2
       2
       1
       1
       2
       0
       1
       0
       0
       5
       1
       0
       0
       1
       1
       0
       1
       0
       3
       2
       1
       0
       2
       0
       1
       1
       3
       3
       2
       1
       0
       1
       0
       0
       3
       1
       0
       0
       1
       3
       2
       3
       0
       0
       1
       2
       1
       1
       2
       1
       1
       2
       1
       0
       2
       3
       1
       0
       0
       2
       1
       0
       1
       0
       1
       0
       0
       1
       1
       3
       0
       3
       3
       0
       0
       1
       0
       2
       0
       0
       1
       0
       0
       2
       1
       2
       2
       2
       2
       0
       0
       4
       1
       0
       1
       0
       2
       0
       1
       0
       0
       0
       1
       0
       1
       0
       2
       1
       2
       0
       0
       1
       3
       0
       2
       2
       4
       3
       1
       2
       0
       1
       0
       1
       1
       2
       2
       1
       1
       0
       0
       1
       1
       2
       1
       0
       0
       0
       2
       3
       2
       2
       2
       1
       0
       0
       0
       0
       3
       0
       2
       2
       1
       1
       0
       4
       0
       0
       1
       0
       0
       0
       1
       2
       2
       3
       0
       2
       1
       3
       2
       1
       0
       2
       2
       1
       2
       0
       2
       1
       0
       0
       2
       1
       2
       0
       0
       4
       3
       1
       1
       0
       1
       4
       0
       1
       0
       0
       2
       0
       1
       1
       0
       0
       2
       2
       1
       2
       1
       2
       3
       3
       0
       1
       2
       1
       1
       1
       1
       1
       2
       3
       0
       1
       0
       2
       1
       0
       3
       4
       2
       2
       2
       3
       1
       0
       1
       1
       0
       1
       1
       1
       3
       3
       2
       0
       1
       2
       1
       2
       1
       2
       0
       0
       0
       0
       0
       0
       0
       0
       0
       0
       0
       0
       0
       0
       0
       0
       0
       0
       0
       0
       0
       0
       0
       0
       0
       0
       0
       0
       0
       0
       0
       0
       0
       0
       0
       0
       0
       0
       0
       0
       0
       0
       0
       0
       0
       0
       0
       0
       0
       0
       0
       0
       0
       0
       0
       0
       0
       0
       0
       0
       0
       0
       0
       0
       0
       0
       0
       0
       0
       0
       0
       0
       0
       0
       0
       0
       0
       0
       0
       0
       0
       0
       0
       0
       0
       0
       0
       0
       0
       0
       0
       0
       0
       0
       0
       0
       0
       0
       0
       0
       0
       0
       0
       0
       0
       0
       0
       0
       0
       0
       0
       0
       0
       0
       0
       0
       0
       0
       0
       0
       0
       0
       0
       0
       0
       0
       0
       0
       0
       0
       0
       0
       0
       0
       0
       0
       0
       0
       0
       0
       0
       0
       0
       0
       0
       0
       0
       0
       0
       0
       0
       0
       0
       0
       0
       0
       0
       0
       0
       0
       0
       0
       0
       0
       0
       0
       0
       0
       0
       0
       0
       0
       0
       0
       0
       0
       0
       0
       0
       0
       0
       0
       0
       0
       0
       0
       0
       0
       0
       0
       0
       0
       0
       0
       0
       0
       0
       0
       0
       0
       0
       0
       0
       0
       0
       0
       0
       0
       0
       0
       0
       0
       0
       0
       0
       0
       0
       0
       0
       0
       0
       0
       0
       0
       0
       0
       0
       0
       0
       0
       0
       0
       0
       0
       0
       0
       0
       0
       0
       0
       0
       0
       0
       0
       0
       0
       0
       0
       0
       0
       0
       0
       0
       0
       0
       0
$ROI:
0
$PRESETS:
None
0
0
$ENER_FIT:
0.000000 0.533053
$MCA_CAL:
3
0.000000E+000 5.330531E-001 0.000000E+000 keV
$SHAPE_CAL:
3
0.000000E+000 0.000000E+000 0.000000E+000
