$SPEC_ID:
No sample description was entered.
$SPEC_REM:
DET# 1
DETDESC# DLAB-PHY-L3-48 Model 928 SN 14118571
AP# Maestro Version 7.01
$DATE_MEA:
03/13/2026 16:53:57
$MEAS_TIM:
231052 235140
$DATA:
0 16383
       0
       0
       0
       0
       0
       0
       0
       0
       0
       0
       0
       0
       0
       0
       0
       0
     797
     730
     655
     569
     444
     410
     307
     269
     178
     153
     117
      74
      51
      48
      35
      21
      19
       8
      13
       4
       5
       2
       3
       3
       0
       2
       0
       0
       0
       0
       0
       2
       0
       0
       1
       0
       0
       0
       1
       2
       0
       1
       0
       0
       0
       1
       0
       3
      29
     121
     775
    4808
   17135
   80621
  582283
 1551769
 1018841
  405930
  297329
  261905
  247736
  242876
  242844
  245349
  250789
  257635
  265590
  273406
  282040
  290300
  298932
  306357
  314660
  323031
  330938
  338982
  346126
  353437
  361229
  368547
  375579
  382969
  391004
  398428
  405101
  413128
  419946
  427808
  436555
  444379
  452081
  460724
  468613
  477447
  486274
  495738
  503716
  512814
  522927
  531944
  542902
  550136
  562222
  571603
  583000
  592568
  603761
  613836
  622526
  634870
  645555
  656619
  666909
  678723
  689320
  700772
  710481
  720111
  733699
  742427
  753355
  762853
  774884
  784705
  796553
  809154
  819893
  829937
  840581
  851469
  861906
  874000
  884176
  895786
  906140
  917530
  929605
  939128
  951319
  960272
  971444
  981163
  987582
  999329
 1006172
 1012555
 1019348
 1025524
 1032752
 1036911
 1041015
 1043897
 1044769
 1047389
 1045638
 1045806
 1042341
 1039348
 1034281
 1031459
 1025925
 1016861
 1010538
 1003391
  992296
  985206
  970581
  961810
  951109
  938758
  924579
  911818
  897889
  883480
  870430
  855444
  838781
  823228
  808950
  792900
  777894
  761993
  746001
  731548
  716262
  701785
  686305
  672508
  656833
  643775
  629873
  614922
  602420
  590343
  577856
  566280
  554939
  544415
  532995
  521246
  510711
  502389
  493510
  485545
  476026
  467347
  459762
  454589
  446601
  440209
  433058
  428608
  422330
  417013
  413100
  408068
  403522
  399058
  395844
  392072
  389361
  386237
  380908
  378873
  375814
  373595
  370789
  368216
  366670
  364586
  361674
  360962
  359054
  356201
  354874
  352956
  350925
  348780
  348699
  346919
  345921
  344221
  341497
  341889
  339503
  338879
  338490
  336644
  334523
  333390
  332621
  331955
  331028
  331630
  329190
  327308
  327448
  326266
  325611
  325283
  323977
  322548
  322623
  321184
  320812
  320850
  319968
  319015
  317330
  318065
  317543
  317211
  315876
  315190
  315813
  315133
  312863
  314589
  312987
  313629
  311657
  312113
  311599
  312205
  310767
  311695
  310177
  309160
  309772
  310480
  309398
  309389
  308636
  307603
  308532
  308291
  307804
  308371
  307353
  307127
  306703
  306878
  306998
  306774
  305979
  305994
  305613
  306430
  305591
  305732
  305363
  305930
  305987
  305248
  304527
  303377
  304842
  303862
  303866
  303513
  304302
  303112
  304044
  303663
  303568
  302674
  303457
  302942
  302513
  302525
  302187
  301979
  303028
  301442
  301478
  301842
  301291
  300093
  300906
  300158
  300957
  301051
  299917
  300252
  299828
  298901
  299180
  298026
  298207
  298695
  298816
  297934
  297687
  298440
  296987
  297629
  296140
  295721
  296183
  296166
  295665
  295889
  294366
  293241
  292817
  293617
  293864
  292043
  291859
  291639
  293308
  291567
  290936
  289683
  289709
  290683
  289436
  288955
  289466
  289542
  287118
  287652
  286841
  286567
  285804
  284931
  284874
  285068
  282960
  283375
  282418
  282984
  281792
  280292
  280565
  280410
  278770
  279464
  279489
  278205
  277020
  276410
  276983
  275499
  274883
  274644
  274105
  273673
  273261
  271852
  271964
  271342
  270800
  270341
  269682
  268703
  269168
  268071
  265862
  266419
  266619
  265636
  264631
  264648
  262621
  262752
  262331
  261900
  260562
  260519
  259219
  259390
  259679
  257948
  257544
  255974
  256006
  255063
  254124
  253612
  253236
  252290
  252598
  251751
  251344
  249545
  249306
  247349
  248438
  246625
  246837
  245023
  244338
  243777
  243909
  243737
  243099
  241624
  241328
  240469
  239331
  239425
  238157
  237776
  237346
  236007
  235671
  234108
  234837
  232876
  233117
  232474
  231286
  231012
  229826
  229325
  228748
  228568
  226864
  226634
  225672
  225946
  225064
  224520
  222136
  221771
  221981
  221715
  220853
  219339
  218520
  218843
  216988
  216577
  216410
  215824
  215222
  213757
  213835
  212906
  211894
  211063
  211075
  210987
  210194
  209252
  208114
  207962
  206683
  206855
  205675
  205073
  204213
  203403
  203274
  202162
  201090
  201451
  200918
  200018
  199087
  198621
  198510
  197747
  196332
  196367
  195510
  195042
  194825
  192939
  192331
  191570
  191415
  190223
  190340
  189598
  188731
  188469
  187433
  186843
  187146
  186021
  185124
  185079
  184621
  183997
  182155
  181519
  181193
  180989
  180508
  180003
  179799
  178464
  178605
  177206
  176329
  175368
  175260
  175156
  174116
  173575
  173304
  172723
  171953
  171892
  170631
  170331
  170087
  168898
  168035
  167814
  167177
  167218
  166468
  165634
  164611
  165057
  164279
  162926
  162980
  162001
  161538
  161243
  160963
  160459
  159707
  158434
  157708
  158883
  157219
  156677
  155816
  155816
  154862
  153882
  154499
  153963
  153196
  152672
  152041
  151811
  151207
  149725
  149831
  149183
  148843
  147487
  147292
  146871
  146637
  146841
  145829
  144786
  144239
  143682
  143279
  142904
  142687
  142297
  141464
  140701
  141244
  140250
  139536
  139275
  138384
  137513
  137114
  137028
  136428
  135688
  134822
  134592
  134069
  133629
  133052
  132694
  132175
  132153
  132213
  131496
  131134
  130097
  129448
  128925
  129141
  128062
  127502
  127249
  126386
  126070
  125920
  125214
  125535
  124106
  124369
  123414
  122846
  123468
  122435
  121987
  122615
  121432
  120852
  120005
  120167
  119856
  119217
  119011
  118287
  118323
  117827
  117047
  116408
  116254
  116056
  115077
  115003
  114948
  114060
  114029
  113330
  112921
  113135
  112844
  111968
  111127
  111178
  111079
  110220
  108981
  109150
  109118
  108770
  108376
  108253
  107921
  106921
  106921
  106324
  105455
  105882
  106405
  105691
  104778
  104498
  104143
  103948
  103049
  102494
  102233
  102620
  101219
  100816
  100494
  100547
  100292
   99750
   99358
   98401
   98635
   98889
   97909
   97994
   97326
   96236
   96242
   96071
   95834
   95129
   94850
   94760
   94205
   93745
   93483
   93253
   93197
   92861
   92439
   91184
   91646
   91016
   89850
   90625
   90066
   89567
   89426
   88812
   88971
   88618
   87151
   87888
   87439
   86549
   86426
   85493
   85695
   85141
   85188
   84816
   84363
   83706
   83519
   83783
   82984
   82404
   82068
   81855
   81811
   81307
   81476
   80721
   80549
   80404
   79857
   79707
   79533
   78995
   78970
   78385
   77812
   77710
   77932
   76624
   76813
   76636
   76495
   76343
   75504
   75316
   75142
   74664
   74382
   74487
   74037
   73512
   73395
   73687
   72942
   72831
   72317
   72030
   72128
   71623
   71092
   71208
   70554
   70694
   70773
   69764
   69201
   68983
   69354
   69300
   68903
   68448
   68230
   68323
   67931
   67736
   67310
   66922
   67300
   66462
   66085
   65856
   65866
   65767
   65786
   65403
   64546
   65075
   64615
   63841
   64106
   63579
   63646
   63119
   62871
   63050
   62675
   62798
   62310
   62249
   62020
   61685
   61339
   61359
   60662
   60735
   60680
   60451
   60497
   59979
   59351
   59781
   59085
   59126
   58827
   58836
   58542
   58554
   58223
   57723
   57770
   57352
   57196
   57044
   56907
   56481
   56806
   56279
   56037
   56140
   55700
   55213
   55102
   54743
   54861
   55162
   55179
   54755
   54116
   54195
   53799
   53909
   53318
   53153
   53087
   52718
   52747
   52566
   52555
   52623
   52236
   52151
   51672
   51493
   51543
   51129
   50867
   50879
   50937
   50558
   50207
   50467
   50027
   49852
   49932
   49422
   49570
   49377
   49188
   48915
   48582
   48738
   48753
   48186
   48363
   47963
   47972
   47553
   47763
   47259
   47505
   47300
   46774
   46755
   46813
   46743
   46734
   46056
   46228
   46101
   45747
   45942
   45792
   45037
   45323
   45180
   44702
   45096
   44590
   44701
   44196
   44611
   44692
   44025
   44063
   43893
   44003
   43711
   43411
   43018
   43307
   42969
   42911
   42869
   42557
   42798
   42315
   42436
   42098
   42314
   41653
   41534
   41747
   41752
   41369
   41989
   41045
   40912
   41074
   41217
   40601
   40380
   40536
   40558
   40209
   39946
   39855
   40079
   39825
   39535
   39240
   39336
   39015
   39383
   39171
   39313
   39044
   38999
   38198
   38264
   38254
   37975
   38019
   38022
   38033
   37798
   37539
   37494
   37527
   37302
   37330
   36997
   36781
   36910
   36957
   36799
   36927
   36882
   36579
   36005
   35828
   35990
   35697
   35967
   35750
   35983
   35598
   35398
   35329
   35057
   35283
   34986
   34991
   34586
   34721
   34343
   34332
   34313
   34116
   33849
   33656
   33834
   33596
   33862
   33367
   33708
   33067
   33068
   33167
   32708
   32751
   32627
   32617
   32318
   32155
   32291
   32382
   31808
   31752
   31776
   31645
   31662
   31305
   31210
   31192
   31200
   30813
   30861
   30528
   30636
   30517
   30647
   30306
   30449
   30251
   30148
   29834
   29577
   30095
   29487
   29182
   29308
   29463
   29269
   29273
   29046
   28827
   28810
   28977
   28405
   28229
   28324
   28321
   28281
   28139
   27891
   28048
   27777
   27891
   27799
   27261
   27489
   27236
   27372
   27032
   26949
   27000
   26939
   26792
   26526
   26964
   26618
   26388
   26569
   26317
   26112
   26103
   26133
   25947
   26008
   25877
   25652
   25622
   25593
   25757
   25393
   25358
   25440
   25361
   25092
   25073
   24856
   24977
   24673
   24726
   24379
   24332
   24349
   24483
   24483
   24177
   24656
   24445
   24227
   23992
   24049
   24070
   23513
   23756
   23416
   23705
   23616
   23380
   23375
   23332
   23355
   23367
   23173
   23091
   22784
   23016
   22900
   22658
   22779
   23032
   22598
   22276
   22319
   22463
   22188
   22331
   22112
   22008
   22013
   21865
   22067
   21628
   21837
   21787
   21577
   21679
   21605
   21363
   21402
   21393
   21171
   21078
   21167
   21070
   20936
   21181
   20885
   20776
   20861
   20980
   20530
   20774
   20783
   20630
   20366
   20607
   20420
   19930
   20193
   20004
   20282
   19918
   20014
   20131
   19784
   19792
   19850
   19830
   19582
   19450
   19504
   19334
   19169
   19552
   19213
   19317
   19131
   19066
   19035
   18976
   18885
   18825
   19063
   18896
   18715
   18658
   18564
   18543
   18473
   18637
   18333
   18410
   18373
   18207
   18152
   18065
   17906
   18162
   17940
   17735
   17830
   18089
   17479
   17634
   17564
   17577
   17592
   17554
   17413
   17309
   17355
   17309
   17294
   17027
   17117
   16663
   16845
   16901
   16723
   16824
   16711
   16680
   16756
   16505
   16605
   16482
   16392
   16507
   16369
   15928
   16345
   16363
   16234
   15875
   16024
   15983
   16125
   16038
   16015
   15737
   15868
   16011
   15667
   15658
   15660
   15394
   15763
   15654
   15442
   15337
   15351
   15487
   15230
   15222
   14998
   15088
   14987
   15089
   14921
   14946
   14692
   15092
   14944
   14794
   14786
   14559
   14592
   14616
   14538
   14572
   14418
   14439
   14539
   14648
   14484
   14277
   14041
   14220
   14122
   14169
   14224
   14021
   14163
   14037
   14386
   13936
   13678
   13633
   13800
   13536
   13757
   13609
   13728
   13610
   13654
   13346
   13399
   13334
   13241
   13311
   13352
   13463
   13161
   13053
   13178
   13275
   13087
   13017
   13105
   12989
   13107
   12806
   12719
   12948
   12946
   12820
   12893
   12747
   12713
   12655
   12690
   12578
   12558
   12469
   12561
   12485
   12525
   12397
   12316
   12198
   12295
   12119
   12285
   12266
   12121
   12006
   11947
   12034
   11908
   11980
   11982
   11956
   11698
   11693
   11747
   12025
   11859
   11891
   11775
   11805
   11686
   11662
   11518
   11559
   11601
   11424
   11486
   11469
   11492
   11352
   11390
   11320
   11136
   11173
   11353
   11015
   11382
   11370
   11122
   11032
   11090
   11059
   10975
   10971
   10858
   11001
   10780
   10706
   10824
   10814
   10551
   10600
   10704
   10791
   10638
   10626
   10424
   10619
   10409
   10369
   10404
   10446
   10544
   10452
   10449
   10391
   10273
   10087
   10127
   10090
   10083
   10258
   10238
   10231
    9960
   10082
    9990
    9894
    9854
    9990
    9973
    9669
    9702
    9881
    9723
    9766
    9648
    9786
    9787
    9721
    9776
    9493
    9551
    9633
    9446
    9689
    9487
    9444
    9361
    9394
    9511
    9311
    9379
    9210
    9451
    9386
    9370
    9096
    9206
    9184
    9289
    9064
    8951
    9136
    9239
    9034
    9092
    8940
    8879
    8905
    8932
    8843
    8963
    9032
    8800
    8962
    8857
    8830
    8950
    8656
    8574
    8739
    8672
    8639
    8748
    8689
    8618
    8539
    8463
    8788
    8344
    8631
    8363
    8386
    8429
    8373
    8380
    8368
    8464
    8242
    8362
    8217
    8346
    8176
    8245
    8158
    8217
    8068
    8193
    8142
    7874
    8102
    8141
    7805
    7982
    8132
    7851
    8111
    7924
    7832
    7796
    7952
    7820
    7753
    7732
    7948
    7743
    7673
    7560
    7780
    7620
    7708
    7645
    7661
    7744
    7651
    7646
    7412
    7641
    7419
    7429
    7425
    7353
    7611
    7353
    7360
    7435
    7351
    7470
    7323
    7258
    7264
    7428
    7258
    7308
    7221
    7205
    7065
    7217
    7138
    7110
    6969
    7138
    7039
    7058
    7036
    7086
    6912
    7116
    7047
    6809
    6777
    6927
    6776
    6784
    6990
    6795
    6870
    6793
    6755
    6679
    6803
    6729
    6872
    6709
    6775
    6672
    6504
    6622
    6546
    6628
    6520
    6821
    6462
    6557
    6654
    6415
    6470
    6388
    6433
    6374
    6367
    6424
    6244
    6437
    6325
    6217
    6538
    6368
    6365
    6422
    6282
    6082
    6346
    6107
    6216
    6230
    6026
    6165
    6069
    5980
    6118
    5915
    6096
    6144
    5963
    6047
    5973
    6072
    5808
    5848
    5963
    5916
    5948
    5956
    6048
    5959
    5940
    5952
    5905
    5794
    5836
    5701
    5768
    5829
    5805
    5706
    5808
    5712
    5577
    5761
    5763
    5644
    5612
    5642
    5757
    5728
    5701
    5576
    5444
    5456
    5565
    5455
    5488
    5413
    5572
    5444
    5436
    5489
    5420
    5409
    5416
    5304
    5413
    5545
    5339
    5441
    5450
    5255
    5310
    5320
    5331
    5309
    5320
    5236
    5198
    5236
    5367
    5137
    5183
    5275
    5078
    5064
    5181
    5116
    5199
    5225
    5150
    5050
    5089
    5164
    5029
    5058
    5211
    5142
    5017
    5032
    5113
    4966
    5030
    4996
    4993
    5075
    5008
    4880
    5009
    4906
    4920
    4906
    4870
    4769
    4830
    4872
    4821
    4908
    4758
    4814
    4703
    4830
    4730
    4744
    4743
    4738
    4878
    4830
    4685
    4665
    4582
    4734
    4582
    4666
    4688
    4728
    4548
    4584
    4593
    4606
    4583
    4567
    4543
    4560
    4528
    4600
    4565
    4445
    4505
    4496
    4331
    4421
    4412
    4572
    4294
    4433
    4483
    4400
    4393
    4466
    4377
    4309
    4296
    4358
    4370
    4369
    4185
    4334
    4185
    4282
    4252
    4292
    4249
    4407
    4251
    4202
    4308
    4231
    4211
    4309
    4359
    4246
    4172
    4154
    4135
    4070
    4181
    4135
    4080
    4052
    3985
    4037
    4207
    3953
    4091
    4057
    4090
    4016
    4009
    4013
    4062
    4025
    3999
    4014
    3978
    4004
    3955
    3906
    3979
    3963
    3870
    3898
    3830
    3839
    3893
    3700
    3826
    3933
    3845
    3845
    3773
    3812
    3811
    3836
    3736
    3808
    3971
    3761
    3750
    3816
    3652
    3742
    3642
    3644
    3816
    3620
    3647
    3662
    3678
    3625
    3641
    3565
    3613
    3629
    3617
    3646
    3576
    3561
    3640
    3558
    3559
    3453
    3589
    3540
    3574
    3504
    3574
    3494
    3423
    3393
    3470
    3406
    3544
    3510
    3358
    3480
    3378
    3420
    3313
    3427
    3386
    3300
    3376
    3399
    3334
    3389
    3300
    3321
    3287
    3344
    3222
    3332
    3305
    3231
    3194
    3191
    3208
    3141
    3188
    3257
    3194
    3147
    3223
    3201
    3244
    3119
    3239
    3114
    3125
    3189
    3111
    3066
    3194
    3057
    3046
    3239
    3109
    3056
    3099
    3067
    3061
    3039
    3105
    3097
    3117
    3003
    3032
    2968
    3021
    2961
    3057
    2984
    3105
    2999
    2989
    2999
    2898
    2977
    2930
    2918
    2929
    2936
    2953
    2941
    2847
    2893
    2891
    2924
    2854
    2825
    2834
    2891
    2883
    2808
    2814
    2812
    2815
    2878
    2733
    2815
    2671
    2741
    2762
    2799
    2747
    2742
    2743
    2677
    2784
    2746
    2780
    2723
    2828
    2672
    2663
    2611
    2659
    2781
    2636
    2536
    2646
    2652
    2598
    2683
    2619
    2633
    2621
    2600
    2666
    2600
    2628
    2629
    2665
    2504
    2471
    2659
    2478
    2527
    2583
    2585
    2580
    2610
    2577
    2533
    2557
    2570
    2555
    2570
    2550
    2522
    2415
    2523
    2514
    2507
    2433
    2461
    2446
    2448
    2448
    2369
    2436
    2492
    2426
    2448
    2424
    2387
    2401
    2317
    2387
    2461
    2355
    2370
    2356
    2343
    2399
    2369
    2444
    2381
    2444
    2281
    2365
    2355
    2234
    2274
    2325
    2331
    2330
    2280
    2210
    2287
    2361
    2328
    2283
    2309
    2270
    2240
    2311
    2252
    2172
    2203
    2318
    2236
    2234
    2183
    2164
    2245
    2307
    2051
    2223
    2232
    2198
    2249
    2065
    2224
    2107
    2163
    2125
    2200
    2167
    2141
    2131
    2188
    2145
    2173
    2166
    2122
    2114
    2077
    2063
    2135
    2059
    2148
    2159
    1953
    2090
    2035
    2065
    2047
    1995
    2121
    2056
    2066
    2037
    2075
    2050
    2020
    2051
    2015
    2069
    2049
    2018
    2035
    2103
    1974
    1993
    2020
    2073
    1916
    1992
    1903
    1932
    1956
    1968
    2034
    1926
    1955
    2001
    1969
    2035
    1930
    1923
    1932
    1953
    1876
    1921
    1950
    1899
    1959
    1908
    1933
    1917
    1906
    1967
    1889
    1880
    1902
    1875
    1824
    1865
    1875
    1848
    1819
    1854
    1839
    1824
    1864
    1842
    1854
    1832
    1826
    1803
    1826
    1824
    1807
    1771
    1827
    1802
    1791
    1788
    1756
    1822
    1822
    1682
    1775
    1749
    1823
    1779
    1777
    1842
    1799
    1708
    1776
    1797
    1784
    1708
    1718
    1730
    1742
    1730
    1703
    1697
    1697
    1698
    1754
    1754
    1671
    1641
    1671
    1708
    1692
    1689
    1620
    1638
    1663
    1685
    1658
    1657
    1604
    1669
    1667
    1650
    1576
    1567
    1627
    1615
    1639
    1619
    1606
    1695
    1598
    1539
    1638
    1577
    1552
    1607
    1595
    1574
    1574
    1453
    1568
    1619
    1543
    1574
    1523
    1534
    1541
    1529
    1522
    1479
    1566
    1485
    1510
    1431
    1551
    1423
    1456
    1543
    1463
    1537
    1342
    1532
    1558
    1422
    1429
    1503
    1478
    1469
    1495
    1499
    1406
    1520
    1536
    1450
    1335
    1395
    1450
    1441
    1432
    1418
    1431
    1421
    1404
    1427
    1412
    1451
    1385
    1404
    1416
    1385
    1423
    1410
    1355
    1374
    1356
    1365
    1366
    1374
    1313
    1372
    1351
    1362
    1356
    1415
    1329
    1318
    1355
    1263
    1317
    1374
    1275
    1288
    1313
    1272
    1360
    1287
    1256
    1292
    1268
    1267
    1283
    1365
    1267
    1323
    1244
    1315
    1271
    1270
    1199
    1283
    1280
    1231
    1208
    1224
    1203
    1247
    1147
    1203
    1189
    1190
    1228
    1204
    1263
    1240
    1190
    1189
    1215
    1143
    1181
    1142
    1139
    1242
    1258
    1189
    1133
    1219
    1190
    1175
    1181
    1152
    1219
    1130
    1132
    1104
    1247
    1142
    1211
    1185
    1152
    1098
    1164
    1155
    1166
    1119
    1100
    1139
    1119
    1136
    1124
    1095
    1125
    1140
    1080
    1103
    1109
    1136
    1095
    1079
    1090
    1053
    1078
    1028
    1128
    1051
    1052
    1045
    1099
    1095
    1045
    1056
    1074
    1051
    1000
    1087
    1070
    1017
    1059
     974
    1091
    1051
    1002
    1024
    1024
    1030
    1047
    1019
    1024
     990
    1047
     979
    1048
     972
     998
    1024
     971
    1016
     998
     980
    1044
     934
     953
     954
    1009
     989
     994
     965
     950
     939
     994
     971
     983
     951
     928
     952
     953
     931
     940
     944
     982
     985
     865
     942
     922
     933
     974
     906
     884
     968
     922
     989
     916
     897
     925
     955
     898
     905
     908
     887
     893
     830
     871
     855
     915
     866
     904
     864
     869
     865
     900
     896
     866
     855
     881
     886
     928
     870
     885
     872
     848
     874
     869
     848
     858
     859
     808
     816
     855
     859
     855
     905
     818
     852
     835
     792
     815
     837
     899
     824
     834
     811
     841
     839
     792
     850
     866
     889
     833
     800
     809
     851
     783
     801
     834
     796
     815
     838
     751
     843
     804
     799
     786
     762
     853
     790
     771
     775
     801
     767
     798
     822
     800
     792
     761
     858
     731
     793
     792
     794
     783
     822
     790
     809
     802
     832
     759
     821
     765
     733
     784
     758
     796
     770
     789
     777
     785
     763
     721
     813
     769
     797
     807
     780
     714
     701
     695
     719
     739
     732
     716
     773
     753
     734
     741
     705
     727
     755
     686
     771
     766
     728
     777
     734
     771
     745
     758
     708
     748
     794
     755
     756
     745
     746
     752
     748
     763
     740
     755
     759
     748
     741
     736
     747
     702
     799
     721
     740
     706
     786
     715
     746
     712
     691
     749
     753
     752
     755
     793
     728
     784
     712
     767
     740
     730
     734
     716
     740
     735
     759
     755
     719
     764
     729
     732
     760
     703
     754
     731
     734
     729
     751
     753
     722
     752
     740
     761
     720
     742
     720
     768
     746
     785
     731
     796
     750
     769
     737
     760
     758
     720
     715
     741
     710
     753
     738
     704
     744
     760
     721
     729
     717
     806
     741
     760
     755
     749
     756
     748
     759
     758
     839
     763
     807
     777
     751
     760
     750
     746
     805
     763
     766
     769
     760
     707
     789
     871
     766
     735
     749
     828
     766
     750
     815
     820
     789
     814
     814
     795
     782
     765
     801
     781
     770
     749
     768
     817
     790
     773
     796
     765
     775
     776
     768
     805
     728
     780
     807
     733
     777
     812
     788
     770
     824
     745
     757
     827
     790
     801
     770
     819
     819
     740
     786
     865
     872
     833
     797
     800
     829
     771
     745
     880
     757
     810
     817
     756
     819
     817
     816
     792
     785
     773
     819
     817
     774
     822
     762
     814
     781
     805
     836
     807
     778
     802
     818
     746
     839
     809
     810
     785
     806
     768
     787
     797
     784
     760
     798
     797
     815
     801
     778
     794
     764
     774
     786
     772
     765
     766
     808
     739
     762
     817
     834
     774
     729
     803
     767
     764
     786
     777
     767
     768
     804
     731
     724
     788
     793
     756
     719
     772
     754
     749
     797
     785
     756
     767
     766
     783
     697
     800
     698
     721
     737
     706
     692
     769
     733
     698
     683
     746
     744
     715
     690
     723
     749
     750
     730
     684
     677
     745
     664
     676
     696
     670
     723
     655
     671
     683
     606
     710
     637
     686
     647
     660
     644
     657
     604
     690
     658
     683
     654
     674
     713
     669
     639
     617
     603
     640
     661
     617
     595
     614
     622
     642
     624
     587
     601
     599
     592
     584
     549
     566
     604
     557
     611
     610
     590
     565
     542
     532
     560
     591
     565
     554
     531
     570
     530
     539
     544
     554
     567
     536
     492
     555
     510
     490
     502
     526
     505
     512
     507
     498
     490
     487
     480
     453
     471
     451
     500
     447
     478
     424
     459
     433
     452
     434
     424
     415
     432
     467
     425
     445
     467
     423
     429
     440
     440
     409
     426
     421
     419
     424
     410
     400
     432
     397
     406
     386
     363
     370
     327
     378
     380
     373
     359
     362
     369
     357
     374
     356
     328
     346
     372
     343
     347
     321
     356
     349
     300
     352
     326
     329
     308
     288
     317
     325
     348
     314
     324
     287
     313
     296
     272
     302
     310
     274
     272
     306
     315
     298
     319
     273
     322
     300
     304
     281
     274
     307
     295
     285
     280
     265
     259
     277
     268
     262
     272
     285
     271
     280
     279
     272
     249
     252
     269
     263
     268
     253
     243
     257
     257
     233
     247
     247
     269
     253
     231
     241
     221
     236
     278
     214
     235
     235
     217
     234
     237
     211
     253
     240
     257
     223
     211
     224
     237
     221
     248
     225
     217
     228
     223
     225
     237
     222
     232
     208
     237
     212
     227
     215
     202
     219
     221
     214
     211
     213
     214
     217
     223
     229
     208
     243
     217
     220
     212
     214
     216
     193
     215
     215
     234
     229
     210
     217
     198
     217
     228
     187
     201
     169
     197
     185
     173
     199
     206
     210
     210
     204
     206
     212
     190
     187
     181
     198
     188
     193
     204
     178
     202
     213
     199
     179
     190
     204
     184
     196
     192
     204
     185
     168
     191
     202
     191
     185
     180
     164
     193
     196
     168
     198
     189
     190
     168
     194
     186
     176
     200
     174
     163
     196
     178
     184
     188
     180
     195
     185
     180
     175
     194
     195
     176
     171
     167
     186
     184
     169
     157
     190
     171
     176
     200
     191
     196
     145
     180
     174
     160
     160
     167
     197
     168
     183
     160
     171
     169
     170
     170
     179
     172
     201
     184
     177
     186
     191
     169
     172
     170
     180
     184
     175
     175
     165
     179
     170
     169
     165
     146
     144
     194
     193
     154
     174
     179
     183
     172
     175
     178
     182
     176
     162
     183
     157
     174
     177
     151
     163
     172
     177
     163
     171
     155
     170
     167
     174
     160
     149
     151
     158
     177
     154
     177
     186
     152
     166
     158
     165
     146
     158
     149
     177
     174
     175
     139
     162
     170
     148
     170
     128
     171
     167
     157
     146
     142
     181
     151
     181
     148
     158
     163
     142
     154
     146
     159
     151
     157
     148
     137
     157
     166
     168
     166
     133
     165
     164
     151
     152
     160
     162
     130
     181
     159
     167
     178
     149
     165
     133
     140
     152
     158
     161
     144
     145
     163
     166
     154
     144
     159
     167
     149
     132
     173
     152
     158
     152
     141
     136
     174
     158
     133
     145
     153
     132
     147
     149
     146
     132
     138
     170
     161
     121
     132
     151
     157
     150
     148
     159
     146
     143
     156
     156
     131
     149
     149
     124
     161
     132
     157
     147
     139
     134
     162
     133
     139
     140
     165
     127
     143
     134
     139
     150
     130
     147
     169
     139
     152
     120
     143
     126
     160
     148
     150
     156
     133
     129
     144
     148
     125
     171
     155
     150
     115
     128
     146
     129
     141
     133
     151
     147
     125
     133
     154
     150
     144
     145
     162
     126
     127
     129
     142
     151
     139
     151
     149
     151
     130
     129
     143
     126
     135
     122
     140
     153
     132
     124
     135
     135
     153
     130
     136
     132
     113
     145
     122
     142
     130
     153
     137
     125
     131
     130
     119
     116
     141
     128
     127
     110
     117
     127
     115
     135
     145
     123
     141
     116
     132
     117
     112
     128
     121
     111
     120
     135
      98
     118
     121
     125
     129
     120
     121
     131
     135
     113
     118
     128
     110
     128
     107
     122
     123
     117
     121
     114
     120
     117
     118
     133
     142
     130
      96
     121
     123
     115
     114
     120
     127
     117
     121
     128
     106
     121
     107
     115
      95
     123
     140
     111
     109
     109
     116
     122
     124
     106
     101
     123
     108
     107
     114
     133
     106
     116
     117
      92
      91
      96
     105
     116
     101
     110
     118
     101
     107
     118
      88
     103
     111
     115
     126
     121
      87
     100
      97
     107
     119
     106
      96
      93
      89
      92
     106
      95
      87
     102
      97
      92
     124
     113
      90
     105
     103
     100
      82
      99
      97
      84
      93
      94
      98
      75
     110
      79
      99
      95
      89
      95
      90
     101
      94
      92
     107
     101
     102
      86
      83
      90
      98
      92
      92
      80
      89
     102
     110
      85
     115
      97
     101
      77
      98
      84
     119
      85
      92
      89
      83
      87
      93
      96
      84
     107
      96
      86
      95
      86
      95
      89
     102
      90
      99
     103
      79
      82
      74
      97
      72
      84
      92
     105
      85
      97
      90
      90
      90
     103
      84
      82
      86
      96
      66
      86
      82
      79
      64
      92
      85
      83
      91
      77
      77
      89
      91
      83
      80
      90
      79
      68
     105
      92
      70
      69
      87
      82
      62
      74
      84
      69
      73
      93
      75
      69
      70
      81
      83
      90
      65
      83
      90
      75
      83
      89
      71
      92
      76
      87
      74
      80
      56
      76
      64
      72
      70
      64
      81
      98
     101
      70
      67
      81
      74
      83
      76
      71
      68
      72
      86
      66
      71
      62
      61
      73
      86
      77
      61
      84
      77
      76
      58
      75
      90
      85
      73
      68
      85
      75
      74
      88
      67
      74
      77
      55
      81
      74
      66
      67
      66
      78
      80
      71
      64
      82
      74
      81
      70
      72
      70
      75
      66
      67
      77
      59
      79
      80
      64
      64
      65
      65
      57
      73
      67
      63
      74
      83
      74
      63
      61
      67
      73
      70
      79
      68
      79
      62
      68
      72
      75
      71
      72
      61
      74
      75
      58
      68
      66
      61
      74
      68
      67
      74
      81
      55
      69
      73
      74
      58
      72
      75
      66
      68
      75
      83
      67
      80
      62
      65
      87
      55
      78
      67
      79
      57
      72
      82
      84
      73
      63
      69
      64
      84
      68
      79
      78
      64
      62
      62
      82
      69
      71
      75
      86
      67
      69
      57
      80
      66
      59
      81
      71
      66
      71
      81
      68
      65
      69
      75
      63
      60
      82
      74
      48
      73
      69
      69
      78
      63
      85
      71
      88
      73
      58
      89
      60
      78
      51
      64
      79
      71
      57
      82
      60
      69
      63
      65
      66
      71
      63
      88
      77
      68
      62
      83
      56
      73
      75
      66
      93
      73
      80
      77
      62
      82
      64
      64
      88
      77
      74
      58
      66
      67
      88
      55
      65
      87
      58
      79
      71
      62
      73
      82
      66
      79
      85
      70
      63
      65
      77
      86
      60
      75
      65
      64
      77
      81
      65
      72
      71
      78
      69
      81
      77
      76
      75
      68
      72
      66
      62
      72
      69
      50
      69
      57
      82
      61
      70
      73
      63
      63
      70
      74
      67
      68
      68
      80
      76
      83
      76
      66
      78
      78
      84
      65
      80
      65
      75
      88
      71
      77
      60
      73
      75
      84
      55
      79
      69
      90
      75
      80
      85
      68
      83
      74
      63
      67
      62
      82
      81
      89
      75
      76
      76
      64
      79
      75
      65
      76
      66
      70
      77
      79
      67
      82
      71
      79
      75
      78
      84
      63
      59
      80
      69
      79
      78
      84
      74
      77
      63
      75
      75
      53
      94
      72
      91
      85
      59
      78
      76
      66
      78
      71
      73
      81
      71
      62
      91
      68
      60
      71
      77
      81
      83
      81
      69
      66
      86
      73
      85
      70
      73
      88
      72
      76
      66
      90
      57
      85
      70
      80
      86
      67
      82
      81
      64
      74
      66
      80
      67
      66
      82
      76
      70
      73
      65
      83
      84
      76
      71
      75
      67
      70
      72
      79
      82
      66
      67
      80
      86
      86
      64
      66
      83
      62
      67
      74
      80
      68
      79
      77
      79
      76
      71
      82
      81
      81
      81
      80
      79
      72
      68
      70
      86
      68
      71
      79
      79
      73
      73
      72
      64
      86
      69
      71
      67
      86
      72
      75
      64
      72
      83
      81
      82
      86
      68
      87
      66
      80
      64
      77
      76
      72
      82
      67
      75
      66
      76
      67
      70
      70
      66
      70
      84
      63
      85
      69
      60
      63
      66
      78
      81
      84
      74
      84
      70
      51
      69
      73
      69
      67
      90
      73
      74
      74
      76
      64
      72
      76
      54
      61
      73
      77
      80
      80
      76
      67
      72
      68
      68
      62
      56
      67
      68
      57
      77
      69
      70
      86
      66
      83
      82
      61
      75
      78
      77
      69
      77
      75
      67
      59
      66
      62
      72
      60
      70
      73
      62
      63
      68
      64
      72
      76
      62
      62
      49
      57
      67
      62
      65
      66
      69
      74
      77
      69
      64
      54
      62
      63
      63
      68
      50
      78
      56
      55
      66
      62
      51
      61
      74
      62
      75
      65
      60
      58
      61
      74
      57
      48
      69
      56
      65
      62
      63
      62
      62
      56
      58
      71
      58
      63
      63
      58
      56
      76
      74
      53
      51
      70
      67
      60
      69
      64
      67
      65
      55
      64
      55
      69
      63
      45
      50
      73
      80
      54
      45
      72
      57
      65
      75
      63
      54
      65
      65
      55
      54
      56
      68
      61
      46
      54
      73
      57
      60
      58
      52
      61
      57
      50
      52
      53
      65
      57
      60
      55
      58
      55
      53
      64
      48
      66
      63
      54
      47
      68
      54
      51
      66
      50
      76
      59
      32
      62
      54
      50
      44
      52
      46
      57
      50
      47
      56
      58
      42
      67
      50
      56
      61
      73
      62
      46
      38
      48
      51
      47
      57
      73
      49
      46
      56
      68
      48
      55
      58
      39
      61
      53
      49
      66
      52
      49
      45
      62
      64
      45
      38
      63
      45
      60
      51
      55
      59
      43
      48
      39
      37
      51
      50
      48
      57
      49
      63
      52
      66
      46
      50
      57
      53
      70
      51
      55
      62
      61
      43
      45
      45
      41
      40
      49
      54
      56
      44
      52
      51
      39
      59
      60
      63
      52
      36
      57
      52
      68
      49
      51
      55
      50
      54
      47
      42
      44
      55
      58
      50
      49
      47
      39
      49
      48
      44
      44
      40
      39
      61
      62
      49
      43
      46
      48
      43
      46
      43
      50
      44
      42
      36
      45
      38
      61
      59
      42
      34
      48
      52
      52
      48
      51
      49
      39
      39
      41
      41
      47
      42
      38
      46
      51
      37
      38
      37
      46
      50
      48
      47
      26
      39
      43
      39
      49
      38
      30
      40
      52
      45
      32
      50
      37
      56
      46
      46
      47
      31
      45
      34
      38
      48
      39
      42
      40
      46
      43
      48
      41
      38
      60
      37
      53
      37
      67
      45
      53
      41
      40
      47
      38
      46
      45
      49
      44
      33
      38
      40
      38
      52
      37
      37
      42
      42
      51
      39
      48
      40
      35
      36
      36
      41
      38
      42
      34
      32
      26
      45
      35
      36
      41
      43
      39
      44
      42
      46
      44
      39
      36
      33
      38
      32
      37
      43
      31
      43
      53
      34
      40
      42
      36
      50
      44
      35
      30
      39
      41
      54
      42
      42
      35
      39
      48
      36
      49
      36
      35
      36
      35
      35
      36
      32
      37
      31
      36
      33
      30
      49
      36
      37
      38
      36
      53
      45
      39
      35
      40
      41
      39
      31
      44
      28
      40
      34
      30
      45
      34
      39
      49
      31
      42
      29
      36
      43
      40
      30
      52
      36
      31
      40
      32
      44
      48
      29
      48
      44
      36
      31
      34
      40
      42
      30
      35
      31
      49
      38
      39
      49
      35
      27
      47
      40
      33
      35
      35
      36
      38
      38
      41
      42
      44
      45
      39
      37
      42
      39
      59
      41
      31
      41
      33
      26
      32
      34
      42
      40
      31
      44
      31
      30
      32
      34
      31
      37
      28
      41
      37
      32
      38
      38
      51
      33
      31
      35
      38
      36
      40
      36
      39
      42
      27
      36
      43
      31
      35
      46
      32
      36
      35
      33
      36
      34
      36
      48
      40
      48
      42
      51
      43
      30
      38
      36
      37
      45
      29
      39
      32
      58
      47
      38
      44
      35
      30
      42
      38
      32
      38
      43
      35
      35
      56
      31
      26
      37
      55
      33
      43
      45
      31
      41
      34
      36
      50
      28
      41
      49
      41
      37
      45
      29
      39
      37
      31
      49
      46
      42
      39
      46
      44
      37
      37
      48
      36
      38
      47
      33
      36
      42
      52
      44
      35
      44
      32
      38
      35
      46
      42
      53
      33
      48
      41
      40
      48
      40
      43
      48
      39
      41
      41
      44
      32
      47
      53
      43
      52
      33
      64
      44
      33
      36
      41
      45
      38
      50
      49
      43
      40
      41
      51
      42
      39
      45
      50
      31
      54
      47
      41
      34
      50
      38
      32
      48
      30
      40
      53
      47
      43
      44
      39
      38
      44
      43
      52
      51
      50
      57
      41
      47
      40
      50
      32
      43
      39
      48
      46
      37
      41
      37
      47
      41
      58
      52
      44
      44
      58
      35
      49
      35
      49
      54
      46
      49
      49
      46
      51
      65
      50
      55
      48
      37
      35
      66
      50
      38
      41
      41
      43
      55
      48
      49
      53
      53
      62
      47
      43
      45
      46
      41
      52
      31
      51
      45
      51
      49
      40
      42
      63
      50
      41
      33
      40
      46
      47
      40
      45
      46
      47
      63
      49
      46
      49
      49
      47
      43
      52
      67
      53
      49
      52
      51
      39
      61
      40
      54
      42
      45
      52
      51
      57
      53
      39
      41
      47
      54
      41
      54
      41
      50
      49
      52
      61
      42
      62
      53
      51
      47
      41
      37
      55
      55
      48
      47
      60
      44
      47
      64
      43
      62
      64
      38
      48
      48
      36
      50
      45
      57
      47
      43
      46
      41
      40
      53
      46
      52
      47
      56
      55
      56
      46
      51
      63
      57
      30
      51
      36
      41
      52
      55
      57
      49
      53
      48
      55
      56
      47
      45
      48
      53
      56
      38
      55
      44
      45
      53
      40
      56
      39
      42
      47
      46
      55
      42
      43
      50
      69
      40
      42
      36
      49
      48
      40
      53
      52
      47
      39
      43
      53
      39
      45
      58
      48
      53
      62
      43
      35
      57
      42
      43
      44
      43
      55
      49
      47
      59
      39
      55
      45
      56
      50
      30
      35
      41
      38
      42
      48
      35
      53
      44
      52
      54
      53
      56
      35
      43
      32
      42
      45
      65
      46
      37
      45
      29
      53
      45
      48
      41
      44
      48
      39
      29
      45
      48
      52
      44
      41
      47
      44
      40
      43
      39
      41
      47
      39
      44
      34
      36
      39
      52
      41
      41
      37
      29
      39
      47
      35
      42
      37
      48
      36
      26
      40
      42
      38
      37
      25
      34
      37
      44
      48
      38
      34
      38
      39
      44
      31
      32
      36
      34
      29
      39
      36
      35
      29
      32
      27
      34
      32
      36
      36
      35
      31
      40
      30
      37
      33
      30
      36
      32
      30
      32
      28
      29
      34
      41
      25
      25
      14
      33
      20
      31
      22
      26
      35
      26
      24
      30
      33
      28
      21
      22
      25
      29
      46
      27
      26
      24
      30
      30
      27
      26
      39
      31
      24
      27
      28
      29
      30
      17
      30
      20
      34
      22
      29
      27
      27
      24
      27
      23
      27
      19
      19
      28
      30
      24
      26
      31
      23
      32
      22
      27
      21
      21
      20
      21
      20
      22
      13
      15
      19
      17
      18
      19
      24
      20
      27
      21
      16
      25
      17
      17
      19
      29
      19
      20
      20
      24
      18
      15
      22
      14
      28
      13
      21
      13
      19
      14
      17
      17
      15
      14
      20
      22
      20
      12
      15
      15
      21
      20
      12
      15
      14
      12
      28
      15
      12
      16
      13
      10
      14
      18
      18
      15
      17
      13
      19
      16
      16
      17
      13
      14
      18
      14
      15
      21
      11
      17
      13
      17
      12
      16
      13
      10
      11
      11
      11
      10
      16
       7
      10
      22
      10
      13
      12
       9
      16
       7
      15
      13
       9
      19
       9
       9
      13
      11
      14
      10
      19
       9
      10
       8
       9
      10
      12
      15
      12
      12
       9
       8
      12
      13
      13
      12
      11
       4
      23
      12
      12
      14
      12
       7
      14
      12
       5
       7
       8
       6
       9
      10
       6
       5
       9
       8
      13
       7
      13
      12
      10
      11
      12
      11
      12
       9
       7
       3
       7
       6
      14
       5
      10
      11
       7
       6
       7
      12
      10
       9
       8
       8
       4
       7
       8
      10
      12
      14
       5
       7
       3
       5
      10
       7
      11
       8
       8
      12
       9
      12
       9
       8
       8
       8
       8
       4
      12
      10
      10
       7
       7
      17
      11
       6
       4
       8
      11
      10
      11
      11
       8
       8
      18
      11
       8
       6
       9
       9
       4
       8
       7
       8
      10
       9
       6
       5
      11
       6
      12
       8
       8
      15
       8
      10
       5
       5
       5
       9
      10
       5
      14
       9
      11
       3
      11
      10
      14
      12
       9
      13
       5
       7
      11
      13
       8
      10
      15
       5
       6
       8
      11
       9
      11
      11
      16
       7
       6
      10
       8
       7
       7
      13
       6
      10
       8
      14
      15
      15
       8
      12
       7
       4
       7
       8
      11
       7
       6
      12
      10
       6
      10
       7
       6
       7
      10
       4
       5
      12
       9
      14
       8
       9
       7
       9
      13
       9
      11
       8
      13
       3
       8
       7
       7
      11
      12
       6
      13
       7
      10
       2
      13
       9
       8
       8
       9
       7
      11
       6
      12
       8
       5
       9
       6
      12
      11
      11
       8
      16
      12
      10
      11
       6
       4
       8
       4
       9
       8
      16
      12
       4
       7
       9
       6
       4
       9
       7
      12
      11
       6
      10
       9
       7
       2
      11
       7
       4
       5
      11
       4
       5
       9
      12
       6
       7
      10
       7
       7
      10
       8
      10
       6
       7
       6
      11
       7
       8
       8
       9
      11
      10
      10
      10
      11
      11
       2
       4
       7
      10
      15
      12
      11
       5
       9
       8
       8
       9
       9
      13
       9
      13
      10
       9
       9
      10
       9
       5
       7
      12
       4
       7
      11
      14
       6
       7
       5
       6
       8
      12
      13
      10
       7
       7
       6
       9
      11
       5
       9
       8
       6
      17
       4
       7
       8
       9
      11
       9
       6
       4
      11
      10
       3
       9
       7
       4
      13
       6
       8
       5
      15
       6
       8
       5
       6
      11
      11
       5
       6
      11
       5
      11
       7
       3
       9
      10
       7
      12
      14
      10
      11
       6
      12
      10
      13
       7
       8
       4
      12
       9
       6
      14
       9
      10
       9
      10
      11
      14
      11
      10
      12
       9
       5
      10
       9
      11
       4
       7
       5
      12
       6
       5
       7
       7
       6
       4
       7
       8
       9
      11
       7
      12
      10
       9
       6
       5
       7
       9
       5
      11
       9
       8
      12
       7
      12
       5
      10
      10
       7
       5
       5
      13
      11
       7
      10
      11
       7
      14
       6
       5
      14
       5
      12
       8
      10
       8
       5
      13
      10
       5
       8
      15
       7
       9
       5
       8
       9
       4
       6
       5
       6
       7
       6
      12
       6
       8
       5
       6
       3
       8
      11
       5
      11
      13
      10
       7
       8
       3
      10
       7
       7
      10
      11
       7
       8
       8
      13
       8
       4
       6
       6
       8
       4
       8
       7
       6
       8
       4
       7
       7
       6
       5
       8
      13
       7
       6
       8
       5
       7
      13
      10
       6
       4
       9
       5
       8
       4
      10
      16
       8
       4
       8
       8
       7
       6
      11
       7
       5
       9
       4
      14
      10
      11
       9
       5
       9
       7
       9
       7
       9
       4
       9
       8
       6
       7
      15
       2
       7
       9
       6
      11
       7
       6
      14
       6
       7
       7
      10
       8
       4
      11
       7
       6
       7
       8
      11
       6
       9
      11
       4
       2
      10
      10
       7
       5
       5
       6
       5
       4
       5
       5
      10
       9
       3
      11
       9
      12
       9
       6
       6
       5
      10
       6
       3
      11
       3
       6
       8
       6
       6
      14
       8
       6
       8
       6
      12
       9
       7
      14
      10
       3
       9
       5
       9
       6
       7
       7
       9
       3
       8
      11
       4
       8
       6
       3
       7
       3
       8
       7
       4
       5
       5
      11
       9
       8
       6
       9
       5
       4
       9
       6
       7
       7
       6
       5
       8
      11
      14
       6
       7
       9
       8
       2
       9
       4
       8
       6
       7
       7
       6
       7
       8
       6
      10
      10
       3
       6
       7
       5
       4
       6
       6
       8
       6
       6
       6
       7
       4
       7
       6
       3
       7
       9
       7
       9
      11
       5
      10
      11
       8
       6
       4
       3
       5
       8
      10
       8
       6
       8
       4
       8
       6
       4
      14
       7
       8
      12
       4
       5
       9
       7
       9
       9
       6
       4
       4
       7
       9
       7
       5
       3
       6
      14
       3
       9
       6
       8
      10
       8
      10
       9
       7
       8
       6
      10
       7
       2
       7
       9
      12
       5
       4
       7
       8
       9
       7
      10
       6
      11
      10
       3
      16
      12
       6
      11
       6
      10
       6
      10
       4
       9
       4
       4
       4
       6
      12
       1
       3
       6
       5
       4
       8
       8
      14
       9
       3
       5
       6
       9
       6
       9
       8
       7
       9
       6
       3
       9
       5
       1
      13
       4
       4
       2
       7
       7
      11
      10
       8
       8
       5
       8
       5
       7
       2
       9
       7
       7
      10
      11
       8
       5
      10
      14
       7
      13
       7
       9
       6
       6
      10
       5
       5
       8
       4
       8
      11
       7
       7
       8
       8
       8
      11
       4
      11
       6
       7
       4
       5
       6
       7
      10
       8
      11
       4
       8
      10
      14
       8
       4
       4
       6
       5
       5
       4
       5
       9
       7
       6
       5
       3
       7
       8
       8
      14
      10
       7
       9
      12
       9
       8
       6
       3
       2
       7
       8
       5
       7
       8
       7
      12
       7
       3
       6
       6
       4
       5
       5
       2
       8
      13
       5
       8
       7
       9
      11
      13
       6
      11
       4
       6
       8
       5
       3
       8
       4
       7
       7
       3
       5
      11
       6
       7
       8
       7
       2
       6
       8
      10
       7
       6
       7
       3
      11
       5
      10
       8
       6
      10
       7
       4
       8
       3
       4
       9
       4
       5
       4
       8
       5
       8
       8
       5
       7
       9
       5
       7
       7
       8
      10
       5
      12
       8
       6
       4
       8
      12
       5
      10
       6
       8
       9
      11
       9
       3
       7
       6
       6
       7
       6
       7
       7
       7
       3
       3
      10
       5
       4
       7
       6
      10
      10
       4
      10
       5
       6
       5
       5
       3
       6
       7
       5
       7
       2
       7
      11
       8
       9
       4
       8
       5
       3
       6
       9
       5
      10
       6
       8
       7
       9
       8
      13
       6
       5
       7
       8
       3
       6
       7
       5
       9
       9
       2
       5
       9
       9
       4
       8
       4
       4
       8
      11
       7
       4
       4
       7
       7
       6
       7
       7
       6
       5
       7
      10
       6
       5
       4
      12
      11
       6
       3
       9
       5
       4
       8
      11
       8
       3
       9
       7
       3
       6
       5
       5
       4
       7
       5
       8
       6
       6
       5
       7
       4
       5
       6
       9
      11
      11
       8
       9
       7
       5
       6
       5
       7
       9
       6
       8
       8
       6
       4
       4
      11
       7
       8
       7
       5
       7
       9
       6
       7
       7
       7
       5
       8
       4
       8
       2
      11
       5
       7
       8
      10
       7
       9
       8
       5
       7
       7
       4
       9
       2
       4
       4
       5
       5
       9
       8
       3
       6
       7
       3
       9
       8
       5
       7
       7
       7
       4
       4
       8
       6
       8
       4
       8
       4
      12
       9
       8
       4
       5
       8
       6
       8
       9
       5
       9
       4
      12
       6
       3
       2
       7
       5
       9
       6
       2
       9
       9
       8
       2
       8
       5
       4
      10
       9
      10
      13
       7
       4
       1
       5
       9
       8
       3
      12
       7
       5
       5
       3
       6
       5
       4
       2
       4
       9
       2
       6
       6
       7
       4
       6
       6
       6
       4
       8
       9
      12
       5
       4
      10
       5
      11
       7
       5
       6
       7
       9
       8
       5
       5
      10
       8
       6
       8
      10
       5
       3
       8
       7
       4
       9
       8
       6
       7
       9
       6
      12
      11
       6
       6
       7
       4
       5
       3
       3
       6
       3
       7
       4
       8
       5
       5
       6
       8
       8
       5
       3
       6
       1
       5
       6
      11
       7
       5
       4
       7
       3
       3
      10
      10
       6
       7
       7
       8
       4
       3
       6
       1
       7
       3
       6
      11
       5
       7
       4
       5
       3
      13
       6
      12
       3
       3
       5
       8
       7
       4
       3
       6
       2
       5
       4
       3
       9
      10
      10
       7
       6
       5
       8
       7
       4
       5
       2
       9
       4
      12
       7
       3
       8
       2
       9
       5
       3
       7
       6
      10
       9
       7
       6
       4
      11
       5
       6
       6
      11
       3
       2
       4
       7
       8
      10
       6
      11
       4
       5
       7
       7
       2
       6
       8
       4
       5
       7
       5
       6
      11
       6
       8
      10
       7
       6
       3
       4
       7
       3
       4
       5
       5
       1
       6
       9
       4
       6
       6
       7
      11
      11
       3
       7
       2
       6
       7
       4
       5
       4
       5
       6
      10
       6
       7
       3
       5
       8
       5
       4
       3
       9
       4
       1
       8
       4
       8
       9
       5
       4
       5
       7
       3
       5
       3
       3
       6
       5
       3
       4
       3
       9
       5
       4
       3
       8
       5
       7
      10
       5
       5
       6
       7
       5
       4
       4
       3
       4
       5
       3
       6
       6
       6
       6
       2
       5
       2
       5
       6
       5
       8
       2
       8
       5
       9
       4
       7
       4
       3
       4
       4
       5
       3
       6
       5
       6
       5
       7
       1
       8
       2
       8
       4
       9
       5
       2
       2
       9
       7
       3
       8
       6
       4
      14
      10
       3
       8
       7
       5
      11
       7
       3
      10
       5
       6
       2
       9
       5
       5
      10
      10
       7
       4
       9
       7
       4
       9
       4
       3
       4
       4
       6
       3
      11
       5
      10
       2
       7
       6
       4
       8
       7
       9
       3
       9
       8
       3
       6
       5
       8
       5
      10
       8
       9
       6
       2
       2
       5
       4
       8
       2
      10
       7
       6
       5
       6
       2
       3
       4
       5
       7
       4
       6
       7
       6
       4
       4
      13
       5
       8
       7
       5
      10
       8
       9
       4
       7
       5
      10
       5
       8
       4
       7
       7
       6
       6
       5
       2
       4
       5
      11
       5
       2
       6
       3
       9
       6
       5
       2
       7
      10
       4
       5
       5
       7
       7
       6
       5
       6
       6
       8
       5
      13
       5
       2
       6
       4
       6
       8
       6
       6
       1
       7
       5
       7
      11
       9
       3
       2
       9
       4
       5
      10
       9
       5
       6
       6
       5
       2
      11
       6
       8
       9
       8
       9
       1
       4
       4
       9
       5
       5
       8
       6
       5
       7
       8
       7
       5
       1
      10
       4
       4
       5
       2
       8
      14
       6
       7
       9
       7
       4
       3
       3
       5
       4
       7
       7
       7
      11
       9
       8
       8
       8
       6
       9
       7
       5
       9
       5
      10
       7
       5
       6
       5
       4
       2
       6
       4
       6
       4
       2
       6
       4
       6
       7
       4
       5
       7
       4
       6
       5
       5
       4
       8
       3
      11
       8
      10
       3
       9
       4
       4
       2
       7
       3
       7
       1
       8
       6
       9
       4
       3
       1
       6
       2
       8
       7
       7
       7
       4
       3
       5
       7
       5
       6
       3
       7
       6
       8
       5
       8
       2
       7
       2
       3
       7
       4
       5
       7
       6
       4
       3
       9
       4
       6
       4
       5
       6
       7
       4
       5
       2
      10
       6
       5
       4
       4
      11
       2
       7
       6
       7
       8
       7
       3
      10
       6
       8
       8
       4
       4
       4
       3
       8
       6
       5
       3
       4
       4
       9
       7
       2
       3
       8
       5
       3
      10
       5
       6
       2
       9
       4
       6
       3
       4
       6
       5
       8
       4
      12
       6
       7
       4
       7
       6
       5
       5
       6
       8
       3
       7
       5
      12
       5
       2
       4
       7
       9
       9
       3
       7
       7
       7
       2
       6
      10
       4
       4
       7
       6
       3
       3
       9
       3
       1
       6
       4
       6
       4
       7
       2
       9
       4
       6
       5
       8
       6
       6
       2
       6
       5
       7
       7
       9
       7
       3
       6
       5
       7
       6
       4
       5
       5
       4
       6
       8
       6
      10
       3
       7
       4
       9
       6
       5
       2
       4
       6
       3
       5
       6
       7
       2
       7
       6
       5
       5
      10
       7
       7
       1
       2
       3
       5
       4
       5
       7
       8
       8
       5
       7
       6
       6
       5
       7
       5
       6
       4
       8
       6
       5
       8
       6
       5
       5
       4
       6
       8
       5
       6
       5
       2
       3
       8
       7
       8
       6
       6
       3
       5
       6
       3
       6
       7
       6
       6
       8
       6
       6
       3
       5
       8
       4
       3
       7
       3
       7
       7
       2
       9
       3
       5
       8
       5
       3
       6
       5
       8
       1
       6
      10
       7
       4
       4
       6
       8
       6
       5
       8
       5
       3
       9
       1
       3
       9
       7
       6
       4
       4
       2
       8
       6
       2
       5
       6
       8
       4
       4
       4
       6
       8
      11
       6
       9
       3
       6
       5
       6
       6
       8
       3
       6
       6
      11
       5
       6
       5
       3
       5
       6
       3
       6
       4
       2
       6
       3
       9
       3
       5
       4
       6
       5
       9
       5
       5
       4
       2
       5
       5
       8
       8
       4
       6
       5
       3
       5
       7
       7
       4
       7
      10
       5
       7
       7
       8
       4
       7
       4
       7
       8
       4
       2
       6
       4
       4
       6
       7
       9
       3
       3
       9
       4
       5
       8
       4
       8
       4
       6
       5
       7
       5
       5
       5
       2
       7
       4
       7
       4
       4
       6
       4
       3
       1
       8
      10
       6
       5
       6
       7
       4
       5
       3
       2
       8
       6
       4
       5
       4
       6
       4
       7
       5
       9
       5
       6
       6
       6
       3
       7
       3
       2
       5
       8
       4
       7
       5
       7
       5
       6
       6
       3
       5
       3
       1
       9
       6
       9
       5
       6
       5
       5
       8
      11
       2
       6
       5
       3
       5
       7
       6
       7
       2
       4
       5
       3
      11
       3
       7
       5
       2
       5
       5
       9
      11
       5
       3
      10
       3
       6
       5
       6
       5
       9
       5
       4
       4
       8
       7
       5
       5
       7
       6
       4
       5
       9
       7
       3
       5
       3
       7
       7
       7
       6
       3
       8
       5
       6
       8
       6
       7
       5
       5
       4
       7
       2
       9
       4
       6
       2
       5
       4
       8
       6
       4
       4
       5
       7
       9
       4
       3
       2
       6
       5
       4
       7
       8
       3
       4
       4
       7
       6
       5
       5
       5
       6
       2
       5
       6
       4
       6
       4
       9
       3
       8
       8
       6
       5
       3
       4
       5
       6
       3
       4
       3
       5
       5
       6
       7
       5
       3
       6
       5
       7
       9
      11
       3
       3
       7
       3
       9
       7
       7
       3
       6
       9
       4
       2
       3
       6
       3
      10
       4
       3
       9
       4
       2
       6
       4
       5
       7
       1
       2
       7
       7
       4
      10
       5
       7
       7
       6
       7
       8
       6
       5
       6
       1
       5
       5
      11
       6
       6
       3
       4
       4
       5
       7
       6
       8
       6
       5
       6
       7
       7
       5
       7
       7
       7
      14
       8
       8
       3
       4
       4
       3
       5
       7
       6
       6
       4
       7
       3
       6
       3
       5
       6
       2
       6
       8
       7
       8
       5
       4
       5
       4
       3
       2
       5
       4
       4
       4
       7
       5
       6
       5
       5
       5
       2
       3
       4
       8
       2
       0
       8
      10
       5
       4
       5
       5
       4
       8
       5
       3
       8
       6
       5
       5
       4
       4
       3
      13
       5
       6
       7
       7
       7
       4
       5
       8
       5
       5
       6
       4
       6
       8
       6
       5
      10
       7
       8
       2
       4
       5
       0
       8
       4
      12
       7
       4
       4
       6
       7
       7
       5
       8
       5
       6
       6
       4
       3
       5
       7
       8
       6
       4
       7
       3
       3
       6
       9
       6
       6
       3
       7
       2
       1
       7
       9
      10
       6
       4
       6
       7
       7
       6
       5
       2
       8
       6
       4
       5
       5
       4
      11
       5
       8
       9
       4
       9
       7
       6
       4
       3
       2
       8
       5
       9
       2
      11
       8
       5
       5
       4
       6
       7
       3
       2
       2
       6
       1
       7
       6
       1
       8
       4
       6
       4
       4
       5
       4
      11
       3
       5
       4
       3
       3
       7
       5
       6
       2
       4
       2
       9
       4
       8
       8
       3
       7
      11
       4
       5
       2
       5
       9
       6
       6
       2
       4
       3
       5
       4
       6
       5
       5
       3
       6
       5
       9
       1
       2
       1
       2
       3
       3
       4
      10
       4
       7
       3
       7
       8
       5
       8
       4
       8
       4
       7
       5
       1
       8
       8
       3
       9
       5
       2
       4
       5
       3
       7
       4
       4
      10
       7
       3
       7
       5
       5
       7
       4
       3
       8
       8
       2
       4
      10
       4
       5
       8
       3
       5
       6
       5
       4
      10
       8
       9
       1
       7
       7
       6
       6
       6
       6
       8
       6
       7
       3
       4
       5
       7
       3
       4
       2
       2
       5
       4
       5
       3
       8
       7
       7
       4
       3
       3
       1
       4
       3
       8
       6
       4
       4
       4
      11
       5
       3
       5
       8
       6
       6
      10
       1
       2
       5
       2
       6
       7
       5
       6
       1
       6
       2
       8
       4
       6
       6
       7
       6
       7
       8
       4
       3
      10
       2
       7
       5
       9
       7
       5
       5
       7
       5
       5
       9
       4
       2
       5
       5
       4
       5
       4
       9
       4
       3
       5
       4
       3
       6
       5
       5
       4
       7
       8
       4
       5
       5
       4
       7
       5
       6
       6
       8
       5
       8
       5
       6
       4
       6
       7
       4
       4
       2
       4
       7
       4
       6
       3
       8
       6
       7
       3
       7
       8
       6
       4
       5
       5
       7
       6
       3
       4
       5
       6
       6
       5
       6
       3
       5
       6
       1
       9
       1
       3
       5
      10
       3
       3
       6
       3
       5
       7
       5
       3
       3
       7
       4
      10
       6
       6
       6
       2
       4
       2
       6
       3
       8
       3
       4
       4
       3
       6
       6
       5
       3
       5
       6
       4
       5
       3
       5
       3
       5
       4
       3
       2
       6
       5
       9
       5
       6
       4
       7
       5
       7
      11
       3
       6
       6
       6
       5
       7
       5
       3
       3
       3
       4
       6
       5
       6
       2
       4
       4
       3
       5
       7
       6
       9
       4
       7
       6
       6
       7
       6
       5
       5
       6
       8
       5
       7
       4
       7
       5
       6
       3
       3
       5
       6
       4
       7
       7
       4
       5
       9
       4
       9
       0
      10
       6
       5
      11
       5
       2
       3
       6
       3
       4
       3
       6
       1
       4
       3
       2
       7
       5
       4
       3
       7
       8
       3
       7
       8
       3
       3
       6
       6
       4
       4
       8
       5
       3
       6
       8
       4
       4
       6
       5
       1
       4
       8
       5
       8
       4
       6
       5
       7
       7
       5
       4
       4
       5
       3
       6
       8
       6
       5
       5
       5
       7
       7
       2
       4
       4
       7
       4
       3
       4
       4
       0
      11
       3
       6
       4
       5
       2
       4
       6
       5
       5
       6
       7
       4
       4
       8
       2
       6
       8
       3
       5
       3
       6
       4
       3
       4
       5
       3
       2
       3
       4
       5
       8
       1
       2
       5
       8
       6
       6
       4
       6
       4
      10
       2
       6
       1
       7
       8
       5
       6
       2
       6
       7
       5
       3
       4
       5
       4
       4
       4
       8
       4
       3
       7
       3
       6
       8
       5
       6
      11
       8
       5
       4
       4
       6
       5
       6
       6
       4
       3
       3
       5
       9
       9
       4
       3
       4
       3
       7
       9
       5
       7
       5
       7
       4
       5
       5
       4
       3
       4
       5
       5
       3
       6
       3
       2
       5
       3
       8
       4
       3
       5
       1
       1
       2
       4
       5
       3
       3
       5
       3
       2
       1
       6
       4
       4
      10
       5
       2
       4
       5
       8
       5
       4
      12
       4
       9
       5
       4
       7
       7
       4
       5
       3
       5
       6
       7
       6
       1
       5
       6
       4
       9
       8
       4
       4
       5
       5
       6
       5
       6
       4
       6
       7
       5
       3
       6
       5
       4
       8
       4
       4
       6
       4
       5
       5
       3
       5
       6
       4
       4
       4
       2
       4
       3
       5
       4
       7
       6
       4
       6
       2
       5
       4
       3
       7
       9
       8
       4
      10
       2
       6
       4
       5
       5
       6
       4
       2
       2
       5
       4
       4
       5
       8
       2
       6
       5
       6
       3
       9
       8
       3
       6
       2
       6
       6
       4
       3
      10
       3
       5
       5
       5
       7
       3
       4
       5
       5
       8
       4
       2
       6
       4
       3
       7
       6
       4
      12
       2
       7
       4
       7
       6
       7
       0
       5
       4
       5
       3
       6
       2
       5
       2
       3
       8
       3
       9
       6
       1
       4
       8
       4
       1
       6
       8
       8
       6
       5
       8
       3
       4
       4
       5
       5
       4
       3
       4
       3
       8
       5
       3
       4
       8
       7
       7
       6
       6
       4
       8
       4
       7
       5
       9
       8
       5
       4
       7
       5
       9
       5
       3
       2
       3
       5
       1
       6
       5
       9
       3
       2
       4
       7
       6
       7
       7
       3
       4
       3
       4
       1
       4
       9
      10
       7
       5
       3
       3
       4
       6
       5
       6
       3
       8
       3
       2
       7
       3
       6
       6
       7
       7
       4
       8
       4
       4
       4
       3
       2
       4
       6
       7
      10
       9
       2
       7
       8
       5
       7
       2
       7
       3
       4
      10
       4
       4
       7
       4
       5
       4
       1
       2
       3
      10
       6
       5
       3
       6
      13
       5
       5
       7
       6
       3
       4
       4
       3
       5
       3
       6
       9
       4
       6
       6
       8
       4
       8
       6
       7
       4
       7
       5
       4
       4
       3
       2
       8
       4
       6
       4
       7
       5
       3
       4
       6
       4
       8
       9
       8
       9
       7
       9
       5
       2
       3
       8
       7
       5
       3
       8
       7
       2
       5
       8
       3
       7
       5
       5
       6
       4
       5
       8
       3
       5
       6
       5
       4
       7
       4
       4
       2
       2
       5
       5
       9
       6
       4
       0
       5
       2
       3
       9
       4
       5
       5
       5
      11
       6
       2
       7
       8
       4
       3
       7
       3
       6
       2
       4
       5
       4
       5
       9
       3
       2
       2
       4
       5
       9
       5
       8
       5
       7
       6
       8
       1
       6
       6
       7
       5
       6
       4
       4
       5
       6
       7
      10
       3
       8
       6
       4
       4
       3
       7
       6
       6
      12
       2
       2
       4
       4
       7
       3
       6
       6
       4
       4
       8
       6
       6
       8
       7
       6
       4
       2
       4
       8
       8
       3
       4
       3
       4
       5
       3
       1
       5
      11
       6
       7
       6
       7
       7
       4
       4
       1
       8
       3
       4
       3
       7
       2
       8
       6
       4
       8
       3
       1
       6
       4
       6
       3
       5
       2
       6
       7
       2
       8
       5
       6
       2
       4
      11
       7
       4
       3
       9
       2
       5
       8
       4
       6
       4
       4
       5
       5
       4
       1
       2
       5
       8
       3
       2
       5
       6
       6
       6
       3
       4
       6
       7
       6
       5
       6
       2
       4
       3
       8
       3
       3
       6
       7
       3
       9
       4
       3
       2
       5
       8
       8
       4
       3
       3
       2
       1
       5
       9
       5
       3
       4
       6
       9
       6
       6
       3
       7
       3
       2
       6
       2
       4
       8
       4
       6
       1
       5
       1
       3
       1
       6
       4
       3
       3
       8
      10
       7
       8
       7
       5
       7
       3
       4
       4
       1
      10
       5
       5
       2
       8
       3
       4
       1
       5
       5
       3
       5
       6
       6
      10
       3
       6
       5
       3
       6
       7
       3
       4
       5
       7
       6
       4
       5
       6
       6
       9
       8
       4
       6
       3
       5
       7
       6
       5
       6
       6
       4
       4
       8
       8
       4
       3
       4
       5
       6
       1
       8
       5
       4
       6
       2
       0
       6
      10
       5
       4
       4
       8
      13
       4
      12
       5
       5
       5
       7
       4
       4
       4
       3
       7
       5
       3
       5
       9
       5
       4
       1
       6
       4
       8
       4
       5
       2
       0
       4
       6
       6
       2
       7
       2
       2
       5
       4
       2
       5
       4
      10
       5
       6
       9
       7
       3
       6
       3
       9
       6
       8
       6
       2
       8
       4
       9
       4
       5
       5
       6
       4
       2
       4
       6
       5
       2
       2
       3
       5
       3
       9
       2
       4
       3
       4
       5
       3
       3
       4
       2
       5
       6
      10
       2
       7
       6
       7
       3
       1
       4
       3
      11
       2
       2
       5
       5
       7
       5
       6
       8
       4
       3
       4
       8
       2
       6
       6
       6
       2
       8
       2
       7
       1
       5
       4
       3
       4
       4
       1
       5
       6
       6
       4
       4
       6
       2
       8
       6
       8
       2
       4
       4
       3
       3
       7
       2
       7
       6
       3
       5
       4
       7
       3
       5
       3
       6
       2
       7
       5
       9
       6
       7
       6
       7
       3
       5
       1
       8
       6
       6
       5
       4
       3
       3
       3
       2
       7
       1
       2
       4
       6
       5
       0
       3
       2
       6
       4
       5
      11
       7
       8
       4
      10
       7
       6
       6
       3
       6
       8
       4
       2
       8
       8
       8
       4
       7
       7
       6
       9
       6
       6
       6
      10
       4
       3
       8
       5
       3
       4
       2
       6
       6
       4
       7
       9
       6
       2
       2
       3
       6
       3
       8
       2
       2
      12
       4
       2
       3
       6
       3
       4
       6
       5
       6
       3
       3
       5
       7
       1
       4
       5
       7
       2
       3
       3
       6
       8
       3
       8
       8
       3
       6
       2
       9
       3
       7
       6
       9
       2
       6
       4
       2
       4
       6
       6
       5
       5
       4
       4
       1
       5
       9
       4
       2
       6
       8
       3
       7
       2
       3
       3
       6
       6
       4
       3
       6
       7
       5
       8
       4
       4
       8
       4
       4
       4
       8
       4
       5
       9
       3
       5
       6
       5
       3
       4
       5
       8
       4
       4
       6
       4
       3
       3
       4
       8
       4
       6
       6
       7
       3
       2
       3
       7
       6
       8
       4
       4
       5
       9
       4
       9
       6
      10
       7
       5
       1
       6
       2
       4
       3
       7
       6
       4
       6
       4
       3
       4
       4
       6
       1
       1
       1
       4
       8
       9
       2
       7
       5
       4
       3
       5
       7
       4
       5
       5
      11
       7
       2
       3
       6
       6
       5
       2
       8
       7
       3
       2
       2
       5
       6
       6
       5
       8
       2
       6
       3
       1
       3
       6
       3
       6
       6
       2
       6
       5
       0
       5
       4
       5
       9
       4
       1
       5
       6
       4
       5
       1
       2
       5
       0
       7
       4
       5
       2
       4
       4
       3
       4
       4
       7
       3
       3
       3
       3
       5
       3
       2
       4
       3
       6
       8
       4
       4
       2
       9
       5
       5
       1
       5
       5
       7
       6
       4
       5
       2
       4
       7
       8
       2
       1
       7
       2
       4
       5
       3
       5
       5
       4
       3
       5
       2
       8
       4
       7
       5
       4
       1
       1
       5
       6
       4
       3
      10
       6
       7
       5
       3
       5
       5
       3
       1
       8
       6
       4
       8
       4
       3
       3
       4
       5
       1
       4
       5
       3
       6
       3
       5
       3
       4
       6
       4
       8
       8
       5
       3
       8
       7
       5
       4
       3
       7
       5
      10
       6
       6
       2
       8
       3
       8
       3
       8
       5
       8
       5
       4
       2
       3
       5
       7
       5
       6
       3
       6
      13
       7
       2
       5
       3
       4
       3
       6
       5
       5
       2
       5
       3
       4
       2
       2
       5
       5
       2
       4
       3
       5
       1
       2
       8
       7
       1
       7
       5
       6
       3
       2
       0
       3
       3
       6
       5
       3
       9
       5
       5
       5
       6
       4
       2
       3
       2
       3
       3
       6
       5
       3
       8
      10
       7
       7
       3
       5
       3
       3
       2
       6
       4
       7
       3
       9
       4
       4
       3
       8
       9
       9
       8
       4
       7
       4
       8
       4
       5
       3
       2
       6
       4
       5
       4
       2
       0
       3
       4
       4
       4
       8
       8
       8
       4
       8
       4
       7
       7
       9
       6
       7
       1
       5
       4
       2
       6
       2
       3
       4
       5
       4
       3
       5
       5
       5
       5
      11
       3
       9
       5
       3
       4
       6
       7
       5
       2
       4
       4
       7
       4
       3
       3
       2
       3
       1
       1
       5
       3
       5
       2
       5
       6
      10
       3
       3
       5
       1
       2
       9
       5
       2
       5
       4
       8
       2
       2
       4
       7
       1
       7
       4
       7
       3
       1
       3
       7
       3
       5
       6
       5
       4
       3
       2
       6
       4
       5
       2
       4
       3
       7
       7
       3
       4
       7
       2
       5
       4
       6
       9
      10
       6
       2
       6
       4
       4
       3
       2
       5
       2
       3
       3
       5
       1
       4
       2
       3
       3
       2
       8
       4
       3
       2
       5
       6
       1
       8
       1
       7
       7
       3
       2
       5
       7
       6
       4
       3
       5
       2
       5
       7
       5
       3
       5
       3
       3
       4
       5
       5
       4
       4
       6
       4
       4
       5
       4
       5
       6
       2
       4
       5
       5
       3
       4
       5
       5
       8
       5
       1
       3
       5
       5
      11
       5
       6
       7
       7
       7
      10
       5
       6
       5
       6
       5
       8
       2
       6
       2
       5
       5
       5
       2
       8
       2
       4
       8
       4
       3
       5
       8
       8
       5
       3
       5
       8
       4
      11
       7
       4
       4
       7
       7
       3
       3
       6
       6
       9
       4
       2
       7
       2
       1
       5
       5
       4
       6
       5
       7
       2
       4
       6
       3
       3
       8
       2
       3
       4
       4
       6
       4
       3
       5
       1
       3
       5
       2
       2
       3
      10
       5
       2
       7
      11
       3
       3
       1
       4
       5
       3
       4
       2
       5
       4
       3
       3
       2
       6
       3
       3
       4
       5
       5
       8
       1
       4
       4
       2
       7
       4
       8
       6
       0
       5
       2
       7
       2
       5
       2
       3
       9
       7
       5
       3
       3
       3
       6
       3
       4
       1
       3
       4
       4
       6
       4
       1
       4
       6
       8
       5
       8
       3
       5
       2
       3
       2
       3
       3
       5
       4
       3
       4
       4
       2
       9
       9
       6
       6
       4
       6
       6
       2
       4
       5
       3
       4
       5
       1
       5
      10
       5
       6
       2
       9
       5
      10
       5
       3
       3
       3
       1
       6
       6
       0
       3
       8
       3
       1
       5
       8
       6
       7
       5
       5
       3
       1
       4
       4
       4
       6
       5
       6
       6
       6
       9
       3
       2
       3
       2
       6
       5
       5
       1
      11
       4
       6
       4
       1
       3
       6
       4
       6
       6
       5
       6
       3
       1
       5
       8
       2
       5
       7
       4
      10
       7
       8
       4
       2
       3
       2
       3
       5
       7
       6
       8
       5
       8
       3
       8
       7
       5
       2
       2
       2
       3
       4
       3
       6
       2
       5
       6
       7
       8
       5
       1
       2
       5
       3
       5
       2
       3
       3
       6
       4
       2
       5
       5
       5
       4
       5
       5
       9
       4
       1
       3
       2
       7
       4
       4
       8
       1
       3
       3
       7
       5
       4
       2
       6
       3
       3
       7
       1
       3
       3
       9
       4
       5
       3
       5
       2
       6
       2
       7
       5
       1
       4
       4
       8
       2
       5
       3
       9
       3
      12
       2
      11
       7
       6
       1
      10
       1
       6
       3
       6
       2
       6
       3
       4
       2
       4
       7
       4
       3
       2
       3
       6
       5
       6
       9
       4
       4
       4
       4
       5
       6
       2
       1
       7
       7
       8
       3
       3
       6
       4
       4
       4
       5
       4
       3
       4
       6
       8
       4
       4
       5
       3
       6
       5
       4
       9
       3
       6
       4
       4
       3
       4
       4
       4
       3
       4
       3
       6
       3
       3
       2
       4
       3
       5
       0
       9
       6
       3
       4
       6
       3
       1
       5
       8
       6
       3
       5
       6
       7
       4
       3
       6
       8
       4
       5
       2
       3
       3
       5
       5
       2
       3
       4
       3
       6
       5
       3
       4
       1
       5
       7
       4
       0
       3
       6
       6
       4
       2
       3
       1
       6
       2
       3
       5
       3
       6
       6
       6
       3
       5
       4
       3
       5
       4
       4
       3
       2
       6
       7
       4
       6
       2
       4
       1
       4
       7
       7
       6
       5
       3
       9
       3
       3
       6
       6
       6
       1
       3
       8
       4
       9
       5
       5
       9
       7
       2
       1
       5
       5
       5
       4
       1
       4
       7
       4
       5
       5
       3
       1
       3
       5
       5
       3
       5
       6
       3
       4
       3
       6
       7
       5
       7
       3
       3
       3
       4
       4
       6
       5
       5
       3
       4
       6
       2
       5
       5
       2
       3
       2
       7
       4
       2
       5
       5
      12
       4
       7
       1
       1
       0
       2
       4
       3
       7
       4
       5
       3
       1
       5
       8
       6
       6
       6
       3
       8
       3
       5
       3
       4
       1
       2
       5
       2
       2
       6
       4
       5
       1
       3
       4
       4
       5
       4
       5
       8
       6
       6
       5
       4
       5
       2
       4
       3
       6
       3
       3
       7
       3
       3
       3
       4
       1
       2
       2
       4
       5
       2
       2
       4
       6
       3
       6
       5
       6
       4
       6
       4
       4
       3
       4
       5
       3
       4
       3
       2
       2
       4
       4
       2
       2
       3
       6
       4
       4
       1
       4
       3
       5
       6
       7
       4
       4
       5
       1
       2
       5
       4
       2
       1
       8
       6
       2
       2
       3
       4
       7
       1
       7
       5
       6
       6
       1
       5
       2
       5
       7
       4
       5
       6
       5
       6
       4
       1
       2
       6
       4
       4
       4
       7
       7
       4
       2
       2
       4
       2
       2
       6
       4
       4
       3
       3
       7
       3
       5
       3
       3
       2
       7
       5
       4
       5
       5
       6
       3
       4
       3
       2
       3
       6
       5
       3
       5
       3
       4
       3
       2
       9
       3
       4
       2
       3
       1
       5
       1
       5
       7
       4
       5
       1
       4
       3
       4
       4
       5
       5
       3
       5
       3
       4
       8
       4
       6
       2
       4
       2
       4
       6
       3
       1
       2
       2
       4
       5
       3
       4
       3
       9
       3
       5
       5
       2
       4
       3
       5
       3
       8
       2
       5
       3
       6
       3
       4
       1
       2
       2
       4
       6
       4
       3
       2
       6
       3
       6
       7
       5
       5
       2
       3
       5
       8
       5
       3
       3
       4
       3
       4
       4
       3
       3
       5
       2
       1
       3
       2
       8
       3
       5
       2
       5
       4
       4
       5
       3
       2
       5
       4
       6
       1
       9
       4
       4
       2
       5
       7
       3
       7
       2
       5
       5
       3
       8
       7
       0
       4
       1
       7
       5
       7
       4
       4
       8
       6
       8
       8
       3
       2
       9
       5
       4
       5
       1
       6
       5
       7
       4
       6
       4
       4
       6
       4
       3
       4
       4
       5
       3
       1
      14
       7
       2
       2
       5
       4
       3
       6
       9
       3
       4
       5
       2
       3
       1
       2
       4
       2
       3
       1
       4
       4
       2
       5
       5
       6
       6
       1
       3
       3
       4
       6
       1
       7
       4
       5
       6
       4
       4
       2
       5
       3
       3
       2
       6
       5
       3
       3
       3
       7
       6
       2
       4
       3
       3
       5
       6
       2
       5
       5
       5
       3
       1
       4
       6
       3
       8
       2
       3
       1
       1
       2
       5
       1
       5
       4
       4
       4
       4
       0
       5
       2
       6
       6
       5
       4
       1
       6
       2
      12
       4
       3
       2
       4
       3
       3
       4
       5
       3
       1
       2
       2
       4
       1
       4
       3
       3
       5
       7
       6
       2
       8
       4
       3
       5
       4
       3
       2
       5
       7
       2
       5
       7
       4
       3
       7
       4
       1
       3
       2
       3
       5
       6
       3
       3
       5
       5
       9
       3
       5
       5
       6
       5
       4
       3
       4
       2
       4
       4
       1
       3
       8
       4
       6
       3
       5
       3
       4
       6
       3
       8
       5
       3
       4
       4
       4
       6
       7
       6
       7
       3
       3
       2
       1
       1
       3
       9
       7
       6
       2
       3
       6
       3
       4
       2
       7
       4
       5
       3
       3
       3
       6
       4
       5
       4
       3
       3
       4
       3
       3
       8
       3
       2
       6
       6
       3
       5
       6
       2
       5
       0
       3
       2
       5
       9
       3
       4
       6
       2
       3
       2
       4
       1
       6
       4
       1
       6
       5
       3
       5
       3
       8
       5
       7
       4
       6
       1
       4
       1
       2
       4
       2
       6
       7
       5
       2
       2
       3
       4
       7
       4
       4
       2
       6
       2
       5
       6
       5
       4
       4
       2
       1
       6
       2
       4
       3
       2
       2
       3
       6
       5
      10
       4
       7
       3
       3
       5
       3
       7
       2
       5
       2
       5
       7
       6
       2
       3
       3
       2
       3
       7
       7
       4
       3
       5
       2
       7
       1
       8
       5
       5
       5
       6
       2
       3
       1
       2
       3
       3
       5
       6
       3
       4
       0
       8
       8
       5
       0
       6
       3
       1
       5
       6
       7
       4
       4
       4
       5
       5
       3
       2
       5
       9
       7
      10
       2
       4
       2
       8
       2
       4
       9
       5
       7
       1
       5
       6
       3
       3
       4
       8
       5
       3
       0
       6
       5
       5
       3
       4
       2
       3
       5
       7
       4
       2
       4
       4
       4
       4
       5
       4
       5
       5
       5
       3
       3
       4
       6
       9
       6
       3
       4
       7
       3
       3
       1
       3
       4
       6
       6
       4
       2
       8
       1
       4
       4
       6
       6
       3
       2
       4
       4
       4
       4
       5
       4
       6
       2
       2
       3
       3
       3
       5
       3
       5
       5
       4
       5
       5
       0
       8
       6
       3
       7
       7
       6
       0
       7
       1
       3
       4
       5
       5
       2
       4
       5
       3
       7
       2
       2
       2
       5
       4
       3
       2
       4
       3
       4
       3
       6
       3
       3
       4
       2
       3
       6
       5
       5
       3
       3
       5
       3
       3
      10
       4
       7
       4
       6
       3
       2
       2
       6
       4
       2
       3
       3
       7
       6
       4
       1
       7
       4
       3
       1
       8
       4
       1
       2
       5
       4
       9
       5
       7
       5
       5
       5
       6
       2
       3
       4
       6
       7
       5
       2
       6
       4
       3
       3
       3
       1
       5
       2
       3
       6
       5
       5
       2
       4
       3
       4
       1
       4
       2
       2
       4
       5
       1
       2
       1
       6
       6
       2
       4
       5
       3
       3
       4
       6
       5
       6
       5
       6
       0
       5
       3
       4
       1
       6
       3
       5
       3
       5
       3
       3
       3
       3
       7
       2
       4
       5
       2
       6
       3
       8
       6
       3
       0
       5
       5
       2
       5
       6
       4
       4
       3
       5
       3
       4
       3
       6
       8
       4
       5
       4
       2
       8
       7
       3
       3
       3
       5
       8
       6
       2
       5
       7
       6
       2
       2
       6
       8
       6
       3
       7
       2
       4
       4
       4
       4
       6
       3
       2
       2
       2
       3
       5
       2
       3
       3
       6
       6
       2
       3
       4
       3
       5
       1
       1
       4
       4
       2
       2
       7
       3
       3
       7
       5
       2
       6
       2
      10
       5
       1
       7
       3
       3
       0
       5
       6
       4
       5
       7
       3
       3
       2
       3
       6
       4
       4
       7
       3
       4
       3
       6
       4
       1
       4
       4
       0
       1
       4
       2
       5
       3
       6
       6
       1
       1
       5
       8
       4
       5
       3
       5
       5
       4
       3
       4
       6
       2
       2
       5
       6
       4
       2
       3
       5
       3
       7
       4
       4
       9
       2
       3
       2
       4
       2
       3
       4
       3
       3
       3
       1
       4
       5
       2
       2
       2
       3
       4
       2
       4
       1
       5
       6
       2
       6
       6
       2
       2
       4
       5
       5
       1
       5
       7
       7
       4
       3
       4
       1
       4
       2
       2
       1
       3
       1
       5
       4
       3
       4
       4
       2
       2
       1
       2
       4
       3
       4
       2
       4
       1
       1
       4
       1
       7
       4
       7
       3
       3
       1
       7
       5
       5
       6
       3
       5
       6
       6
       3
       7
       4
       3
       1
       8
       6
       2
       6
       4
       2
       2
       6
       3
       5
       4
       4
       5
       3
       6
       7
       6
       5
       4
       5
       3
       4
       7
       8
       2
       5
       8
       5
       4
       6
       3
       5
       3
       2
       4
       1
       2
       2
       8
       5
       2
       2
       5
       6
       5
       3
       3
       6
       3
       0
       2
       2
       8
       2
       6
       3
       3
       2
       5
       5
       2
       6
       0
       1
       3
       7
       5
       8
       4
       4
       2
       8
       1
       7
       8
       3
       2
       1
       1
       5
       1
       4
       2
       1
       4
       2
       2
       4
       2
       2
       4
       0
       2
       2
       4
       4
       3
       6
       5
       5
       4
       5
       6
       5
       6
       2
       5
       6
       4
       5
       4
       3
       3
       6
       8
       3
       4
       0
       2
       2
       1
       2
       5
       5
       4
       7
       6
       5
       5
       4
       5
       7
       6
       4
       4
       5
       3
       3
       2
       4
       2
       6
       5
       5
       5
       3
       2
       5
       2
       3
       3
       3
       6
       2
       3
       3
       3
       3
       4
       5
       3
       1
       3
       3
       2
       3
       2
       3
       6
       0
       3
       5
       5
       8
       8
       6
       4
       4
       4
       3
       3
       5
       6
       6
       2
       8
       4
       3
       3
      10
       1
       6
       1
       6
       2
       3
       1
       3
       4
       3
       2
       3
       6
       6
       3
       5
       1
       5
       5
       6
       1
       5
       0
       4
       3
       6
       5
       2
       1
       0
       3
       1
       7
       6
       4
       4
       4
       4
       4
       5
       3
       2
       3
       4
       9
       2
       6
       6
       4
       7
       4
       3
       2
       8
       5
       6
       6
       4
       5
       1
       7
       2
       3
       3
       5
       4
       4
       4
       2
       5
       2
       4
       3
       4
       4
       3
       2
       4
       2
       4
       5
       2
       4
       3
       5
       1
       4
       8
       6
       3
       3
       5
       3
       3
       3
       3
       2
       5
       5
       1
       1
       1
       1
       3
       5
       4
       4
       5
       5
       6
       3
       3
       5
       6
       3
       4
       2
       3
       5
       9
       3
       4
       5
       3
       2
       2
       6
       4
       3
       1
      11
       4
       5
       4
       4
       2
       7
       7
       6
       8
       5
       2
       5
       5
       5
       2
       9
       1
       4
       3
       3
       3
       1
       5
       3
       4
       3
       6
       2
       5
       3
       4
       0
       3
       8
       6
       8
       7
       1
       3
       2
       6
       6
       4
       5
       6
       3
       4
       2
       6
       6
       4
       2
       6
       5
       3
       5
       6
       2
       2
       1
       0
       2
       2
       3
       5
       2
       6
       4
       4
       3
       2
       4
       6
       5
       5
       3
       6
       2
       8
       6
       6
       3
       2
       4
       6
       7
       5
       5
       4
       5
       3
       5
       7
       4
       3
       5
       6
       2
       3
       3
       5
       0
       3
       2
       5
       5
       5
       2
      11
       6
       3
       5
       1
       3
       1
       5
       4
       3
       5
       3
       2
       5
       3
       5
       5
       2
       7
       5
       3
       5
       1
       2
       6
       8
       4
       4
       2
       5
       3
       5
       5
       2
       5
       3
       7
       2
       1
       4
       4
       5
       6
       4
       6
       5
       5
       4
       2
       2
       5
       4
       2
       1
       3
       5
       4
       2
       4
       5
       1
       5
       4
       4
       5
       6
       6
       5
       6
       9
       2
       4
       9
       2
       3
       0
       2
       3
       0
       6
       8
       9
       7
       5
       2
       3
       2
       3
       4
       3
       3
       2
       4
       3
       3
       3
       3
       4
       0
       3
       4
       6
       2
       4
       3
       2
       3
      11
       2
       4
       3
       5
       2
       3
       4
       2
       4
       2
       3
       0
       3
       1
       4
       2
       3
       4
       3
       3
       3
       3
       7
       5
       1
       2
       0
       4
       6
       3
       2
       5
       3
       3
       4
       4
       5
       3
       3
       3
       4
       4
       6
       7
       5
       6
       3
       6
       4
       3
       4
       2
       2
       3
       4
       4
       2
       4
       4
       3
       8
       6
       4
       4
       1
       3
       2
       2
       2
       5
       4
       4
       2
       1
       3
       4
       4
       5
       3
       4
       4
       3
       6
       5
       2
       8
       0
       3
       4
       2
       4
       1
       2
       6
       8
       3
       7
       2
       4
       4
       3
       1
       1
       3
       4
       4
       2
       3
       6
       2
       3
       8
       5
       3
       2
       2
       5
       6
       7
       3
       4
       5
       4
       2
       2
       2
       5
       4
       5
       4
       1
       3
       3
       3
       8
       7
       5
       4
       2
       5
       5
       4
       1
       3
       2
       3
       5
       4
       3
       7
       3
       4
       2
       4
       3
       2
       2
       3
       1
       4
       3
       5
       7
       3
       4
       9
       2
       2
       4
       2
       3
       4
       7
       5
       5
       4
       0
       3
       5
       2
       2
       8
       4
       2
       5
       2
       5
       3
       5
       4
       5
       0
       5
       2
       1
       6
       6
       3
       2
       3
       5
       3
       2
       1
       3
       4
       3
       6
       5
      11
       0
       2
       1
       3
       5
       3
       5
       5
       6
       4
       7
       5
       3
       2
       5
       3
       6
       3
       5
       3
       2
       4
       5
       3
       5
       6
       3
       3
       3
       4
       5
       3
       2
       3
       4
       4
       4
       5
       2
       8
       1
      13
       3
       6
       4
       4
       5
       1
       5
       8
       1
       3
       3
       4
       2
       7
       5
       3
       8
       2
       5
       5
       8
       2
       2
       1
       3
       5
       4
       2
       2
       8
       2
       4
       1
       3
       2
       6
       0
       5
       3
       5
       4
       5
       5
       3
       6
       8
       2
       2
       7
       4
       2
       5
       1
       2
       3
       3
       4
       5
       7
       5
       5
       3
       5
       6
       3
       5
       3
       4
       2
       5
       4
       2
       4
       4
       3
       2
       4
       2
       3
       4
       7
       2
       2
       4
       6
       8
       3
       7
       0
       4
       2
       2
       4
       1
       5
       5
       3
       0
       5
       6
       0
       2
       2
       2
       7
       4
       4
       8
       2
       2
       4
       6
       3
       1
      10
       3
       4
       1
       2
       1
       4
       6
       7
       6
       3
       2
       3
       2
       3
       3
       5
       4
       4
       2
       5
       3
       5
       5
       2
       2
       4
       2
       3
       4
       4
       5
       2
       3
       2
       5
       4
       5
       5
       4
       7
       4
       3
       2
       7
       4
       7
       5
       5
       4
       4
       5
       2
       5
       4
       3
       2
       4
       5
       1
       3
       2
       6
       2
       6
       2
       6
       4
       3
       6
       7
       7
       5
       3
       2
       2
       5
       3
       2
       2
       4
       5
       4
       2
       4
       5
       1
       4
       4
       2
       2
       4
       4
       7
       2
       3
       2
       7
       6
       3
       8
       3
       3
       3
       1
       7
       5
       4
       3
       8
       5
       3
       3
       6
       3
       4
       3
       4
       4
       4
       7
       5
       1
       4
       5
       3
       4
       2
       1
       5
       1
       2
       5
       1
       4
       6
       3
       4
       4
       3
       2
       3
       5
       3
       4
       4
       2
       4
       4
       4
       3
       2
       2
       1
       9
       5
       4
       4
       4
       2
       1
       2
       0
       4
       1
       8
       1
       5
       1
       4
       3
       7
       0
       3
       3
       4
       3
       3
       4
       5
       5
       2
       2
       1
       4
       4
       6
       2
       3
       4
       6
       2
       5
       4
       1
       4
       3
       4
       3
       7
       6
       3
       5
       6
       5
       2
       4
       7
       2
       7
       1
       5
       3
       7
       4
       4
       7
       2
       5
       5
       4
       0
       7
       3
       5
       1
       2
       5
       4
       3
       5
       6
       3
       8
       4
       4
       4
       2
       3
       3
       5
       9
       1
       1
       6
       5
       4
       2
       7
       5
       7
       3
       5
       2
       7
       3
       4
       1
       1
       6
       6
       2
       2
       3
       4
       3
       2
       5
       7
       1
       3
       5
       3
       3
       5
       1
       1
       3
       2
       1
       1
       4
       5
       5
       1
       5
       2
       6
       5
       4
       2
       1
       4
       5
       5
       7
       2
       3
       2
       4
       2
       3
       2
       2
       5
       2
       9
       2
       4
       3
       3
       4
       0
       5
       2
       5
       2
       3
       5
       0
       3
       5
       5
       7
       2
       2
       0
       3
       5
       2
       4
       5
       1
       4
       5
       0
       2
       1
       3
       5
       5
       5
       7
       2
       4
       1
       2
       4
       3
       2
       3
       5
       4
       6
       3
       1
       4
       2
       6
       6
       3
       6
       3
       1
       5
       8
       2
       1
       1
       1
       5
       4
       5
       3
       1
       7
       3
       3
       1
       1
       7
       5
       6
       2
       7
       6
       2
       3
       6
       1
       3
       6
       4
       4
       5
       1
       4
       4
       3
       2
       6
       4
       1
       4
       4
       4
       4
       4
       7
       5
       1
       5
       4
       7
       4
       1
       0
       7
       3
       2
       5
       4
       3
       4
       7
       3
       2
       3
       5
       3
       0
       4
       2
       4
       5
       4
       3
       4
       4
       1
       8
       4
       2
       4
       4
       8
       3
       2
       8
       5
       2
       2
       2
       2
       3
       3
       1
       1
       2
       5
       4
       7
       2
       5
       3
       2
       1
       5
       3
       3
       3
       3
       2
       4
       0
       6
       5
       4
       0
       2
       4
       2
       6
       6
       2
       4
       3
       2
       2
       3
       7
       6
       3
       5
       3
       5
       3
       1
       3
       5
       6
       1
       7
       6
       2
       4
       3
       1
       0
       4
       5
       2
       1
       1
       0
       1
       4
       4
       5
       2
       7
       1
       6
       5
       5
       2
       4
       3
       2
       4
       3
       1
       1
       5
       3
       0
       4
       2
       0
       4
       3
       4
       5
       5
       1
       2
       4
       3
       5
       3
       6
       4
       1
       4
       4
       4
       2
       1
       5
       3
       1
       5
       4
       1
       3
       4
       3
       5
       4
       3
       5
       2
       3
       4
       7
       1
       3
       5
       2
       3
       4
       4
       3
       5
       6
       6
       2
       4
       2
       2
       4
       4
       6
       3
       3
       5
       6
       3
       6
       5
       3
       2
       1
       2
       2
       2
       5
       3
       2
       5
       3
       5
       5
       3
       6
       5
       4
       0
       5
       5
       4
       5
       5
       4
       3
       4
       2
       2
       1
       5
       3
       5
       4
       2
       6
       6
       1
       4
       2
       2
       1
       4
       6
       4
       5
       2
       6
       1
       2
       2
       4
       4
       2
       1
       2
       3
       4
       5
       3
       3
       5
       5
       5
       1
       8
       3
       3
       4
       2
       3
       2
       5
       2
       3
       3
       4
       4
       2
       3
       6
       6
       2
       2
       4
       2
       7
       7
       1
       2
       3
       3
       4
       6
       5
       1
       2
       6
       6
       5
       5
       2
       2
       2
       2
       4
       1
       4
       3
       3
       3
       5
       3
       5
       1
       2
       3
       3
       4
       3
       4
       4
       1
       4
       3
       4
       6
       5
       4
       5
       3
       1
       0
       5
       4
       2
       2
       7
       1
       3
       1
       5
       2
       3
       4
       6
       5
       3
       3
       1
       2
       3
       3
       3
       3
       1
       5
       4
       6
       3
       3
       8
       3
       4
       5
       8
       1
      10
       3
       2
       0
       2
       4
       5
       2
       2
       4
       3
       2
       2
       5
       6
       4
       3
       1
       5
       2
       1
       1
       4
       4
       5
       5
       2
       5
       6
       1
       6
       7
       3
       5
       3
       4
       1
       7
       3
       6
       3
       3
       4
       5
       3
       5
       5
       3
       2
       2
       2
       5
       1
       0
       6
       2
       5
       6
       3
       3
       4
       1
       3
       3
       1
       2
       3
       3
       3
       4
       3
       4
       4
       5
       2
       6
       2
       4
       1
       7
       3
       2
       5
       7
       5
       7
       5
       5
       3
       4
       6
       5
       6
       0
       1
       5
       1
       5
       4
       3
       4
       4
       4
       4
       5
       3
       7
       4
       6
       5
       4
       4
       3
       5
       2
       6
       3
       3
       3
       4
       3
       0
       4
       1
       2
       3
       5
       3
       3
       2
       4
       6
       2
       2
       4
       2
       6
       5
       4
       2
       7
       6
       3
       3
       4
       5
       9
       7
       2
       5
       3
       3
       3
       8
       6
       4
       2
       3
       4
       7
       2
       3
       5
       2
       2
       4
       1
       2
       3
       1
       7
       6
       3
       5
       4
       4
       5
       6
       5
       2
       4
       3
       4
       3
       5
       3
       3
       2
       3
       3
       5
       4
       5
       2
       5
       7
       6
       5
       3
       7
       5
       2
       0
       1
       4
       0
       6
       6
       2
       4
       2
       4
       3
       4
       6
       1
       1
       7
       3
       1
       0
       8
       2
       3
       3
       3
       4
       2
       5
       3
       1
       4
       6
       4
       4
       2
       2
       1
       3
       2
       3
       4
       4
       5
       5
       3
       2
       8
       2
       5
       2
       5
       4
       2
       4
       2
       2
       7
       3
       2
       4
       2
       3
       2
       2
       0
       1
       3
       5
       3
       3
       1
       1
       1
       4
       2
       3
       0
       3
       2
       4
       3
       9
       6
       1
       3
       1
       4
       4
       3
       4
       5
       5
       4
       2
       1
       3
       2
       3
       5
       4
       3
       2
       2
       3
       3
       3
       4
       3
       3
       6
       2
       2
       6
       4
       5
       8
       3
       2
       4
       4
       4
       8
       3
       2
       5
       5
       2
       3
       1
       2
       2
       3
       1
       2
       1
       2
       5
       3
       2
       1
       1
       3
       2
       3
       6
       8
       2
       4
       3
       2
       2
       3
       3
       5
       4
       5
       5
       5
       1
       5
       0
       3
       5
       5
       3
       3
       2
       3
      10
       5
       4
       5
       4
       4
       5
       4
       4
       1
       5
       2
       4
       6
       3
       4
       2
       1
       3
       3
       0
       2
       0
       3
       1
       1
       2
       1
       2
       3
       4
       4
       3
       3
       2
       4
       2
       3
       2
       4
       2
       7
       1
       2
       2
       0
       2
       3
       1
       3
       5
       5
       8
       6
       3
       4
       2
       4
       3
       3
       3
       3
       8
       1
       5
       3
       4
       5
       3
       1
       6
       4
       2
       4
       2
       6
       2
       8
       5
       4
       2
       3
       3
       2
       1
       9
       5
       1
       5
       1
       1
       2
       3
       4
       3
       5
       3
       1
       4
       0
       6
       2
       7
       3
       2
       5
       3
       4
       3
       3
       2
       5
       3
       7
       2
       8
       2
       2
       8
       4
       3
       2
       3
       3
       4
       0
       2
       1
       2
       5
       4
       0
       5
       4
       3
       2
       2
       5
       2
       4
       3
       3
       3
       6
       6
       4
       1
       1
       5
       3
       5
       3
       5
       7
       2
       1
       2
       2
       2
       6
       3
       5
       2
       1
       6
       6
       1
       1
       2
       2
       4
       1
       4
       4
       5
       3
       4
       3
       2
       3
       2
       3
       3
       2
       4
       3
       4
       2
       8
       2
       5
       3
       3
       2
       1
       5
       3
       2
       2
       3
       6
       3
       4
       3
       7
       4
       6
       6
       4
       4
       2
       1
       5
       0
       3
       1
       5
       1
       6
       4
       4
       5
       7
       3
       2
       1
       6
       4
       7
       5
       3
       4
       2
       3
       2
       1
       4
       3
       3
       5
       1
       5
       1
       5
       2
       4
       2
       4
       1
       3
       3
       3
       3
       6
       3
       1
       2
       4
       1
       5
       4
       6
       1
       4
       0
       1
       6
       4
       2
       2
       5
       3
       4
       4
       4
       7
       4
       3
       3
       3
       3
       5
       4
       3
       5
       3
       2
       2
       7
       2
       3
       0
       5
       3
       2
       3
       1
       3
       2
       4
       8
       3
       2
       3
       6
       9
       6
       3
       2
       1
       3
       1
       2
       2
       4
       6
       1
       3
       2
       1
       1
       3
       6
       4
       2
       2
       3
       0
       3
       4
       3
       3
       7
       2
       2
       3
       3
       6
       2
       4
       5
       4
       6
       8
       6
       2
       2
       5
       4
       3
       4
       4
       1
       4
       2
       4
       4
       7
       4
       3
       3
       4
       5
       5
       3
       6
       3
       5
       6
       3
       4
       5
       2
       3
       5
       4
       3
       2
       3
       1
       3
       3
       3
       4
       2
       6
       3
       3
       2
       2
       3
       4
       3
       4
       4
       3
       6
       2
       1
       2
       5
       7
       2
       2
       4
       3
       4
       2
       4
       4
       5
       4
       3
       5
       1
       5
       1
       5
       1
       3
       4
       3
       1
       6
       4
       1
       3
       5
       0
       2
       4
       3
       4
       3
       3
       6
       2
       6
       7
       5
       3
       2
       2
       4
       8
       2
       4
       2
       4
       2
       5
       4
       5
       7
       0
       4
       4
       3
       5
       3
       4
       3
       8
       4
       2
       4
       5
       2
       2
       6
       1
       8
       3
       2
       3
       2
       2
       5
       2
       4
       0
       1
       3
       2
       3
       1
       4
       4
       2
       1
       4
       2
       3
       4
       5
       5
       2
       1
       4
       2
       1
       4
       1
       2
       2
       4
       2
       5
       6
       3
       4
       2
       8
       2
       3
       3
       3
       2
       4
       3
       5
       2
       4
       2
       2
       3
       0
       4
       5
       1
       4
       4
       3
       3
       1
       6
       5
       5
       1
       5
       4
       3
       5
       2
       3
       2
       4
       0
       3
       5
       3
       3
       3
       2
       3
       2
       7
       3
       5
       1
       6
       5
       2
       5
       0
       4
       5
       3
       5
       0
       5
       1
       2
       6
       3
       2
       5
       6
       0
       0
       4
       3
       8
       3
       6
       7
       5
       5
       3
       2
       5
       0
       2
       5
       2
       7
       2
       6
       4
       3
       4
       4
       3
       5
       2
       5
       2
       5
       1
       2
       5
       2
       4
       4
       2
       4
       1
       4
       2
       4
       1
       3
       3
       8
       2
       4
       2
       7
       4
       2
       2
       3
       1
       1
       9
       4
       1
       2
       2
       6
       6
       3
       2
       3
       6
       4
       4
       4
       2
       5
       3
       5
       5
       3
       6
       7
       2
       3
       1
       4
       1
       3
       1
       3
       4
       4
       4
       3
       5
       4
       4
       4
       3
       3
       4
       4
       6
       1
       5
       6
       5
       3
       3
       4
       3
       5
       2
       5
       0
       2
       5
       1
       0
       1
       2
       3
       2
       1
       3
       3
       3
       5
       2
       5
       4
       3
       2
       3
       5
       4
       3
       2
       2
       4
       3
       5
       3
       6
       4
       2
       7
       2
       5
       3
       1
       5
       8
       3
       5
       2
       3
       3
       3
       3
       2
       7
       6
       2
       2
       0
       3
       4
       4
       2
       3
       5
       7
       2
       2
       3
       3
       3
       2
       1
       7
       1
       4
       6
       3
       2
      10
       2
       2
       2
       2
       5
       2
       4
       5
       6
       5
       7
       4
       9
       4
       0
       7
       3
       4
       5
       1
       4
       3
       2
       2
       5
       1
       4
       1
       2
       2
       2
       4
       5
       2
       7
       4
       5
       2
       3
       5
       1
       3
       2
       2
       1
       2
       3
       3
       1
       3
       2
       2
       2
       3
       4
       3
       6
       2
       4
       1
       3
       1
       1
       4
       1
       2
       1
       3
       6
       5
       4
       2
       4
       2
       4
       3
       3
       1
       3
       0
       7
       1
       5
       5
       2
       3
       6
       4
       5
       5
       2
       3
       6
       4
       3
       5
       0
       2
       3
       2
       3
       6
       4
       5
       4
       3
       1
       5
       2
       5
       3
       7
       4
       4
       1
       2
       5
       1
       6
       5
       4
       3
       4
       4
       1
       3
       4
       4
       4
       3
       1
       4
       4
       2
       4
       2
       3
       7
       5
       3
       2
       7
       0
       1
       4
       7
       4
       6
       4
       4
       5
       3
       4
       3
       5
       3
       1
       1
       3
       3
       7
       4
       2
       8
       2
       6
       3
       3
       3
       7
       1
       5
       4
       2
       5
       2
       3
       8
       3
       3
       2
       3
       5
       4
       2
       1
       2
       1
       7
       4
       3
       5
       4
       6
       7
       3
       4
       1
       7
       3
       4
       3
       0
       4
       1
       6
       3
       3
       1
       3
       5
       6
       5
       3
       4
       3
       1
       3
       1
       3
       0
       2
       3
       5
       1
       3
       2
       2
       3
       5
       3
       1
       6
       2
       2
       5
       3
       2
       1
       3
       5
       6
       4
       2
       3
       3
       5
       4
       3
       3
       5
       1
       6
       4
       7
       3
       0
       5
      11
       1
       3
       2
       3
       7
       6
       5
       0
       0
       3
       3
       5
       3
       3
       3
       6
       5
       0
       4
       3
       3
       0
       7
       4
       6
       3
       1
       2
       2
       3
       2
       5
       5
       0
       3
       1
       2
       6
       3
       5
       3
       3
       2
       2
       3
       3
       4
       4
       1
       5
       3
       2
       3
       2
       6
       2
       4
       7
       4
       1
       3
       2
       5
       0
       1
       2
       2
       4
       4
       3
       4
       3
       4
       2
       4
       4
       5
       3
       3
       2
       2
       4
       1
       4
       3
       7
       5
       4
       4
       7
       6
       2
       3
       4
       5
       4
       3
       3
       3
       2
       1
       5
       5
       2
       3
       3
       4
       2
       2
       1
       5
       6
       4
       0
       5
       3
       1
       1
       2
       3
       2
       2
       4
       1
       4
       5
       4
       5
       4
       2
       1
       2
       5
       0
       6
       3
       6
       3
       4
       3
       2
       2
       1
       0
       4
       2
       3
       4
       4
       2
       3
       1
       1
       0
       3
       5
       7
       8
       2
       3
       0
       4
       5
       4
       2
       0
       2
       1
       2
       5
       3
       6
       6
       5
       4
       2
       2
       5
       5
       2
       2
       4
       4
       3
       3
       4
       2
       6
       4
       0
       5
       4
       5
       4
       4
       7
       3
       3
       9
       2
       2
       5
       6
       4
       1
       2
       1
       2
       4
       6
       1
       4
       4
       2
       4
       4
       1
       3
       8
       5
       3
       3
       2
       3
       0
       3
       3
       2
       3
       9
       1
       3
       4
       1
       7
       2
       2
       3
       3
       3
       4
       4
       4
       1
       4
       3
       2
       8
       4
       3
       8
       2
       2
       0
       3
       6
       1
       4
       2
       4
       1
       4
       7
       3
       1
       3
       4
       9
       3
       2
       1
       4
       4
       2
       4
       0
       6
       3
       4
       3
       3
       2
       2
       5
       6
       6
       2
       1
       5
       2
       2
       3
       1
       5
       3
       3
       5
       4
       3
       6
       3
       4
       1
       4
       6
       3
       4
       1
       5
       2
       4
       2
       7
       3
       5
       4
       3
       2
       7
       3
       5
       0
       1
       3
       6
       3
       5
       3
       5
       3
       7
       2
       3
       3
       7
       1
       6
       3
       2
       7
       3
       3
       4
       3
       3
       3
       4
       1
       3
       5
       1
       3
       2
       8
       2
       3
       4
       6
       2
       2
       2
       2
       1
       2
       1
       2
       1
       3
       1
       3
       3
       1
       2
       4
       2
       2
       3
       2
       2
       1
       2
       3
       3
       2
       2
       5
       6
       3
       5
       4
       3
       1
       4
       0
       4
       2
       2
       6
       4
       3
       3
       3
       3
       5
       3
       3
       4
       3
       1
       3
       3
       4
       4
       5
       6
       4
       4
       3
       0
       8
       3
       1
       3
       3
       2
       2
       2
       3
       2
       0
       2
       3
       2
       2
       3
       3
       3
       7
       4
       2
       2
       4
       4
       0
       1
       0
       1
       2
       4
       2
       3
       4
       1
       2
       8
       2
       2
       2
       2
       1
       4
       5
       2
       4
       4
       3
       4
       3
       4
       6
       4
       5
       1
       5
       0
       5
       5
       3
       1
       3
       2
       7
       8
       2
       5
       7
       1
       3
       3
       5
       3
       1
       3
       5
       4
       2
       3
       1
       3
       4
       4
       2
       3
       2
       3
       1
       5
       3
       5
       1
       4
       3
       4
       9
       7
       2
       1
       1
       4
       1
       3
       5
       3
       5
       7
       4
       4
       3
       2
       3
       1
       1
       3
       6
       3
       4
       2
       3
       2
       6
       2
       4
       1
       3
       5
       4
       4
       3
       3
       3
       7
       3
       7
       3
       5
       2
       3
       3
       1
       4
       3
       2
       0
       3
       2
       2
       2
       3
       4
       1
       5
       1
       1
       4
       3
       2
       4
       5
       2
       4
       7
       1
       1
       2
       2
       3
       3
       0
       1
       5
       3
       3
       2
       4
       3
       4
       3
       1
       4
       2
       4
       3
       2
       4
       6
       2
       6
       3
       5
       5
       0
       4
       2
       5
       3
       2
       0
       1
       1
       7
       5
       2
       3
       2
       4
       2
       1
       4
       0
       3
       4
       4
       2
       5
       3
       7
       1
       1
       5
       4
       4
       2
      10
       3
       4
       5
       2
       3
       5
       3
       2
       5
       6
       3
       4
       1
       6
       2
       3
       4
       2
       3
       3
       1
       4
       3
       0
       3
       4
      11
       3
       5
       3
       2
       2
       6
       4
       1
       2
       3
       7
       3
       1
       4
       3
       2
       2
       4
       1
       3
       2
       0
       5
       4
       7
       4
       3
       2
       5
       3
       4
       6
       2
       1
       3
       6
       4
       0
       3
       8
       3
       4
       5
       0
       3
       2
       4
       2
       3
       2
       2
       3
       4
       1
       1
       3
       5
       2
       0
       1
       4
       4
       0
       1
       2
       6
       1
       4
       3
       1
       3
       3
       1
       1
       2
       1
       2
       4
       2
       4
       7
       3
       2
       3
       4
       3
       3
       3
       2
       2
       2
       6
       5
       5
       1
       1
       1
       4
       4
       5
       5
       6
       5
       5
       6
       4
       3
       2
       1
       1
       3
       1
       3
       2
       1
       1
       2
       2
       3
       3
       2
       4
       5
       3
       4
       3
       3
       4
       5
       4
       9
       4
       5
       5
       2
       4
       3
       3
       1
       2
       3
       1
       6
       3
       3
       1
       0
       4
       4
       0
       5
       2
       3
       0
       2
       3
       3
       1
       2
       3
       2
       4
       2
       0
       2
       6
       6
       2
       0
       3
       1
       6
       7
       5
       5
       2
       2
       4
       2
       5
       2
       2
       2
       3
       2
       1
       3
       3
       4
       3
       1
       3
       1
       4
       2
       3
       5
       0
       2
       3
       1
       7
       2
       2
       2
       5
       2
       4
       4
       2
       1
       3
       3
       2
       6
       3
       1
       3
       1
       2
       3
       5
       6
       3
       2
       2
       1
       3
       5
       1
       2
       2
       9
       2
       1
       2
       6
       2
       4
       3
       2
       1
       4
       4
       0
       2
       1
       5
       2
       2
       3
       5
       4
       5
       1
       0
       2
       4
       3
       0
       4
       5
       4
       4
       1
       2
       3
       3
       2
       4
       0
       0
       2
       4
       6
       0
       3
       2
       1
       2
       2
       6
       2
       5
       6
       3
       4
       2
       1
       2
       3
       3
       2
       3
       1
       4
       3
       3
       3
       3
       3
       5
       4
       1
       6
       8
       2
       1
       6
       3
       5
       5
       3
       2
       3
       5
       5
       1
       5
       4
       2
       3
       4
       2
       0
       6
       6
       2
       4
       2
       5
       5
       8
       0
       4
       3
       3
       4
       2
       0
       4
       3
       1
       4
       0
       2
       2
       1
       2
       5
       5
       2
       1
       3
       5
       3
       3
       5
       2
       2
       2
       6
       2
       1
       2
       2
       1
       2
       2
       2
       4
       0
       6
       2
       2
       8
       5
       2
       6
       1
       6
       2
       4
       3
       6
       3
       2
       3
       3
       2
       6
       3
       5
       4
       2
       4
       3
       4
       3
       5
       6
       4
       2
       5
       4
       3
       1
       1
       2
       4
       1
       1
       2
       3
       3
       3
       4
       2
       7
       2
       7
       8
       3
       4
       4
       4
       6
       1
       2
       4
       3
       3
       1
       5
      10
       6
       4
       3
       5
       4
       5
       3
       5
       2
       3
       4
       2
       3
       4
       2
       3
       2
       2
       2
       5
       0
       4
       4
       3
       6
       3
       3
       3
       6
       1
       2
       3
       5
       3
       2
       3
       1
       1
       3
       3
       1
       4
       4
       2
       5
       2
       1
       3
       2
       6
       1
       5
       2
       5
       3
       2
       6
       4
       4
       5
       5
       5
       2
       2
       1
       1
       4
       0
       3
       5
       0
       2
       3
       3
       7
       3
       3
       0
       4
       5
       2
       0
       3
       3
       1
       5
       5
       5
       1
       3
       3
       3
       8
       2
       2
       6
       1
       2
       4
       5
       9
       4
       5
       7
       2
       2
       5
       2
       2
       2
       2
       5
       4
       5
       2
       3
       1
       3
       5
       3
       3
       2
       5
       7
       4
       7
       2
       5
       4
       3
       2
       2
       2
       7
       8
       1
       2
       5
       2
       1
       5
       4
       1
       3
       5
       3
       1
       3
       3
       3
       2
       3
       1
       4
       4
       1
       6
       5
       4
       5
       7
       2
       1
       5
       6
       4
       6
       4
       6
       7
       5
       7
       2
       5
       1
       1
       5
       3
       0
       2
       5
       4
       5
       5
       4
       4
       4
       3
       1
       2
       2
       3
       4
       2
       3
       3
       4
       4
       5
       2
       5
       4
       1
       4
       0
       5
       1
       0
       4
       3
       1
       5
       0
       3
       4
       4
       1
       4
       4
       3
       4
       3
       5
       6
       3
       4
       2
       5
       5
       5
       2
       1
       5
       8
       4
       4
       2
       2
       2
       4
       5
       1
       0
       2
       2
       1
       3
       1
       0
       4
       4
       4
       2
       3
       2
       1
       4
       6
       5
       2
       4
       2
       2
       2
       4
       2
       3
       3
       2
       4
       2
       1
       7
       1
       3
       4
       3
       5
       4
       1
       4
       3
       5
       4
       3
       6
       4
       3
       4
       1
       1
       3
       2
       4
       3
       4
       2
       4
       2
       3
       1
       4
       4
       2
       2
       3
       5
       7
       3
       2
      11
       3
       5
       5
       4
       1
       4
       1
       2
       4
       2
       5
       4
       1
       2
       5
       1
       3
       2
       4
       3
       2
       2
       3
       3
       4
       2
       2
       1
       3
       2
       4
       2
       0
       6
       5
       2
       4
       4
       7
       1
       4
       2
       2
       4
       0
       1
       2
       2
       2
       4
       2
       3
       4
       4
       6
       0
       0
       1
       5
       3
       1
       4
       1
       3
       1
       2
       3
       5
       1
       5
       1
       5
       2
       5
       4
       9
       1
       1
       1
       4
       1
       2
       1
       3
       4
       2
       1
       4
       3
       2
       1
       1
       0
       6
       3
       3
       5
       4
       3
       0
       4
       1
       4
       7
       7
       1
       5
       3
       4
       2
       2
       2
       0
       3
       3
       2
       5
       8
       3
       4
       3
       2
       3
       6
       2
       1
       2
       6
       2
       1
       3
       6
       3
       1
       3
       2
       2
       2
       0
       4
       1
       1
       1
       2
       2
       3
       4
       3
       2
       4
       5
       4
       0
       1
       5
       3
       4
       6
       3
       1
       5
       4
       2
       4
       5
       5
       2
       2
       3
       1
       1
       4
       3
       5
       3
       4
       2
       4
       3
       3
       4
       2
       5
       4
       4
       2
       3
       0
       3
       2
       4
       0
       3
       4
       3
       4
       3
       6
       4
       4
       4
       2
       2
       7
       6
       4
       3
       2
       0
       5
       5
       2
       3
       8
       2
       0
       0
       0
       0
       0
       0
       0
       0
       0
       0
       0
       0
       0
       0
       0
       0
       0
       0
       0
       0
       0
       0
       0
       0
       0
       0
       0
       0
       0
       0
       0
       0
       0
       0
       0
       0
       0
       0
       0
       0
       0
       0
       0
       0
       0
       0
       0
       0
       0
       0
       0
       0
       0
       0
       0
       0
       0
       0
       0
       0
       0
       0
       0
       0
       0
       0
       0
       0
       0
       0
       0
       0
       0
       0
       0
       0
       0
       0
       0
       0
       0
       0
       0
       0
       0
       0
       0
       0
       0
       0
       0
       0
       0
       0
       0
       0
       0
       0
       0
       0
       0
       0
       0
       0
       0
       0
       0
       0
       0
       0
       0
       0
       0
       0
       0
       0
       0
       0
       0
       0
       0
       0
       0
       0
       0
       0
       0
       0
       0
       0
       0
       0
       0
       0
       0
       0
       0
       0
       0
       0
       0
       0
       0
       0
       0
       0
       0
       0
       0
       0
       0
       0
       0
       0
       0
       0
       0
       0
       0
       0
       0
       0
       0
       0
       0
       0
       0
       0
       0
       0
       0
       0
       0
       0
       0
       0
       0
       0
       0
       0
       0
       0
       0
       0
       0
       0
       0
       0
       0
       0
       0
       0
       0
       0
       0
       0
       0
       0
       0
       0
       0
       0
       0
       0
       0
       0
       0
       0
       0
       0
       0
       0
       0
       0
       0
       0
       0
       0
       0
       0
       0
       0
       0
       0
       0
       0
       0
       0
       0
       0
       0
       0
       0
       0
       0
       0
       0
       0
       0
       0
       0
       0
       0
       0
       0
       0
       0
       0
       0
       0
       0
       0
       0
       0
       0
       0
$ROI:
0
$PRESETS:
None
0
0
$ENER_FIT:
0.000000 0.509980
$MCA_CAL:
3
0.000000E+000 5.099800E-001 0.000000E+000 keV
$SHAPE_CAL:
3
0.000000E+000 0.000000E+000 0.000000E+000
