$SPEC_ID:
No sample description was entered.
$SPEC_REM:
DET# 1
DETDESC# DLAB-PHY-L3-48 Model 928 SN 14118571
AP# Maestro Version 7.01
$DATE_MEA:
03/05/2026 14:38:07
$MEAS_TIM:
88875 90677
$DATA:
0 16383
       0
       0
       0
       0
       0
       0
       0
       0
       0
       0
       0
       0
       0
       0
       0
       0
     428
     391
     432
     434
     514
     528
     582
     576
     541
     537
     500
     508
     492
     477
     500
     563
     644
     940
    1321
    1633
    1812
    1699
    1481
    1239
    1076
     879
     792
     674
     515
     415
     313
     229
     204
     152
     104
      76
      63
      39
      53
      47
      47
      55
      61
     100
     130
     213
     336
     700
    1681
    4497
    9107
   14442
   20096
   52964
  302590
  743483
  479969
  196422
  144835
  129331
  122017
  120270
  121099
  124019
  126499
  131177
  136220
  141313
  146847
  152974
  158566
  163809
  169680
  174037
  179400
  184463
  190129
  195525
  198876
  204210
  208162
  213173
  217483
  221446
  226191
  230820
  235283
  239787
  243377
  248471
  253960
  258043
  262731
  268785
  273869
  279927
  284674
  289961
  295498
  301559
  307951
  314489
  320668
  327802
  334979
  341278
  348901
  356231
  363051
  370867
  378474
  386659
  394602
  404326
  412371
  420441
  429994
  439297
  449355
  457587
  468378
  476923
  489236
  499310
  508453
  518282
  529380
  538858
  549545
  559484
  569319
  579310
  587132
  595266
  601601
  609566
  616513
  624639
  629811
  634868
  639162
  641194
  644325
  645465
  647796
  645966
  645724
  642736
  639557
  638023
  631664
  626957
  620575
  613908
  606408
  599227
  590212
  581052
  571211
  560990
  549611
  540640
  527259
  515906
  504909
  493596
  481339
  469057
  457466
  445684
  433711
  422000
  409563
  398524
  386457
  376375
  365659
  354568
  344852
  335804
  325361
  316823
  307824
  299703
  291317
  284330
  276801
  270092
  262723
  256989
  251576
  246789
  240143
  236714
  232651
  226844
  223861
  220174
  218080
  213963
  211221
  208521
  207505
  204411
  202864
  200164
  199271
  198281
  197602
  195979
  195661
  193956
  193647
  192878
  191579
  191805
  191384
  191087
  190112
  189619
  190012
  190220
  189881
  190454
  190870
  190443
  189897
  191206
  189495
  190086
  189720
  190044
  190313
  190483
  189828
  190452
  190638
  190297
  190783
  189854
  189781
  189505
  189981
  190601
  191034
  189924
  190505
  190123
  190531
  190678
  190917
  191262
  190904
  191493
  190689
  191321
  191385
  191306
  191008
  191590
  191543
  190939
  190841
  190582
  191159
  191139
  191506
  191078
  191311
  190381
  191288
  190801
  190962
  190935
  191251
  190694
  190213
  191364
  190395
  190326
  190474
  190413
  190689
  191080
  190485
  190244
  190258
  189988
  190104
  189513
  189581
  189772
  188153
  188021
  189003
  188342
  187963
  188511
  187473
  187807
  187537
  186558
  186977
  186116
  186108
  185779
  185481
  184441
  184979
  185038
  184739
  183821
  183840
  183350
  182770
  183256
  182403
  182287
  181447
  180843
  180742
  179863
  179468
  179444
  179636
  179080
  178812
  177974
  177882
  177380
  177535
  176130
  176249
  176083
  175109
  174677
  174357
  173975
  173308
  173447
  172545
  172243
  171828
  171500
  171128
  170010
  169057
  169075
  168932
  168740
  167445
  167893
  166240
  165933
  166353
  165677
  164793
  164965
  164329
  163307
  162657
  162226
  161940
  161269
  160103
  160616
  159367
  159168
  158603
  157189
  157442
  156541
  155646
  156191
  154607
  154819
  154031
  153592
  153479
  152309
  151798
  151090
  150792
  150703
  149107
  149162
  148681
  148040
  146988
  146399
  146026
  146197
  145514
  144987
  144025
  143727
  142951
  142879
  141574
  141285
  140447
  139805
  139692
  140010
  138652
  137716
  137870
  137193
  136907
  136402
  135658
  134847
  133900
  133334
  132653
  132750
  132263
  132003
  131359
  130294
  130283
  129555
  129116
  128636
  128677
  127117
  127383
  126749
  126529
  125436
  124847
  124227
  124057
  123460
  122842
  121979
  121547
  120695
  121019
  119901
  119742
  118781
  118272
  118695
  118219
  117034
  117396
  116407
  116186
  114825
  114769
  114511
  113470
  113255
  112892
  111999
  112266
  111050
  111137
  110193
  109971
  109156
  109127
  108664
  107558
  107571
  107181
  106843
  106802
  106020
  105159
  104801
  104279
  103549
  103837
  103098
  102731
  101992
  102623
  101719
  100787
  100728
  100179
   99985
   99026
   99016
   98268
   98170
   98051
   97132
   96444
   96387
   96446
   95428
   95335
   94669
   94320
   93507
   93467
   93389
   92949
   92476
   91755
   91888
   91519
   91328
   90017
   89584
   89238
   89058
   88893
   88742
   87848
   87662
   87470
   87164
   86704
   86453
   85446
   85520
   85501
   85166
   84507
   84081
   83625
   83632
   82911
   82802
   81926
   81774
   81575
   81056
   80554
   81161
   80601
   80116
   79713
   79367
   78770
   78631
   77969
   78048
   77496
   77296
   77217
   76983
   76523
   76163
   75214
   75350
   74529
   74327
   73748
   74267
   73280
   72909
   72956
   72731
   71932
   72277
   71638
   71469
   71375
   71473
   70386
   70669
   70064
   69375
   69711
   68967
   69130
   68114
   68158
   68059
   68108
   67190
   67451
   67133
   66543
   65803
   66045
   66195
   65906
   64870
   64906
   64748
   64165
   63844
   63516
   63688
   63230
   62997
   62274
   62104
   62061
   62066
   61451
   61049
   60660
   60972
   60370
   60225
   59925
   59893
   59127
   59073
   58548
   58681
   58443
   58498
   58044
   57805
   57803
   57233
   57304
   56511
   56832
   56184
   56236
   55992
   55539
   55285
   55179
   54930
   54838
   54404
   54624
   54354
   54020
   53629
   53422
   53410
   52895
   52887
   52419
   52359
   51749
   51960
   52043
   51825
   51453
   51470
   51269
   50520
   50235
   49854
   50121
   49946
   49155
   49434
   49513
   49194
   49010
   48835
   48409
   48445
   48235
   47950
   47904
   47533
   47167
   47012
   47148
   46864
   46685
   46247
   45943
   45836
   45643
   45254
   45413
   44827
   44977
   44685
   44837
   44631
   44076
   43944
   43672
   43088
   43069
   43690
   42718
   42471
   42535
   42625
   42201
   42294
   41827
   41399
   41200
   41086
   41482
   41312
   40779
   40610
   40261
   40448
   40768
   39979
   39950
   39576
   39054
   39302
   39041
   39036
   38756
   38437
   38120
   37718
   38262
   37536
   37615
   37422
   37573
   36896
   36651
   36901
   36552
   36891
   36052
   36042
   35870
   36001
   35489
   35472
   35639
   35134
   35260
   35180
   35069
   34673
   34399
   34256
   34064
   34193
   34397
   33807
   33676
   33673
   33250
   33329
   33354
   32936
   32622
   32729
   32868
   32411
   32062
   31901
   32029
   31838
   31759
   32068
   31463
   31383
   31136
   31153
   31109
   31141
   30762
   30575
   30426
   30447
   30158
   30336
   29717
   29921
   29639
   29494
   29576
   29460
   29281
   29281
   29152
   29001
   28668
   28533
   28284
   28426
   28418
   28302
   28260
   27870
   27923
   27812
   27863
   27514
   27605
   27445
   27272
   26963
   27018
   27063
   27091
   26780
   26485
   26610
   26439
   26268
   26209
   26247
   26099
   25968
   26012
   25668
   25704
   25705
   25583
   25268
   25282
   25301
   25307
   24933
   24837
   24664
   24687
   24739
   24574
   24328
   24364
   24338
   24441
   24113
   24111
   23732
   23574
   23595
   23645
   23301
   23209
   23414
   23307
   23502
   23041
   23021
   22730
   22836
   23074
   22701
   22828
   22633
   22340
   22381
   22166
   22238
   22173
   21932
   22180
   21879
   21860
   22056
   21892
   21468
   21545
   21560
   21329
   21411
   20924
   21153
   21129
   20951
   20831
   20882
   20874
   20970
   20547
   20645
   20526
   20580
   20523
   20290
   19969
   20132
   19848
   20067
   19814
   19803
   19567
   19809
   19799
   19293
   19457
   19228
   19439
   19416
   19161
   19197
   19325
   19170
   18879
   19065
   19084
   18982
   18761
   18620
   18623
   18566
   18386
   18599
   18487
   18173
   18337
   18382
   18245
   18029
   17829
   18113
   18000
   17487
   17700
   17814
   17847
   17470
   17635
   17915
   17513
   17626
   17413
   17528
   17329
   17104
   17461
   17364
   17295
   17131
   16948
   17219
   16915
   16826
   16660
   16911
   16421
   16558
   16256
   16435
   16472
   16342
   16399
   16254
   16318
   15910
   15895
   16182
   15946
   15828
   15688
   15757
   15682
   15469
   15528
   15518
   15655
   15452
   15426
   15275
   15042
   15365
   15127
   15072
   14943
   14987
   14728
   14708
   14834
   14689
   14675
   14686
   14667
   14490
   14554
   14314
   14345
   14280
   14179
   14194
   14267
   14045
   13981
   13803
   13978
   13906
   13681
   13806
   13734
   13854
   13765
   13637
   13616
   13496
   13053
   13152
   13240
   13405
   13416
   13284
   13353
   13281
   12907
   13231
   12931
   13063
   12848
   12811
   12645
   12706
   12757
   12537
   12660
   12452
   12344
   12621
   12504
   12207
   12511
   12172
   12410
   12146
   12161
   11994
   12231
   11884
   12025
   11888
   11703
   11795
   11833
   11933
   11751
   11451
   11525
   11657
   11373
   11546
   11476
   11553
   11455
   11447
   11477
   11363
   11289
   11099
   11056
   11142
   10990
   10987
   11103
   11236
   10897
   10974
   11007
   10917
   10713
   10713
   10857
   10973
   10644
   10673
   10701
   10543
   10649
   10463
   10525
   10363
   10289
   10466
   10295
   10290
   10245
   10277
   10237
    9927
   10100
   10079
   10103
   10095
   10020
    9901
   10007
    9969
    9844
    9808
    9891
    9836
    9554
    9774
    9565
    9647
    9518
    9557
    9650
    9612
    9359
    9286
    9337
    9394
    9420
    9188
    9302
    9225
    9395
    9214
    9075
    8907
    9194
    9025
    9086
    9026
    9097
    9056
    8853
    8923
    8991
    8807
    8643
    8663
    8642
    8739
    8672
    8610
    8600
    8674
    8620
    8811
    8498
    8516
    8481
    8604
    8570
    8293
    8286
    8370
    8362
    8152
    8462
    8125
    8408
    8167
    8098
    8139
    8165
    8031
    7957
    8017
    8102
    8065
    7928
    7956
    7847
    7946
    7772
    7827
    7975
    7731
    7851
    7657
    7722
    7768
    7712
    7566
    7538
    7518
    7547
    7569
    7602
    7317
    7409
    7425
    7127
    7511
    7246
    7220
    7451
    7132
    7164
    7180
    7228
    7042
    7074
    7224
    7191
    6910
    7043
    6914
    7146
    7202
    6853
    7118
    6974
    6842
    6745
    6770
    6863
    6755
    6938
    6854
    6744
    6781
    6627
    6634
    6627
    6841
    6529
    6674
    6489
    6533
    6457
    6470
    6492
    6385
    6432
    6310
    6406
    6558
    6423
    6313
    6395
    6196
    6338
    6248
    6287
    6191
    6242
    6227
    6219
    6254
    6127
    6012
    6122
    5978
    6007
    5957
    6093
    6082
    6049
    5915
    5946
    5936
    5990
    5888
    5856
    5775
    5806
    5903
    5776
    5686
    5688
    5863
    5780
    5758
    5681
    5831
    5695
    5740
    5581
    5507
    5656
    5490
    5669
    5600
    5603
    5519
    5387
    5547
    5497
    5455
    5499
    5456
    5473
    5369
    5329
    5265
    5523
    5339
    5276
    5413
    5422
    5229
    5315
    5024
    5237
    5305
    5286
    5196
    5110
    5203
    5230
    5116
    5213
    5155
    5060
    5031
    5103
    5133
    5053
    5060
    5087
    5058
    4984
    4889
    4944
    4866
    4933
    5055
    4881
    4955
    4794
    4952
    4747
    4853
    4819
    4695
    4819
    4801
    4669
    4682
    4657
    4743
    4765
    4643
    4610
    4612
    4621
    4626
    4521
    4668
    4510
    4556
    4564
    4447
    4487
    4556
    4382
    4418
    4606
    4401
    4359
    4486
    4371
    4378
    4377
    4438
    4428
    4375
    4421
    4356
    4271
    4234
    4320
    4368
    4274
    4319
    4355
    4183
    4260
    4152
    4086
    4093
    4281
    4102
    4202
    4053
    4198
    4079
    4069
    4107
    4095
    4078
    3969
    4069
    4064
    4112
    4032
    4069
    3959
    4029
    3965
    4011
    3912
    3947
    3852
    3893
    3847
    3921
    3857
    3828
    3736
    3817
    3797
    3801
    3733
    3767
    3812
    3680
    3762
    3794
    3831
    3734
    3786
    3757
    3760
    3690
    3801
    3559
    3660
    3725
    3668
    3561
    3542
    3697
    3621
    3621
    3517
    3489
    3582
    3570
    3598
    3534
    3514
    3556
    3510
    3605
    3482
    3522
    3517
    3568
    3480
    3430
    3488
    3504
    3400
    3407
    3409
    3394
    3374
    3309
    3379
    3425
    3384
    3337
    3404
    3381
    3392
    3221
    3294
    3259
    3317
    3254
    3226
    3139
    3344
    3205
    3221
    3333
    3258
    3135
    3191
    3155
    3177
    3192
    3098
    3222
    3101
    3052
    3155
    3117
    3128
    3001
    3041
    3040
    3033
    3081
    3041
    3158
    3109
    3067
    3107
    2976
    2970
    2961
    3007
    2994
    2996
    3046
    2887
    3014
    2836
    2969
    2980
    2939
    2911
    2959
    2931
    2859
    2963
    2967
    2883
    2833
    2823
    2799
    2897
    2744
    2859
    2759
    2801
    2860
    2793
    2720
    2742
    2825
    2749
    2696
    2748
    2690
    2603
    2689
    2856
    2622
    2704
    2751
    2779
    2804
    2663
    2708
    2623
    2595
    2688
    2707
    2680
    2738
    2618
    2644
    2636
    2638
    2635
    2538
    2612
    2589
    2594
    2526
    2497
    2498
    2482
    2446
    2494
    2518
    2491
    2540
    2537
    2504
    2551
    2480
    2493
    2410
    2469
    2500
    2461
    2441
    2486
    2435
    2381
    2352
    2498
    2487
    2405
    2454
    2422
    2252
    2376
    2336
    2408
    2393
    2371
    2277
    2403
    2240
    2352
    2277
    2339
    2337
    2286
    2270
    2338
    2277
    2258
    2320
    2293
    2287
    2354
    2277
    2312
    2222
    2206
    2234
    2246
    2156
    2225
    2195
    2231
    2147
    2198
    2232
    2174
    2148
    2213
    2154
    2175
    2112
    2041
    2234
    2126
    2137
    2137
    2044
    2127
    2162
    2176
    2069
    2178
    2087
    2171
    2061
    2137
    2048
    2055
    2106
    2122
    2064
    2051
    2010
    2065
    2052
    2101
    2024
    2026
    1989
    2036
    1907
    1983
    2041
    2017
    2013
    2025
    1906
    2064
    1898
    1945
    2033
    1931
    1954
    1972
    1924
    1917
    1963
    1937
    1871
    1913
    1936
    1891
    1846
    1914
    1867
    1913
    1889
    1878
    1918
    1805
    1858
    1896
    1876
    1886
    1841
    1864
    1828
    1826
    1799
    1737
    1792
    1746
    1838
    1721
    1798
    1781
    1754
    1742
    1721
    1870
    1710
    1797
    1751
    1798
    1754
    1692
    1698
    1727
    1723
    1791
    1736
    1795
    1717
    1774
    1674
    1676
    1658
    1741
    1684
    1703
    1692
    1671
    1700
    1693
    1679
    1653
    1656
    1660
    1708
    1575
    1683
    1655
    1589
    1672
    1636
    1594
    1596
    1634
    1655
    1565
    1621
    1555
    1577
    1605
    1532
    1572
    1598
    1507
    1613
    1591
    1581
    1618
    1545
    1530
    1498
    1567
    1540
    1505
    1480
    1473
    1489
    1531
    1481
    1510
    1506
    1440
    1570
    1528
    1473
    1497
    1499
    1530
    1519
    1504
    1492
    1376
    1436
    1424
    1484
    1455
    1434
    1446
    1382
    1447
    1510
    1422
    1433
    1410
    1429
    1342
    1384
    1412
    1344
    1325
    1370
    1443
    1414
    1404
    1410
    1338
    1382
    1338
    1367
    1326
    1311
    1357
    1385
    1377
    1342
    1325
    1335
    1330
    1297
    1308
    1314
    1289
    1295
    1295
    1344
    1312
    1297
    1181
    1305
    1326
    1340
    1273
    1254
    1256
    1343
    1240
    1263
    1256
    1278
    1289
    1256
    1159
    1214
    1247
    1311
    1265
    1278
    1192
    1220
    1229
    1228
    1226
    1188
    1216
    1285
    1235
    1183
    1170
    1234
    1200
    1174
    1122
    1153
    1145
    1147
    1156
    1134
    1232
    1168
    1188
    1176
    1181
    1165
    1168
    1146
    1150
    1137
    1133
    1093
    1115
    1082
    1137
    1156
    1129
    1147
    1133
    1107
    1113
    1127
    1134
    1092
    1089
    1073
    1067
    1042
    1089
    1125
    1058
    1093
    1039
    1035
    1046
     999
    1106
    1049
    1069
    1121
    1038
    1090
    1048
    1100
    1011
    1035
    1031
    1075
    1071
    1082
    1045
    1017
    1015
    1054
    1063
    1037
    1068
    1065
    1027
     969
    1024
     978
    1017
    1018
    1023
     964
    1011
    1021
    1047
    1002
     933
    1006
     999
     972
     933
     984
     952
     928
     966
     982
     920
     872
     961
     938
     966
     948
     935
     929
     930
     954
     980
     953
     925
     912
     955
     919
     958
     900
     940
     938
     914
     964
     918
     939
     847
     906
     890
     943
     902
     901
     960
     876
     876
     850
     923
     908
     929
     877
     873
     922
     886
     837
     900
     835
     887
     842
     921
     870
     834
     828
     914
     883
     930
     813
     916
     861
     901
     876
     910
     834
     924
     829
     806
     856
     826
     856
     752
     875
     836
     844
     798
     896
     861
     818
     803
     805
     798
     794
     855
     842
     787
     832
     777
     837
     794
     793
     808
     758
     779
     814
     814
     843
     755
     761
     817
     780
     819
     780
     780
     718
     803
     800
     763
     793
     748
     740
     749
     757
     727
     763
     763
     760
     702
     805
     734
     730
     735
     738
     702
     700
     739
     723
     702
     709
     730
     710
     736
     700
     741
     690
     675
     696
     690
     690
     764
     711
     717
     712
     714
     671
     690
     668
     729
     701
     709
     699
     698
     663
     651
     656
     699
     681
     672
     694
     645
     698
     681
     682
     716
     591
     701
     675
     577
     678
     719
     660
     664
     663
     654
     660
     625
     633
     622
     612
     595
     621
     662
     643
     605
     688
     599
     635
     638
     668
     615
     640
     628
     604
     648
     612
     630
     661
     642
     609
     601
     577
     615
     600
     664
     576
     604
     592
     595
     593
     574
     579
     593
     592
     535
     578
     550
     547
     563
     622
     578
     557
     577
     561
     594
     534
     594
     575
     556
     540
     536
     559
     588
     583
     515
     586
     580
     555
     532
     556
     522
     545
     555
     518
     580
     566
     590
     550
     507
     512
     524
     537
     515
     509
     550
     536
     537
     531
     569
     525
     539
     550
     488
     500
     565
     554
     575
     486
     530
     505
     482
     517
     526
     525
     534
     478
     481
     521
     518
     502
     481
     487
     508
     450
     478
     527
     474
     486
     493
     497
     440
     476
     495
     469
     445
     442
     487
     477
     446
     444
     490
     472
     447
     426
     471
     491
     468
     471
     449
     445
     466
     461
     491
     465
     475
     454
     439
     477
     445
     454
     453
     461
     418
     437
     418
     432
     447
     452
     431
     439
     461
     391
     464
     447
     430
     420
     439
     412
     446
     423
     428
     429
     448
     436
     379
     395
     407
     471
     411
     431
     452
     430
     411
     409
     432
     398
     420
     404
     408
     442
     399
     412
     403
     402
     417
     368
     376
     384
     388
     386
     374
     403
     405
     394
     371
     405
     375
     391
     358
     343
     417
     371
     383
     346
     343
     373
     409
     389
     391
     351
     404
     366
     384
     379
     353
     394
     385
     369
     348
     335
     333
     345
     406
     352
     342
     333
     365
     371
     355
     376
     363
     376
     316
     340
     350
     356
     374
     350
     366
     349
     346
     351
     359
     339
     349
     365
     337
     357
     372
     338
     329
     332
     335
     394
     358
     349
     338
     339
     318
     373
     340
     326
     321
     317
     343
     358
     349
     318
     345
     311
     313
     313
     334
     335
     315
     350
     360
     342
     342
     344
     358
     310
     301
     355
     319
     346
     298
     329
     321
     304
     304
     323
     327
     315
     319
     320
     312
     322
     316
     332
     339
     326
     324
     317
     346
     335
     331
     330
     324
     332
     317
     330
     296
     329
     321
     341
     308
     301
     305
     283
     349
     290
     347
     319
     333
     307
     321
     296
     299
     317
     296
     318
     303
     334
     306
     309
     335
     294
     336
     314
     325
     296
     351
     307
     308
     286
     288
     315
     312
     293
     324
     318
     326
     326
     329
     304
     322
     333
     310
     328
     312
     290
     308
     323
     321
     313
     345
     332
     314
     311
     306
     285
     327
     352
     307
     315
     306
     317
     309
     322
     309
     313
     329
     323
     325
     346
     316
     315
     285
     314
     322
     307
     311
     302
     322
     305
     328
     326
     379
     308
     317
     286
     341
     305
     326
     336
     329
     326
     336
     319
     307
     341
     320
     319
     337
     327
     334
     333
     320
     318
     339
     318
     303
     293
     314
     319
     358
     316
     344
     297
     302
     314
     342
     352
     333
     332
     333
     329
     310
     346
     306
     276
     311
     336
     345
     337
     329
     326
     323
     318
     340
     315
     339
     339
     346
     317
     327
     357
     344
     354
     340
     320
     348
     357
     338
     323
     323
     329
     315
     354
     342
     349
     316
     317
     347
     322
     337
     330
     340
     337
     326
     325
     328
     336
     315
     330
     302
     358
     346
     396
     360
     298
     326
     323
     365
     312
     329
     295
     318
     349
     324
     318
     313
     322
     328
     371
     326
     300
     348
     335
     293
     308
     347
     329
     341
     333
     344
     331
     342
     325
     344
     331
     327
     305
     336
     311
     308
     344
     332
     336
     338
     342
     302
     301
     295
     317
     283
     309
     303
     318
     290
     306
     305
     303
     301
     281
     318
     307
     310
     296
     299
     285
     334
     316
     258
     321
     338
     316
     304
     297
     302
     299
     274
     297
     292
     295
     253
     296
     296
     266
     286
     288
     270
     261
     275
     271
     270
     304
     254
     264
     281
     269
     269
     253
     259
     275
     258
     263
     266
     244
     267
     248
     271
     253
     247
     216
     273
     251
     237
     227
     210
     235
     253
     234
     255
     252
     229
     203
     229
     226
     207
     234
     215
     231
     262
     222
     201
     195
     204
     217
     197
     228
     200
     216
     206
     189
     193
     196
     222
     215
     216
     182
     167
     168
     203
     197
     177
     168
     198
     187
     170
     197
     187
     179
     193
     200
     177
     178
     167
     177
     151
     185
     164
     202
     173
     173
     171
     151
     151
     169
     152
     159
     137
     178
     164
     158
     150
     154
     137
     152
     162
     163
     149
     150
     159
     145
     119
     132
     151
     154
     151
     149
     126
     135
     153
     148
     143
     127
     142
     125
     149
     144
     152
     110
     128
     125
     116
     124
     126
     121
     151
     123
     118
     124
     113
     146
     121
     125
     121
     137
     119
     129
     122
     117
     131
      93
     115
     102
     120
     128
     119
     113
      95
     106
     120
     102
     111
     121
      89
     108
     105
     103
     104
      70
     102
     107
      86
      91
      89
     114
      97
     103
      82
      94
      94
      91
     113
      90
      96
     101
      98
     100
      97
      88
      95
      86
     113
      96
      78
      84
      92
      94
      80
     115
      92
      88
      97
      69
      89
     110
      90
      75
      85
      88
     109
     104
      78
      73
      93
      89
      87
      94
      92
      88
      75
      90
      84
      81
      84
      88
     103
      77
      93
      90
      87
      81
      73
      87
      85
      93
     116
      91
      61
      82
      70
      75
      98
      89
      88
      88
      76
      86
      80
      74
     104
      78
      82
     106
      97
      87
      72
      90
      82
      92
      66
      79
      84
      79
      76
      82
      69
      81
      81
      78
      86
      81
      74
      71
      67
      75
      74
      83
      80
      82
      72
      79
      99
      79
      72
      87
      79
      68
      79
      73
      75
      75
      71
      88
      92
      74
      79
      64
      89
      70
      52
      58
      71
      62
      81
      90
      67
      71
      63
      75
      70
      79
      69
      71
      75
      79
      84
      82
      67
      64
      78
      82
      78
      82
      61
      80
      70
      76
      69
      56
      83
      58
      82
      85
      77
      74
      69
      79
      70
      66
      73
      63
      73
      77
      59
      58
      80
      66
      67
      65
      70
      87
      63
      62
      68
      75
      70
      70
      73
      89
      64
      78
      63
      66
      76
      63
      59
      66
      66
      66
      69
      63
      55
      73
      77
      67
      74
      72
      60
      68
      62
      65
      83
      61
      58
      67
      65
      62
      55
      70
      77
      62
      77
      60
      66
      67
      65
      78
      66
      53
      67
      53
      71
      65
      73
      66
      66
      64
      56
      59
      59
      67
      46
      70
      51
      68
      49
      63
      57
      67
      65
      67
      61
      65
      62
      63
      57
      56
      71
      56
      65
      51
      66
      71
      58
      69
      73
      66
      56
      61
      74
      68
      61
      69
      68
      57
      60
      56
      53
      62
      73
      71
      64
      64
      46
      74
      52
      74
      61
      69
      67
      59
      67
      56
      60
      52
      58
      55
      54
      51
      54
      57
      76
      53
      58
      48
      63
      52
      70
      54
      65
      60
      64
      69
      59
      63
      67
      48
      58
      53
      47
      68
      61
      65
      67
      55
      58
      53
      53
      58
      61
      53
      52
      63
      49
      54
      47
      48
      57
      56
      50
      68
      56
      41
      55
      55
      49
      55
      58
      65
      57
      49
      62
      55
      53
      63
      65
      45
      55
      65
      54
      50
      38
      59
      47
      39
      48
      49
      50
      41
      57
      55
      55
      50
      45
      57
      42
      50
      44
      50
      54
      39
      47
      41
      61
      44
      62
      50
      47
      56
      50
      57
      42
      52
      52
      60
      47
      61
      44
      52
      50
      46
      63
      34
      51
      47
      40
      39
      53
      61
      47
      49
      53
      35
      53
      44
      37
      48
      52
      50
      41
      50
      42
      47
      42
      50
      43
      35
      51
      40
      46
      48
      43
      39
      48
      36
      47
      34
      43
      36
      37
      43
      49
      49
      37
      41
      48
      39
      43
      43
      48
      28
      48
      51
      40
      44
      40
      36
      38
      46
      31
      33
      45
      45
      35
      46
      45
      45
      41
      45
      47
      35
      43
      35
      27
      40
      35
      46
      42
      30
      38
      38
      35
      38
      36
      34
      45
      27
      35
      35
      40
      38
      39
      34
      36
      46
      41
      49
      42
      40
      46
      35
      46
      39
      37
      39
      38
      34
      48
      42
      34
      35
      24
      39
      30
      45
      30
      44
      39
      40
      38
      37
      52
      44
      44
      44
      45
      31
      38
      30
      35
      36
      36
      28
      29
      32
      44
      27
      43
      37
      35
      34
      33
      26
      30
      39
      39
      25
      36
      37
      20
      21
      26
      36
      37
      32
      27
      34
      39
      37
      20
      31
      30
      42
      25
      26
      39
      32
      28
      33
      38
      28
      39
      40
      36
      37
      29
      31
      33
      38
      30
      33
      31
      27
      30
      38
      35
      39
      29
      31
      33
      30
      24
      35
      33
      33
      37
      32
      31
      30
      32
      25
      31
      30
      33
      34
      32
      31
      32
      33
      47
      32
      33
      27
      30
      27
      33
      42
      28
      25
      28
      25
      30
      40
      32
      38
      31
      30
      24
      38
      44
      26
      30
      38
      30
      31
      35
      39
      23
      29
      26
      31
      31
      28
      34
      30
      37
      39
      36
      36
      25
      43
      33
      33
      36
      28
      32
      23
      37
      36
      36
      25
      32
      27
      34
      31
      33
      34
      29
      34
      30
      19
      32
      34
      30
      31
      35
      36
      28
      32
      24
      27
      24
      32
      37
      30
      21
      30
      30
      23
      32
      27
      23
      37
      24
      28
      31
      36
      35
      25
      31
      29
      30
      21
      30
      31
      29
      32
      31
      37
      38
      30
      27
      37
      38
      26
      29
      21
      29
      31
      21
      31
      24
      31
      28
      32
      29
      34
      28
      29
      27
      25
      25
      25
      35
      27
      26
      21
      22
      20
      28
      30
      29
      23
      24
      20
      42
      25
      36
      35
      27
      27
      29
      28
      28
      26
      27
      32
      30
      32
      37
      25
      24
      29
      30
      34
      18
      29
      30
      27
      30
      26
      26
      43
      34
      29
      33
      42
      24
      30
      28
      34
      28
      29
      37
      24
      26
      28
      30
      33
      35
      31
      25
      36
      28
      28
      23
      29
      41
      32
      34
      40
      31
      26
      31
      28
      28
      21
      34
      15
      29
      23
      25
      29
      30
      37
      29
      24
      37
      23
      26
      31
      26
      36
      27
      20
      15
      31
      38
      36
      33
      28
      33
      29
      25
      31
      25
      29
      32
      32
      32
      35
      37
      27
      23
      35
      36
      28
      24
      19
      23
      30
      37
      25
      25
      26
      28
      30
      42
      26
      31
      36
      25
      33
      31
      33
      24
      23
      34
      27
      33
      25
      17
      30
      25
      26
      27
      29
      33
      30
      30
      35
      30
      34
      35
      32
      22
      33
      30
      32
      27
      26
      21
      23
      24
      35
      36
      28
      33
      27
      41
      23
      28
      27
      40
      22
      30
      22
      30
      29
      30
      42
      28
      30
      31
      21
      36
      34
      27
      36
      40
      32
      24
      24
      34
      31
      27
      31
      23
      24
      38
      23
      27
      29
      34
      29
      33
      32
      30
      39
      25
      34
      28
      28
      32
      29
      26
      33
      25
      38
      32
      25
      34
      41
      25
      26
      33
      22
      33
      31
      38
      35
      32
      28
      24
      22
      37
      31
      29
      28
      34
      24
      35
      33
      26
      35
      32
      33
      30
      26
      28
      30
      21
      35
      32
      38
      31
      38
      31
      34
      19
      24
      32
      29
      31
      32
      35
      32
      26
      22
      29
      29
      26
      25
      34
      33
      36
      28
      29
      31
      30
      25
      29
      28
      31
      43
      27
      30
      27
      30
      27
      32
      29
      29
      37
      35
      24
      27
      27
      25
      36
      37
      27
      32
      39
      36
      39
      23
      26
      26
      24
      31
      27
      23
      31
      29
      21
      30
      24
      25
      35
      33
      29
      26
      32
      30
      27
      24
      26
      22
      34
      28
      32
      42
      29
      27
      35
      23
      21
      31
      23
      31
      30
      22
      27
      35
      26
      35
      37
      25
      18
      25
      26
      37
      21
      31
      33
      30
      35
      22
      19
      32
      30
      34
      36
      31
      21
      20
      28
      17
      20
      29
      29
      35
      24
      35
      24
      26
      28
      26
      23
      27
      26
      30
      29
      30
      33
      33
      22
      19
      18
      25
      25
      28
      31
      37
      30
      30
      37
      14
      19
      30
      23
      24
      33
      30
      19
      28
      31
      29
      30
      16
      24
      32
      28
      37
      32
      23
      21
      20
      32
      22
      17
      35
      24
      16
      28
      38
      24
      20
      25
      32
      22
      22
      33
      30
      19
      28
      27
      21
      21
      26
      33
      13
      20
      26
      19
      30
      23
      26
      25
      18
      23
      32
      27
      30
      11
      22
      20
      28
      17
      22
      18
      20
      31
      27
      25
      27
      30
      21
      21
      23
      25
      20
      30
      25
      17
      28
      24
      24
      20
      29
      21
      30
      25
      33
      13
      31
      21
      30
      21
      16
      20
      23
      22
      21
      24
      16
      22
      18
      14
      25
      24
      28
      14
      20
      20
      27
      30
      20
      28
      17
      18
      28
      24
      20
      20
      22
      20
      20
      26
      13
      20
      19
      24
      17
      26
      26
      21
      12
      25
      28
      22
      21
      17
      24
      26
      25
      14
      14
      17
      20
      13
      31
      20
      21
      13
      22
      18
      17
      21
      14
      23
      13
      33
      10
      15
      18
      25
      18
      18
      21
      16
      24
      18
      15
      12
      15
      18
      19
      15
      22
      23
      16
      24
      15
      18
      22
      20
      17
      18
      16
      20
      23
      16
      23
      20
      23
      24
      16
      11
      27
      20
      20
      18
      21
      18
      17
      17
      23
      11
      19
      19
      16
      18
      19
      12
      18
      18
      17
      16
      24
      10
      15
      22
      18
      25
      16
      16
      19
      23
      11
      17
      20
      26
      16
      16
      17
      15
      12
      19
       9
      17
      21
      13
      19
      19
      22
      18
      13
      17
      13
      16
       8
      21
      25
      16
      15
      22
      13
      12
      18
      21
      19
      23
       8
      19
      15
      11
      21
      10
      14
      24
      18
      20
      11
      15
      16
      14
      13
      15
      15
      17
      18
      18
      20
      19
      11
      20
      16
      23
      12
      13
      16
      18
      14
      16
      22
      24
      18
      12
      17
      14
      13
      15
      19
      13
      11
      17
      18
      21
      11
      16
      14
      13
      13
      14
      24
      18
      17
      17
      22
      10
      18
      14
      17
      15
      15
      14
      15
      18
      13
      12
      12
      23
      21
      15
      15
      23
      17
      14
      17
      19
      13
      15
      15
      18
      13
      19
      22
      15
      14
      13
      23
      15
      11
      15
      16
      16
      14
      14
      19
      13
      15
      21
      15
      20
      14
      21
      13
       8
      10
      16
      12
      20
      27
      13
      20
      18
      14
      13
      14
       8
      22
      13
       9
      12
      12
      20
      15
      17
      17
      14
      18
      17
      23
      16
      13
      23
      12
      14
      12
      10
      12
      17
      15
      16
      13
      13
      11
      14
       9
      19
      16
      10
       9
      13
      18
      10
      19
       9
      15
      11
      11
      17
      17
      16
      17
      12
      15
      13
      14
      14
      15
      15
       9
      11
      11
      19
      23
       7
      13
      15
      16
      12
      18
      19
      15
      15
      22
      20
      19
      11
      17
       8
      16
      13
      10
      14
      13
      19
      19
      17
      20
      18
      15
      13
      22
      19
      14
      18
      19
       7
      13
      21
      12
      18
      10
      15
      16
      12
      22
      16
      21
      14
      18
      13
      12
      15
      21
      20
      21
      18
      22
      15
      17
      25
      16
      16
      20
      20
      15
      15
      15
      21
      15
      12
      17
      20
      18
      17
      17
      10
      15
      14
      10
      15
      18
      13
      16
      12
      13
      19
      18
      19
      24
      22
      13
      15
      17
      14
      24
      19
      19
      20
      23
      16
      13
      13
      17
      20
      26
      18
      12
      22
      27
      13
      14
      14
      20
      16
      10
      16
      19
      16
      23
      18
      19
      20
      17
      18
      14
      10
      18
      24
      19
      21
      18
      22
      14
      23
      26
      20
      19
      14
      18
      25
      21
      17
      16
      25
      22
      18
      23
      18
      17
      20
      16
      16
      15
      18
       8
      14
      17
      17
      26
      15
      22
      15
      20
      19
      16
      22
      20
      27
      20
      21
      19
      21
      22
      19
      17
      22
      17
      11
      22
      15
      19
      18
      20
      24
      12
      18
      26
      19
      19
      20
      17
      24
      13
      20
      19
      29
      24
      24
      16
      18
      25
      18
      21
      16
      19
      14
      26
      22
      18
      24
      21
      18
      15
      35
      16
      26
      15
      19
      21
      19
      22
      23
      16
      24
      22
      15
      15
      15
      28
      25
      21
      19
      30
      15
      22
      15
      15
      22
      25
      18
      20
      22
      21
      17
      17
      22
      18
      17
      20
      23
      20
      18
      25
      16
      16
      22
      17
      20
      23
      25
      16
      14
      14
      15
      25
      15
      17
      26
      21
      17
      25
      12
      16
      27
      19
      18
      17
      35
      14
      12
      13
      11
      27
      17
      14
      24
      24
      14
      16
      26
      25
      19
      20
      24
      17
      17
      22
      21
      21
      21
      16
      16
      19
      29
      26
      17
      17
      21
      18
      17
      23
      18
      26
      20
      20
      20
      17
      23
      22
      17
      19
      19
      18
      16
      20
      19
      16
      12
      15
      18
      24
      21
      25
      22
      20
      18
      13
      17
      13
      18
      22
      17
      18
      21
      21
      20
      17
      17
      21
      17
      15
      17
      15
      22
      14
      28
      18
      16
      20
      17
      19
      16
      19
      17
      22
      16
      14
      13
      17
      23
      16
      14
      15
      23
      12
      20
      17
      17
      16
      14
      11
      13
      18
      17
       9
      13
      16
      17
      17
      14
      15
      14
      14
      19
      13
      11
       9
      20
       9
      10
      12
       8
      16
      11
       6
      12
      12
      12
      13
      14
      12
      13
      13
      18
      12
      16
      14
      14
      11
      10
      10
      14
      12
      11
      14
      15
      13
      13
       7
      10
      13
       8
       5
      10
       8
       9
      13
      12
       8
      13
       9
      10
       7
      11
      11
       6
      12
      14
      17
      10
       9
      13
       5
       9
       6
       5
      12
       6
       4
       5
      11
      13
       6
      13
       7
       9
       6
      11
      11
      12
      11
      11
       9
       8
      12
       6
      11
       7
      11
      13
       3
       4
       7
       6
       7
      14
       6
      10
       5
       9
       8
       7
       5
      11
       5
       5
       5
       4
       5
       8
       9
       5
      10
       7
       5
       3
       3
       8
       7
       7
       6
       2
       5
       7
       7
       2
       6
       6
       7
       8
      10
       3
       8
      10
       4
       5
       2
      10
       5
       4
       5
       6
       9
       3
       5
       4
       7
       6
       3
       6
       2
       6
       6
       5
       6
       7
       6
       4
       4
      12
       5
       7
       6
       7
       4
       5
       4
       6
       4
       6
       2
       5
       3
       3
       8
       3
       6
       3
       8
       2
       9
       3
       3
       4
       5
       8
       3
       4
       2
       6
       5
       3
       3
       6
       3
       0
       4
       4
       6
       4
       7
       0
       5
       2
       7
       5
       5
       5
       2
       4
       1
       3
      12
       2
       0
       2
       4
       4
       2
       2
       7
       2
       6
       5
       3
       0
       6
       5
       1
       4
       5
       2
       4
       3
       3
       4
       2
       2
       3
       5
       2
       4
       5
       3
       4
       1
       5
       2
       4
       0
       3
       2
       3
       5
       1
       2
       3
       3
       7
       3
       4
       4
       0
       4
       3
       4
       4
       9
       5
       4
       3
       4
       1
       5
       2
       5
       2
       6
       4
       6
       3
       5
       2
       2
       5
       4
       0
       0
       3
       4
       2
       3
       4
       5
       3
       3
       3
       1
       3
       3
       4
       5
       6
       6
       1
       5
       3
       1
       7
       4
       3
       4
       3
       2
       3
       5
       6
       6
       1
       2
       3
       1
       4
       2
       3
       4
       1
       4
       3
       1
       4
       3
       1
       0
       4
       4
       4
       3
       2
       5
       2
       4
       7
       7
       4
       3
       3
       3
       2
       4
       4
       2
       9
       4
       3
       4
       0
       3
       4
       4
       3
       2
       2
       1
       3
       5
       1
       3
       4
       2
       2
       1
       4
       5
       2
       3
       4
       2
       5
       6
       4
       0
       5
       4
       1
       2
       3
       3
       5
       4
       5
       2
       3
       4
       5
       5
       4
       4
       2
       3
       3
       6
       4
       3
       2
       3
       5
       2
       4
       1
       2
       3
       2
       1
       2
       6
       4
       6
       2
       5
       2
       4
       7
       4
       2
       4
       2
       4
       6
       5
       3
       1
       3
       3
       5
       1
       1
       4
       1
       2
       2
       3
       0
       1
       2
       1
       2
       1
       2
       3
       2
       2
       5
       3
       3
       3
       1
       4
       2
       2
       3
       6
       6
       6
       1
       3
       0
       3
       4
       2
       6
       2
       2
       3
       3
       4
       7
       3
       2
       3
       4
       4
       2
       5
       0
       1
       5
       1
       3
       3
       2
       4
       5
       3
       3
       3
       4
       5
       1
       4
       3
       3
       3
       9
       3
       2
       3
       4
       5
       1
       6
       1
       2
       4
       5
       2
       1
       3
       2
       2
       2
       4
       3
       3
       3
       2
       1
       1
       1
       0
       5
       3
       0
       4
       4
       1
       2
       2
       4
       3
       3
       2
       6
       1
       3
       2
       3
       4
       1
       3
       4
       2
       3
       2
       2
       1
       4
       2
       4
       2
       5
       1
       0
       2
       2
       1
       2
       0
       0
       6
       8
       4
       3
       4
       3
       4
       3
       2
       2
       2
       2
       2
       3
       1
       2
       4
       4
       4
       2
       5
       4
       3
       6
       4
       1
       4
       3
       1
       4
       2
       1
       3
       5
       3
       5
       1
       1
       2
       4
       1
       4
       4
       5
       1
       5
       4
       2
       3
       4
       6
       1
       2
       2
       5
       3
       3
       3
       1
       3
       0
       6
       3
       2
       5
       2
       1
       1
       5
       2
       2
       4
       5
       3
       7
       3
       5
       3
       1
       5
       7
       3
       2
       3
       5
       3
       2
       2
       4
       2
       0
       3
       2
       1
       1
       3
       4
       6
       4
       6
       0
       2
       4
       4
       2
       0
       3
       2
       3
       3
       2
       3
       3
       3
       5
       4
       7
       1
       5
       0
       1
       6
       2
       1
       3
       3
       3
       2
       6
       3
       1
       4
       4
       3
       3
       5
       6
       4
       4
       6
       2
       2
       3
       1
       3
       3
       1
       2
       2
       2
       0
       3
       3
       1
       4
       2
       1
       3
       1
       5
       2
       5
       2
       6
       4
       2
       2
       2
       5
       2
       5
       1
       1
       2
       5
       3
       3
       6
       2
       2
       3
       0
       2
       2
       3
       1
       2
       2
       4
       0
       1
       2
       4
       3
       5
       0
       2
       1
       3
       0
       0
       4
       1
       5
       4
       1
      10
       3
       1
       1
       3
       0
       5
       4
       5
       2
       1
       3
       1
       5
       4
       3
       5
       2
       2
       2
       2
       3
       4
       2
       6
       2
       3
       3
       5
       3
       1
       1
       2
       4
       5
       2
       3
       2
       3
       3
       2
       4
       3
       3
       8
       4
       2
       4
       1
       2
       6
       2
       3
       4
       5
       1
       3
       1
       4
       3
       2
       3
       1
       4
       1
       2
       2
       4
       6
       0
       2
       5
       2
       3
       1
       2
       4
       3
       1
       8
       3
       1
       2
       3
       4
       5
       3
       5
       2
       6
       2
       3
       4
       4
       1
       3
       2
       3
       1
       2
       3
       1
       3
       3
       4
       3
       3
       4
       5
       1
       3
       4
       5
       4
       3
       1
       4
       5
       3
       3
       1
       2
       1
       6
       1
       3
       2
       3
       2
       1
       5
       4
       4
       3
       3
       2
       4
       4
       1
       3
       3
       3
       4
       2
       1
       4
       6
       3
       2
       1
       1
       4
       1
       1
       2
       4
       2
       2
       1
       4
       5
       5
       3
       2
       6
       5
       2
       3
       2
       0
       7
       2
       0
       4
       1
       2
       4
       3
       2
       3
       0
       4
       3
       4
       3
       2
       1
       1
       3
       0
       2
       4
       1
       3
       3
       3
       2
       2
       2
       4
       1
       1
       4
       4
       0
       3
       1
       1
       2
       6
       1
       1
       1
       1
       1
       2
       4
       3
       2
       2
       1
       1
       7
       4
       1
       3
       2
       2
       5
       3
       4
       4
       2
       1
       1
       3
       4
       4
       8
       3
       3
       6
       5
       0
       3
       3
       6
       1
       5
       2
       4
       4
       4
       3
       2
       1
       2
       4
       2
       3
       4
       2
       1
       1
       1
       1
       6
       5
       3
       2
       1
       2
       3
       2
       0
       3
       4
       3
       4
       2
       5
       2
       0
       1
       1
       1
       2
       4
       5
       3
       4
       1
       4
       5
       3
       8
       0
       2
       1
       1
       6
       5
       2
       2
       2
       2
       0
       2
       2
       3
       2
       1
       5
       1
       3
       3
       4
       3
       6
       0
       2
       4
       3
       2
       1
       2
       2
       2
       2
       4
       1
       4
       5
       3
       4
       2
       2
       1
       1
       4
       4
       3
       2
       5
       1
       2
       3
       2
       3
       4
       5
       2
       2
       2
       5
       4
       7
       3
       3
       3
       2
       4
       2
       1
       4
       4
       2
       2
       6
       2
       5
       6
       1
       5
       2
       5
       1
       6
       0
       2
       5
       4
       1
       2
       5
       3
       3
       4
       4
       4
       2
       4
       3
       3
       4
       1
       4
       4
       1
       3
       5
       2
       2
       5
       2
       4
       1
       2
       8
       3
       1
       0
       3
       4
       4
       2
       4
       4
       2
       1
       3
       3
       3
       1
       5
       2
       6
       2
       3
       3
       5
       2
       1
       5
       0
       4
       1
       5
       5
       1
       3
       3
       3
       0
       2
       6
       3
       0
       4
       2
       2
       2
       2
       2
       6
       3
       3
       2
       0
       2
       1
       2
       3
       2
       1
       4
       2
       3
       1
       1
       2
       2
       4
       2
       3
       2
       1
       4
       3
       1
       1
       4
       1
       3
       3
       1
       2
       4
       2
       2
       2
       5
       0
       1
       4
       2
       1
       3
       3
       1
       1
       3
       4
       3
       1
       2
       3
       2
       1
       6
       2
       3
       5
       3
       3
       1
       4
       2
       0
       3
       3
       5
       2
       1
       2
       1
       3
       3
       2
       2
       2
       2
       1
       2
       4
       1
       2
       3
       6
       3
       1
       0
       1
       1
       3
       3
       1
       2
       0
       1
       0
       1
       3
       4
       4
       4
       5
       1
       1
       2
       4
       0
       2
       1
       3
       1
       3
       1
       3
       3
       3
       2
       1
       3
       3
       4
       4
       2
       4
       1
       1
       2
       0
       5
       3
       4
       2
       5
       1
       3
       0
       6
       4
       2
       2
       4
       2
       2
       2
       5
       1
       3
       1
       4
       2
       1
       0
       6
       1
       2
       2
       1
       2
       1
       4
       3
       2
       0
       2
       3
       1
       0
       1
       1
       2
       0
       1
       1
       3
       1
       1
       1
       3
       1
       2
       2
       3
       5
       1
       1
       0
       4
       3
       4
       2
       0
       1
       0
       3
       2
       2
       2
       1
       5
       3
       0
       4
       3
       4
       3
       2
       4
       4
       4
       1
       1
       1
       2
       3
       2
       3
       1
       5
       0
       2
       4
       4
       1
       2
       0
       1
       1
       1
       0
       4
       1
       1
       2
       5
       2
       0
       1
       4
       6
       1
       1
       3
       3
       3
       1
       1
       1
       2
       5
       1
       4
       3
       3
       3
       5
       1
       3
       1
       4
       5
       0
       4
       1
       4
       2
       1
       1
       1
       0
       1
       4
       3
       0
       6
       2
       0
       2
       2
       4
       2
       2
       2
       3
       3
       4
       1
       2
       4
       3
       4
       5
       0
       2
       4
       4
       4
       3
       4
       2
       7
       1
       3
       4
       3
       1
       0
       2
       2
       2
       3
       2
       1
       1
       1
       2
       2
       1
       2
       2
       3
       0
       2
       2
       1
       2
       7
       2
       4
       3
       1
       3
       3
       2
       4
       0
       2
       0
       2
       1
       2
       3
       1
       2
       2
       7
       2
       3
       1
       6
       0
       1
       1
       0
       7
       3
       1
       2
       5
       2
       1
       3
       1
       2
       1
       2
       1
       2
       2
       1
       2
       3
       3
       1
       0
       1
       2
       1
       1
       3
       3
       2
       2
       1
       1
       2
       1
       5
       5
       3
       2
       2
       1
       2
       2
       1
       2
       2
       0
       1
       0
       0
       2
       1
       3
       0
       2
       0
       1
       5
       0
       3
       2
       3
       1
       2
       1
       2
       4
       4
       1
       2
       1
       4
       1
       0
       3
       2
       3
       1
       3
       1
       1
       1
       3
       4
       1
       0
       1
       0
       4
       1
       0
       2
       1
       2
       3
       5
       1
       3
       1
       1
       0
       4
       4
       3
       1
       0
       2
       3
       1
       1
       4
       3
       3
       3
       3
       2
       3
       2
       1
       3
       2
       3
       1
       4
       1
       4
       4
       1
       4
       3
       3
       0
       1
       5
       1
       1
       3
       2
       1
       3
       2
       2
       1
       0
       3
       1
       1
       2
       0
       2
       2
       5
       7
       3
       0
       3
       0
       4
       1
       3
       1
       2
       3
       1
       2
       1
       0
       4
       5
       3
       8
       3
       2
       2
       3
       0
       0
       2
       3
       1
       1
       4
       1
       1
       3
       3
       3
       5
       3
       3
       3
       2
       0
       1
       4
       3
       3
       4
       3
       2
       3
       1
       2
       3
       1
       1
       3
       3
       0
       3
       1
       5
       3
       0
       1
       3
       3
       4
       1
       1
       2
       2
       3
       3
       4
       1
       2
       4
       1
       5
       1
       4
       2
       1
       1
       8
       0
       4
       2
       0
       0
       0
       1
       1
       2
       2
       2
       3
       1
       0
       1
       2
       1
       1
       2
       4
       0
       3
       1
       3
       2
       3
       5
       2
       0
       0
       1
       2
       1
       2
       4
       2
       3
       0
       5
       2
       1
       1
       1
       5
       1
       3
       4
       1
       2
       3
       1
       3
       1
       2
       5
       2
       0
       2
       1
       1
       3
       1
       2
       5
       3
       2
       4
       5
       3
       2
       0
       2
       1
       1
       1
       0
       2
       3
       2
       0
       3
       4
       3
       1
       1
       2
       1
       3
       2
       2
       1
       2
       3
       3
       0
       2
       3
       1
       2
       3
       1
       1
       1
       1
       3
       3
       0
       5
       3
       1
       3
       3
       3
       3
       1
       1
       2
       3
       2
       1
       3
       0
       0
       0
       1
       2
       2
       2
       2
       2
       2
       2
       0
       2
       6
       2
       3
       5
       3
       4
       7
       1
       1
       2
       2
       2
       4
       3
       2
       1
       2
       2
       3
       0
       4
       1
       1
       5
       2
       3
       2
       3
       4
       3
       2
       3
       1
       0
       4
       3
       1
       1
       3
       2
       6
       2
       0
       1
       2
       3
       3
       1
       3
       2
       4
       3
       1
       3
       2
       3
       0
       2
       5
       4
       2
       4
       3
       1
       2
       3
       2
       1
       1
       5
       3
       4
       2
       2
       5
       3
       2
       1
       3
       2
       3
       5
       2
       3
       0
       2
       5
       1
       2
       2
       3
       1
       2
       2
       2
       2
       5
       1
       2
       3
       3
       0
       4
       8
       0
       1
       0
       1
       3
       3
       4
       5
       4
       4
       0
       4
       2
       1
       1
       0
       2
       2
       2
       2
       0
       0
       0
       3
       1
       3
       8
       1
       4
       2
       2
       2
       2
       3
       2
       0
       2
       2
       6
       4
       4
       1
       1
       4
       3
       1
       3
       0
       3
       5
       1
       4
       2
       5
       3
       0
       5
       0
       3
       4
       2
       0
       1
       1
       3
       2
       1
       4
       3
       2
       3
       2
       1
       2
       3
       2
       2
       0
       2
       2
       4
       1
       2
       1
       3
       4
       0
       2
       2
       1
       2
       2
       1
       1
       2
       5
       1
       1
       0
       4
       2
       3
       1
       5
       2
       1
       1
       2
       1
       1
       3
       6
       3
       1
       0
       0
       1
       1
       3
       5
       1
       0
       3
       2
       4
       2
       2
       2
       3
       1
       5
       2
       1
       1
       2
       3
       2
       2
       4
       1
       4
       1
       3
       0
       4
       1
       3
       1
       0
       1
       2
       0
       3
       1
       3
       2
       1
       0
       1
       2
       1
       5
       1
       0
       2
       1
       0
       2
       0
       2
       2
       2
       3
       1
       4
       4
       2
       0
       1
       1
       2
       2
       0
       4
       1
       3
       4
       2
       3
       6
       0
       4
       1
       2
       4
       3
       3
       2
       3
       1
       1
       4
       1
       4
       1
       2
       1
       1
       3
       0
       1
       2
       4
       1
       4
       1
       2
       1
       2
       1
       1
       0
       3
       3
       3
       2
       4
       2
       2
       1
       3
       3
       3
       1
       0
       0
       3
       1
       4
       2
       3
       2
       2
       1
       5
       3
       1
       2
       1
       2
       4
       4
       3
       0
       2
       5
       2
       1
       0
       1
       2
       3
       1
       4
       1
       2
       0
       2
       0
       3
       2
       4
       3
       1
       1
       1
       1
       1
       3
       1
       2
       2
       5
       3
       2
       3
       1
       0
       1
       1
       0
       1
       4
       0
       3
       1
       2
       3
       0
       0
       2
       3
       1
       2
       4
       1
       1
       1
       2
       1
       3
       2
       5
       0
       1
       0
       2
       3
       2
       0
       4
       1
       3
       1
       1
       2
       0
       0
       1
       1
       2
       0
       3
       2
       2
       2
       1
       1
       1
       2
       0
       2
       3
       5
       1
       1
       5
       3
       2
       1
       1
       3
       1
       1
       1
       2
       2
       2
       2
       3
       2
       3
       4
       1
       3
       1
       2
       2
       4
       4
       0
       2
       2
       3
       2
       2
       0
       0
       3
       3
       2
       2
       1
       2
       2
       1
       0
       1
       3
       0
       1
       3
       3
       2
       2
       0
       2
       3
       0
       0
       2
       1
       1
       4
       3
       3
       3
       2
       2
       3
       2
       1
       1
       3
       1
       1
       3
       3
       3
       0
       3
       4
       3
       1
       4
       1
       4
       1
       0
       1
       0
       4
       2
       2
       1
       0
       1
       2
       1
       4
       5
       5
       4
       2
       2
       2
       5
       5
       1
       2
       1
       2
       2
       1
       2
       3
       0
       0
       5
       2
       6
       1
       1
       1
       3
       4
       6
       2
       0
       3
       3
       5
       3
       3
       6
       3
       4
       2
       3
       1
       2
       3
       3
       1
       3
       1
       3
       1
       1
       1
       4
       0
       4
       4
       3
       2
       3
       1
       0
       2
       2
       2
       1
       4
       1
       2
       0
       1
       4
       1
       3
       3
       2
       1
       2
       2
       2
       4
       3
       3
       2
       3
       2
       5
       5
       2
       3
       0
       3
       0
       1
       2
       2
       3
       0
       2
       0
       0
       1
       3
       1
       1
       3
       1
       1
       1
       1
       2
       2
       0
       3
       2
       3
       5
       1
       2
       1
       1
       1
       0
       1
       2
       1
       3
       2
       2
       2
       1
       1
       1
       0
       4
       1
       4
       0
       1
       1
       1
       1
       3
       2
       0
       3
       3
       0
       0
       0
       2
       3
       3
       1
       3
       2
       0
       2
       2
       4
       2
       1
       3
       0
       0
       0
       1
       2
       1
       1
       2
       3
       2
       2
       6
       2
       4
       1
       2
       2
       0
       0
       0
       2
       0
       2
       1
       0
       0
       2
       2
       5
       3
       1
       0
       3
       2
       0
       3
       3
       2
       8
       1
       5
       3
       1
       1
       2
       1
       2
       6
       1
       2
       2
       2
       1
       7
       4
       4
       2
       2
       3
       2
       4
       2
       4
       1
       3
       3
       2
       1
       0
       1
       4
       3
       4
       2
       0
       4
       3
       1
       1
       3
       5
       3
       2
       1
       1
       4
       4
       0
       2
       1
       2
       3
       4
       2
       0
       2
       3
       1
       3
       3
       2
       1
       3
       4
       1
       2
       5
       1
       3
       4
       1
       2
       1
       3
       0
       2
       2
       0
       3
       0
       5
       1
       5
       1
       2
       4
       1
       3
       2
       3
       2
       3
       2
       1
       0
       1
       1
       2
       3
       0
       5
       2
       2
       1
       2
       7
       4
       0
       3
       0
       2
       4
       2
       0
       3
       3
       3
       3
       3
       2
       1
       3
       2
       3
       1
       2
       2
       1
       1
       1
       5
       1
       3
       1
       2
       1
       2
       0
       2
       5
       1
       3
       4
       2
       2
       3
       2
       0
       3
       2
       3
       2
       3
       1
       0
       3
       1
       1
       3
       5
       3
       0
       2
       2
       0
       2
       3
       2
       3
       0
       4
       2
       1
       0
       5
       1
       2
       1
       5
       2
       3
       4
       3
       2
       1
       2
       1
       2
       3
       3
       2
       1
       1
       2
       4
       2
       2
       4
       3
       4
       2
       1
       3
       1
       1
       2
       5
       2
       4
       2
       6
       3
       4
       3
       3
       5
       3
       4
       5
       2
       2
       0
       1
       4
       2
       3
       1
       0
       2
       3
       1
       1
       3
       3
       1
       3
       0
       1
       1
       2
       2
       1
       3
       3
       1
       4
       1
       1
       1
       1
       4
       2
       2
       1
       3
       3
       2
       3
       3
       2
       2
       2
       1
       3
       2
       1
       1
       2
       1
       2
       2
       1
       3
       1
       2
       2
       1
       2
       5
       3
       2
       4
       0
       2
       4
       3
       5
       1
       1
       2
       3
       0
       1
       1
       0
       2
       1
       1
       3
       1
       1
       0
       1
       2
       2
       2
       3
       3
       2
       2
       5
       1
       3
       2
       1
       1
       2
       1
       1
       2
       1
       3
       1
       2
       4
       2
       2
       2
       0
       2
       0
       1
       1
       1
       0
       1
       0
       1
       2
       0
       0
       2
       2
       2
       3
       2
       0
       1
       2
       1
       5
       1
       1
       4
       2
       0
       2
       1
       4
       0
       2
       1
       2
       2
       2
       3
       0
       1
       3
       4
       0
       5
       1
       2
       1
       0
       4
       3
       2
       3
       0
       1
       2
       3
       0
       0
       1
       1
       3
       3
       1
       2
       1
       1
       1
       3
       2
       0
       1
       0
       2
       3
       3
       3
       1
       4
       3
       0
       3
       2
       1
       4
       2
       1
       0
       4
       1
       3
       1
       1
       2
       1
       1
       2
       1
       2
       3
       1
       2
       3
       2
       2
       3
       1
       4
       1
       2
       3
       0
       7
       0
       3
       2
       2
       1
       3
       0
       4
       2
       3
       2
       2
       2
       0
       0
       2
       3
       2
       1
       2
       2
       0
       2
       4
       2
       2
       3
       2
       6
       3
       3
       3
       2
       0
       1
       2
       1
       0
       2
       1
       0
       3
       1
       2
       0
       1
       3
       3
       0
       1
       1
       2
       1
       1
       1
       3
       2
       2
       5
       2
       2
       5
       2
       1
       2
       3
       3
       0
       3
       2
       5
       1
       1
       0
       7
       2
       1
       3
       2
       4
       3
       2
       1
       4
       2
       2
       3
       2
       1
       1
       1
       1
       3
       0
       4
       3
       1
       1
       3
       0
       4
       2
       3
       2
       1
       0
       3
       4
       0
       2
       1
       0
       5
       1
       2
       1
       1
       2
       1
       1
       2
       4
       5
       2
       2
       1
       1
       3
       2
       0
       2
       2
       2
       3
       2
       3
       3
       2
       0
       3
       0
       1
       1
       2
       2
       2
       2
       4
       1
       1
       1
       3
       1
       0
       2
       1
       0
       0
       1
       3
       4
       1
       2
       2
       4
       5
       2
       2
       4
       2
       2
       0
       4
       1
       1
       0
       1
       0
       3
       0
       1
       3
       5
       0
       1
       1
       3
       0
       6
       1
       2
       2
       0
       3
       2
       4
       3
       0
       0
       0
       1
       4
       2
       4
       0
       3
       2
       2
       2
       1
       4
       4
       4
       2
       1
       2
       2
       2
       2
       1
       1
       1
       2
       2
       4
       0
       0
       2
       1
       3
       1
       3
       2
       3
       2
       3
       2
       2
       1
       1
       2
       3
       1
       4
       0
       5
       1
       4
       1
       2
       3
       1
       1
       1
       2
       2
       5
       1
       2
       0
       2
       4
       2
       2
       1
       3
       2
       4
       1
       3
       5
       3
       3
       0
       3
       1
       1
       2
       1
       3
       0
       4
       0
       1
       2
       0
       1
       3
       4
       1
       3
       1
       4
       4
       2
       0
       0
       4
       0
       2
       0
       3
       2
       1
       2
       1
       0
       2
       1
       1
       1
       4
       0
       1
       1
       1
       3
       2
       2
       0
       3
       0
       3
       2
       0
       2
       3
       2
       2
       2
       1
       3
       1
       1
       1
       4
       4
       1
       2
       2
       0
       2
       3
       3
       1
       1
       3
       1
       0
       3
       0
       3
       1
       1
       1
       3
       3
       5
       2
       2
       0
       1
       3
       1
       2
       1
       5
       2
       2
       1
       4
       3
       3
       4
       1
       0
       1
       2
       3
       5
       1
       2
       2
       1
       4
       2
       2
       1
       2
       2
       4
       3
       0
       0
       0
       0
       1
       3
       0
       2
       2
       2
       2
       0
       0
       1
       1
       1
       2
       5
       4
       1
       1
       0
       0
       5
       1
       1
       2
       2
       2
       1
       2
       2
       3
       4
       4
       3
       5
       2
       2
       2
       5
       2
       1
       3
       2
       3
       2
       2
       2
       0
       1
       3
       1
       4
       3
       3
       2
       2
       1
       1
       3
       4
       2
       0
       0
       2
       3
       3
       1
       2
       1
       1
       4
       2
       2
       2
       1
       0
       2
       2
       0
       4
       2
       1
       3
       4
       2
       1
       6
       2
       2
       4
       2
       1
       3
       1
       1
       2
       5
       2
       1
       0
       2
       2
       7
       0
       2
       0
       2
       5
       1
       4
       2
       3
       3
       1
       4
       0
       1
       1
       2
       1
       1
       1
       0
       1
       0
       3
       2
       1
       5
       2
       1
       0
       0
       1
       0
       0
       2
       3
       3
       4
       4
       2
       3
       1
       4
       3
       4
       1
       4
       2
       1
       1
       2
       0
       0
       2
       0
       1
       5
       3
       2
       0
       3
       0
       0
       2
       0
       3
       3
       0
       1
       1
       2
       3
       1
       0
       3
       4
       4
       1
       0
       1
       3
       2
       1
       2
       1
       7
       3
       1
       2
       3
       0
       3
       2
       1
       2
       3
       1
       3
       2
       3
       4
       1
       1
       5
       1
       4
       0
       1
       2
       3
       4
       4
       3
       3
       4
       3
       1
       1
       1
       1
       3
       1
       1
       2
       1
       3
       3
       2
       1
       2
       1
       0
       3
       0
       1
       2
       2
       1
       2
       3
       4
       2
       0
       0
       4
       2
       2
       1
       0
       2
       2
       3
       3
       0
       6
       0
       4
       3
       1
       3
       3
       0
       3
       1
       2
       2
       0
       2
       2
       1
       2
       3
       5
       1
       3
       3
       0
       3
       0
       0
       0
       0
       0
       4
       4
       3
       4
       0
       4
       0
       1
       3
       1
       1
       1
       5
       1
       2
       1
       1
       1
       2
       1
       3
       4
       0
       0
       1
       2
       1
       2
       1
       4
       1
       1
       2
       2
       0
       1
       3
       0
       2
       0
       2
       1
       1
       1
       2
       1
       1
       0
       3
       2
       3
       2
       2
       1
       2
       2
       3
       1
       3
       4
       3
       3
       1
       1
       0
       1
       1
       1
       3
       0
       3
       4
       4
       1
       2
       1
       1
       0
       0
       1
       5
       1
       1
       2
       3
       2
       2
       0
       1
       3
       0
       2
       0
       0
       1
       0
       2
       2
       1
       2
       2
       1
       1
       1
       0
       2
       4
       4
       2
       3
       2
       3
       4
       1
       3
       1
       1
       3
       1
       2
       1
       0
       2
       0
       1
       1
       4
       2
       1
       0
       1
       1
       1
       1
       0
       3
       2
       3
       2
       2
       3
       0
       4
       2
       1
       1
       3
       1
       1
       5
       2
       1
       1
       4
       0
       2
       0
       4
       2
       1
       3
       1
       4
       3
       1
       2
       2
       2
       3
       0
       1
       0
       1
       3
       1
       1
       3
       4
       4
       3
       2
       5
       0
       3
       2
       0
       2
       2
       1
       2
       3
       0
       0
       3
       1
       3
       4
       2
       1
       2
       2
       3
       3
       3
       2
       1
       6
       4
       3
       1
       3
       0
       2
       2
       4
       3
       1
       0
       0
       1
       2
       1
       2
       2
       4
       1
       1
       1
       0
       2
       0
       1
       1
       3
       1
       2
       0
       1
       1
       1
       4
       2
       1
       1
       1
       2
       1
       5
       1
       2
       2
       1
       1
       2
       1
       0
       1
       1
       0
       2
       0
       0
       1
       5
       2
       0
       2
       0
       3
       3
       2
       2
       2
       4
       0
       1
       1
       0
       2
       1
       1
       3
       0
       1
       3
       1
       0
       0
       1
       2
       1
       1
       3
       3
       2
       0
       1
       4
       3
       1
       3
       1
       2
       2
       1
       1
       4
       1
       3
       1
       1
       2
       1
       2
       2
       1
       3
       3
       0
       0
       4
       0
       1
       0
       5
       2
       0
       2
       1
       1
       4
       3
       2
       0
       1
       3
       1
       3
       2
       0
       3
       1
       4
       4
       1
       3
       3
       2
       3
       4
       2
       1
       0
       5
       1
       2
       0
       3
       1
       3
       3
       1
       1
       0
       1
       1
       0
       0
       1
       2
       1
       0
       4
       2
       4
       1
       3
       2
       5
       1
       0
       3
       3
       2
       2
       1
       1
       2
       0
       0
       0
       1
       1
       2
       4
       2
       1
       3
       2
       2
       3
       1
       1
       3
       2
       0
       1
       3
       2
       0
       0
       0
       0
       4
       2
       1
       0
       0
       1
       1
       4
       1
       2
       1
       1
       0
       2
       4
       2
       0
       0
       1
       1
       0
       0
       4
       0
       3
       1
       3
       2
       4
       3
       2
       0
       2
       1
       2
       0
       0
       3
       5
       2
       1
       2
       2
       3
       1
       0
       0
       2
       1
       0
       0
       3
       3
       3
       2
       0
       0
       0
       1
       1
       3
       1
       3
       2
       2
       3
       2
       3
       4
       2
       1
       1
       2
       1
       1
       4
       0
       0
       0
       0
       2
       0
       0
       0
       3
       2
       3
       1
       0
       3
       0
       2
       1
       2
       2
       2
       1
       0
       2
       1
       2
       2
       1
       0
       1
       1
       4
       1
       3
       1
       2
       1
       0
       2
       1
       4
       1
       1
       5
       1
       1
       1
       2
       0
       1
       2
       0
       1
       1
       3
       2
       2
       2
       2
       0
       3
       4
       1
       2
       2
       3
       5
       1
       1
       1
       1
       1
       4
       1
       3
       2
       1
       2
       2
       2
       1
       2
       0
       0
       1
       2
       1
       2
       0
       0
       2
       3
       2
       0
       1
       1
       0
       2
       1
       3
       0
       1
       1
       0
       6
       1
       2
       1
       4
       2
       1
       2
       2
       1
       0
       3
       0
       1
       0
       1
       0
       2
       2
       2
       3
       0
       2
       2
       1
       2
       2
       2
       0
       2
       0
       2
       1
       1
       0
       2
       3
       1
       1
       1
       3
       3
       0
       3
       1
       2
       4
       0
       1
       1
       5
       3
       2
       1
       2
       2
       2
       3
       4
       0
       1
       0
       1
       1
       3
       4
       2
       1
       1
       1
       2
       2
       3
       0
       1
       2
       2
       1
       1
       1
       4
       0
       3
       1
       0
       1
       2
       4
       0
       3
       3
       2
       2
       4
       1
       1
       0
       0
       1
       0
       2
       2
       0
       3
       2
       1
       2
       2
       2
       4
       3
       1
       2
       0
       4
       1
       2
       1
       1
       1
       1
       0
       2
       0
       3
       2
       1
       3
       1
       0
       2
       3
       1
       3
       0
       2
       3
       1
       1
       2
       3
       2
       2
       2
       1
       2
       0
       2
       2
       0
       1
       0
       2
       1
       1
       0
       5
       2
       0
       3
       0
       0
       0
       2
       1
       3
       2
       4
       0
       3
       0
       2
       1
       1
       2
       1
       4
       1
       2
       2
       1
       1
       1
       1
       1
       1
       0
       3
       4
       1
       2
       1
       5
       0
       4
       1
       4
       0
       2
       3
       2
       4
       0
       4
       0
       2
       2
       1
       0
       5
       2
       1
       1
       0
       2
       3
       2
       0
       1
       2
       1
       0
       1
       2
       3
       0
       2
       2
       1
       2
       0
       2
       3
       4
       1
       3
       1
       2
       2
       2
       0
       1
       1
       1
       0
       2
       1
       0
       2
       1
       1
       0
       0
       2
       2
       1
       1
       2
       1
       3
       1
       1
       2
       1
       4
       3
       0
       1
       3
       0
       1
       1
       1
       1
       1
       1
       1
       3
       3
       2
       3
       2
       0
       2
       6
       1
       3
       0
       1
       1
       1
       0
       2
       2
       3
       2
       0
       0
       1
       0
       3
       4
       2
       1
       1
       2
       3
       2
       1
       1
       0
       4
       3
       2
       0
       2
       2
       4
       1
       1
       2
       4
       3
       1
       5
       1
       2
       2
       0
       1
       1
       0
       1
       0
       2
       1
       2
       2
       3
       4
       0
       0
       1
       2
       2
       6
       4
       0
       3
       2
       1
       2
       0
       1
       3
       2
       1
       2
       4
       0
       5
       2
       2
       1
       0
       0
       2
       1
       1
       2
       1
       0
       2
       1
       1
       1
       0
       1
       0
       2
       2
       0
       0
       3
       4
       1
       4
       2
       3
       1
       3
       1
       3
       0
       0
       1
       2
       3
       1
       1
       0
       0
       2
       1
       1
       2
       5
       3
       1
       1
       1
       1
       1
       3
       0
       3
       2
       1
       5
       0
       0
       1
       0
       0
       0
       0
       2
       2
       1
       1
       0
       1
       2
       2
       2
       0
       2
       1
       2
       2
       3
       2
       6
       1
       2
       1
       3
       2
       2
       2
       0
       1
       1
       0
       4
       2
       0
       0
       0
       0
       1
       1
       6
       1
       3
       3
       3
       0
       2
       1
       1
       3
       2
       1
       2
       2
       0
       2
       0
       1
       1
       1
       0
       1
       2
       0
       0
       0
       1
       0
       1
       1
       2
       1
       4
       2
       2
       0
       2
       4
       0
       0
       3
       2
       2
       0
       1
       0
       1
       4
       2
       4
       0
       0
       0
       3
       3
       2
       2
       0
       3
       1
       4
       0
       2
       1
       1
       1
       2
       1
       0
       0
       2
       1
       0
       3
       2
       2
       1
       1
       5
       1
       2
       2
       1
       1
       0
       0
       3
       1
       0
       2
       0
       1
       1
       2
       4
       0
       0
       0
       1
       2
       2
       1
       1
       1
       0
       0
       1
       3
       0
       1
       2
       1
       2
       2
       2
       2
       3
       1
       1
       1
       1
       1
       2
       4
       1
       1
       2
       2
       4
       1
       2
       2
       2
       4
       2
       1
       3
       1
       0
       1
       0
       3
       3
       3
       2
       0
       2
       3
       1
       1
       1
       1
       2
       4
       2
       1
       4
       1
       2
       1
       2
       4
       0
       4
       0
       1
       1
       1
       0
       3
       0
       1
       1
       0
       2
       0
       0
       1
       2
       0
       2
       1
       2
       2
       1
       3
       1
       3
       3
       2
       3
       1
       1
       3
       1
       3
       1
       3
       0
       1
       1
       4
       2
       1
       1
       0
       3
       2
       0
       2
       5
       1
       1
       2
       4
       1
       1
       2
       3
       1
       1
       1
       2
       2
       1
       0
       3
       3
       1
       2
       0
       0
       0
       2
       2
       0
       2
       1
       3
       0
       3
       2
       4
       1
       0
       1
       2
       2
       1
       2
       0
       4
       3
       3
       4
       2
       2
       1
       0
       2
       1
       1
       2
       1
       2
       3
       1
       2
       0
       3
       0
       1
       3
       3
       2
       0
       2
       1
       0
       2
       1
       3
       2
       4
       3
       1
       0
       3
       3
       1
       0
       1
       1
       3
       0
       2
       1
       2
       1
       3
       0
       2
       1
       3
       2
       1
       2
       1
       1
       1
       1
       1
       2
       3
       1
       1
       0
       4
       1
       4
       1
       4
       3
       0
       2
       0
       2
       1
       2
       0
       2
       1
       0
       0
       1
       0
       2
       0
       0
       3
       2
       2
       4
       2
       3
       0
       2
       1
       1
       4
       3
       3
       1
       1
       1
       1
       1
       1
       3
       1
       0
       0
       0
       2
       1
       1
       3
       3
       2
       1
       4
       3
       2
       3
       0
       1
       3
       1
       1
       3
       2
       2
       2
       0
       1
       1
       1
       1
       1
       2
       3
       0
       2
       0
       4
       3
       2
       3
       2
       1
       1
       0
       3
       1
       1
       2
       2
       1
       1
       1
       1
       3
       3
       1
       1
       2
       4
       2
       0
       0
       0
       2
       2
       0
       2
       1
       2
       2
       0
       1
       4
       0
       1
       2
       1
       0
       0
       4
       1
       2
       2
       2
       1
       0
       0
       2
       2
       4
       0
       4
       0
       1
       0
       0
       0
       3
       1
       1
       1
       0
       2
       2
       2
       0
       2
       2
       1
       0
       1
       1
       2
       2
       0
       0
       4
       0
       2
       2
       0
       3
       1
       1
       2
       0
       2
       2
       0
       0
       1
       2
       3
       2
       4
       1
       1
       2
       2
       3
       1
       1
       0
       1
       3
       3
       4
       1
       0
       2
       1
       1
       0
       5
       1
       2
       2
       1
       3
       1
       2
       1
       2
       0
       1
       2
       3
       0
       2
       3
       3
       5
       0
       1
       0
       1
       1
       5
       1
       1
       2
       0
       3
       0
       2
       1
       1
       1
       0
       1
       0
       2
       2
       0
       3
       0
       0
       2
       1
       2
       1
       1
       4
       2
       0
       1
       4
       1
       2
       1
       1
       0
       1
       1
       0
       1
       2
       2
       3
       2
       0
       2
       2
       1
       1
       3
       0
       0
       1
       2
       1
       3
       0
       2
       2
       2
       1
       1
       5
       1
       4
       0
       1
       1
       2
       1
       1
       3
       2
       0
       2
       3
       2
       2
       1
       4
       3
       0
       2
       2
       1
       1
       2
       2
       2
       2
       4
       0
       2
       0
       0
       1
       3
       3
       3
       0
       2
       1
       2
       3
       1
       2
       1
       2
       0
       3
       2
       0
       3
       2
       4
       2
       1
       1
       1
       0
       2
       0
       0
       1
       6
       3
       4
       2
       1
       0
       2
       3
       3
       1
       4
       3
       0
       0
       0
       0
       1
       3
       1
       2
       1
       2
       4
       2
       3
       0
       2
       3
       1
       1
       1
       5
       2
       0
       4
       0
       3
       2
       2
       0
       1
       3
       0
       2
       3
       0
       2
       3
       1
       0
       0
       2
       2
       3
       2
       1
       3
       0
       0
       1
       1
       4
       1
       3
       0
       4
       1
       1
       0
       4
       1
       1
       1
       2
       1
       3
       1
       1
       0
       2
       1
       2
       1
       3
       0
       0
       3
       1
       2
       2
       2
       1
       2
       2
       2
       2
       0
       0
       1
       0
       4
       3
       1
       2
       1
       0
       3
       1
       1
       1
       2
       1
       3
       2
       1
       1
       0
       2
       2
       0
       1
       0
       3
       1
       1
       3
       1
       1
       4
       0
       0
       0
       0
       2
       0
       3
       3
       3
       0
       0
       1
       0
       5
       0
       0
       3
       2
       2
       1
       1
       0
       2
       0
       1
       2
       4
       0
       0
       0
       0
       1
       1
       3
       3
       1
       0
       2
       3
       1
       3
       1
       3
       1
       2
       1
       2
       1
       1
       1
       1
       0
       2
       3
       1
       1
       1
       1
       3
       2
       0
       1
       1
       1
       1
       2
       2
       1
       2
       3
       0
       0
       0
       0
       1
       4
       3
       2
       2
       3
       3
       1
       0
       2
       2
       3
       1
       1
       4
       3
       1
       0
       2
       0
       4
       1
       0
       2
       2
       0
       3
       0
       2
       1
       3
       1
       1
       1
       1
       0
       1
       2
       0
       4
       2
       3
       1
       2
       1
       1
       1
       1
       0
       1
       1
       5
       0
       2
       1
       2
       3
       0
       1
       3
       4
       1
       3
       3
       2
       1
       1
       1
       2
       1
       2
       1
       1
       1
       3
       2
       5
       2
       4
       1
       0
       2
       1
       1
       0
       1
       0
       1
       0
       3
       1
       1
       2
       0
       1
       3
       2
       2
       0
       2
       0
       2
       1
       3
       1
       0
       1
       1
       1
       0
       1
       2
       3
       4
       0
       2
       2
       3
       1
       2
       1
       1
       4
       3
       2
       2
       2
       1
       0
       2
       2
       2
       1
       2
       2
       1
       1
       1
       1
       2
       1
       0
       0
       3
       0
       1
       1
       2
       1
       2
       3
       2
       1
       3
       1
       2
       1
       0
       1
       0
       0
       2
       2
       1
       2
       1
       1
       1
       0
       1
       2
       0
       2
       3
       1
       3
       0
       2
       0
       3
       1
       5
       2
       0
       2
       3
       0
       2
       0
       2
       3
       3
       1
       2
       3
       2
       2
       1
       3
       4
       0
       2
       2
       0
       0
       3
       2
       3
       2
       0
       1
       3
       3
       4
       2
       2
       2
       2
       1
       0
       3
       1
       2
       2
       3
       3
       3
       1
       1
       2
       2
       0
       0
       2
       2
       0
       0
       1
       3
       2
       4
       0
       2
       1
       2
       1
       1
       1
       1
       3
       0
       2
       3
       1
       2
       1
       1
       3
       1
       0
       0
       1
       2
       2
       2
       5
       0
       1
       1
       3
       1
       2
       2
       2
       5
       4
       1
       1
       1
       1
       2
       1
       5
       2
       2
       1
       0
       1
       2
       3
       0
       1
       0
       2
       5
       0
       1
       1
       2
       1
       1
       2
       1
       0
       1
       2
       3
       0
       2
       0
       2
       0
       3
       2
       2
       1
       1
       1
       0
       0
       1
       3
       1
       1
       2
       5
       4
       2
       1
       2
       1
       2
       2
       2
       2
       1
       1
       2
       4
       2
       2
       2
       1
       3
       2
       1
       0
       0
       2
       2
       2
       1
       1
       4
       1
       0
       3
       0
       0
       1
       2
       1
       1
       1
       1
       0
       2
       0
       2
       0
       1
       2
       3
       3
       1
       1
       3
       2
       4
       0
       1
       0
       3
       0
       1
       1
       1
       1
       5
       1
       1
       1
       4
       0
       0
       0
       2
       1
       1
       1
       1
       2
       3
       1
       0
       3
       3
       2
       0
       2
       0
       0
       0
       0
       1
       1
       1
       3
       2
       1
       1
       0
       2
       3
       1
       3
       4
       3
       2
       4
       0
       2
       2
       0
       0
       2
       0
       2
       1
       2
       3
       2
       3
       1
       0
       0
       2
       2
       0
       0
       3
       1
       0
       1
       5
       2
       4
       1
       0
       1
       1
       2
       2
       0
       1
       0
       5
       2
       0
       3
       1
       1
       1
       1
       0
       2
       0
       1
       1
       4
       5
       3
       1
       1
       0
       1
       2
       2
       2
       0
       2
       1
       4
       0
       4
       1
       2
       1
       1
       0
       0
       2
       1
       1
       2
       1
       1
       1
       2
       3
       2
       1
       0
       1
       3
       2
       1
       2
       4
       2
       0
       2
       1
       1
       1
       2
       3
       3
       2
       3
       0
       1
       1
       0
       0
       2
       2
       4
       1
       2
       1
       1
       0
       0
       1
       2
       0
       0
       1
       2
       0
       2
       1
       0
       2
       3
       1
       0
       1
       1
       2
       1
       2
       2
       2
       2
       1
       1
       1
       1
       3
       2
       1
       2
       3
       1
       3
       2
       2
       1
       2
       0
       2
       1
       0
       3
       2
       2
       2
       3
       2
       1
       0
       0
       5
       1
       3
       2
       1
       1
       2
       3
       0
       1
       2
       3
       0
       2
       2
       3
       3
       1
       2
       3
       1
       2
       2
       2
       3
       0
       4
       5
       2
       1
       2
       1
       1
       1
       2
       0
       0
       3
       0
       3
       0
       0
       1
       1
       1
       3
       1
       0
       4
       1
       1
       2
       0
       1
       0
       1
       0
       2
       0
       1
       0
       1
       1
       2
       2
       2
       4
       1
       1
       1
       3
       1
       2
       0
       2
       0
       3
       3
       0
       2
       1
       1
       0
       3
       0
       3
       2
       1
       0
       1
       2
       1
       0
       3
       3
       2
       0
       1
       2
       1
       3
       1
       1
       0
       0
       1
       1
       4
       2
       1
       4
       1
       3
       2
       2
       1
       2
       1
       2
       0
       3
       4
       3
       3
       1
       2
       0
       1
       5
       2
       1
       3
       1
       3
       1
       1
       1
       1
       0
       1
       2
       2
       0
       5
       4
       1
       3
       0
       3
       3
       4
       0
       2
       2
       2
       3
       1
       1
       2
       0
       0
       1
       1
       3
       2
       3
       1
       0
       3
       0
       2
       1
       2
       1
       1
       2
       2
       3
       2
       4
       1
       2
       0
       0
       2
       1
       0
       0
       0
       3
       1
       0
       2
       1
       2
       2
       0
       1
       0
       3
       2
       0
       2
       1
       1
       3
       0
       1
       1
       1
       0
       1
       1
       2
       3
       1
       1
       1
       1
       0
       2
       2
       2
       0
       2
       0
       3
       0
       0
       2
       2
       2
       0
       1
       0
       1
       0
       1
       2
       0
       1
       0
       3
       4
       1
       0
       2
       2
       1
       0
       1
       0
       2
       0
       0
       2
       2
       1
       2
       1
       1
       2
       2
       2
       2
       4
       1
       0
       3
       4
       0
       0
       3
       1
       1
       3
       2
       4
       1
       1
       0
       1
       1
       2
       1
       2
       1
       1
       0
       3
       2
       0
       1
       1
       2
       3
       0
       3
       1
       0
       0
       3
       1
       1
       2
       3
       0
       2
       0
       4
       3
       3
       1
       4
       0
       1
       2
       2
       0
       1
       0
       3
       3
       3
       2
       1
       3
       4
       1
       1
       0
       3
       1
       1
       0
       2
       2
       3
       2
       0
       0
       0
       1
       1
       1
       3
       4
       3
       2
       0
       2
       0
       0
       5
       2
       3
       2
       4
       2
       4
       0
       0
       4
       0
       1
       1
       1
       0
       4
       1
       0
       1
       0
       3
       1
       1
       2
       1
       1
       0
       0
       2
       1
       3
       2
       2
       1
       1
       4
       4
       1
       2
       1
       0
       1
       5
       0
       1
       1
       1
       3
       1
       3
       0
       4
       3
       1
       2
       2
       1
       0
       4
       3
       2
       4
       1
       2
       0
       1
       1
       0
       0
       1
       3
       1
       3
       2
       3
       2
       1
       1
       1
       1
       3
       0
       2
       0
       1
       1
       2
       0
       2
       3
       2
       1
       1
       1
       2
       2
       2
       1
       1
       0
       0
       2
       2
       2
       1
       2
       1
       3
       0
       1
       1
       5
       2
       2
       0
       0
       1
       1
       3
       0
       0
       0
       3
       1
       1
       6
       2
       4
       0
       2
       2
       0
       1
       1
       3
       3
       0
       1
       1
       3
       2
       1
       1
       4
       2
       2
       1
       2
       1
       2
       0
       5
       3
       2
       0
       3
       4
       1
       1
       2
       0
       2
       0
       0
       4
       1
       2
       1
       3
       4
       5
       3
       0
       0
       0
       0
       0
       2
       3
       2
       0
       0
       1
       1
       3
       0
       0
       1
       2
       1
       3
       0
       1
       0
       1
       1
       1
       2
       0
       1
       0
       2
       0
       1
       1
       1
       0
       2
       1
       0
       1
       1
       4
       1
       0
       1
       1
       3
       2
       0
       1
       0
       1
       3
       4
       3
       0
       0
       1
       0
       3
       1
       3
       3
       1
       3
       2
       1
       0
       2
       3
       5
       2
       1
       1
       2
       4
       0
       4
       1
       1
       1
       3
       1
       0
       1
       0
       2
       1
       1
       4
       3
       1
       3
       1
       1
       1
       1
       0
       0
       0
       4
       2
       2
       1
       1
       1
       1
       3
       2
       1
       3
       1
       2
       1
       3
       3
       0
       0
       2
       0
       2
       2
       3
       1
       0
       3
       0
       0
       3
       3
       1
       3
       1
       1
       0
       0
       0
       1
       2
       3
       2
       1
       0
       2
       3
       2
       3
       1
       1
       2
       4
       3
       0
       2
       1
       4
       2
       0
       3
       3
       2
       1
       2
       3
       2
       2
       0
       1
       0
       0
       3
       2
       2
       2
       1
       1
       2
       0
       2
       0
       2
       0
       0
       0
       3
       1
       3
       0
       1
       2
       1
       2
       3
       1
       0
       0
       1
       2
       0
       3
       1
       1
       3
       3
       5
       1
       0
       0
       1
       0
       1
       0
       1
       1
       1
       2
       0
       2
       0
       3
       1
       0
       0
       3
       1
       1
       2
       1
       3
       2
       1
       2
       0
       2
       2
       1
       3
       2
       0
       1
       0
       1
       2
       0
       2
       0
       2
       2
       1
       0
       4
       2
       1
       1
       0
       2
       0
       0
       1
       2
       1
       2
       1
       3
       1
       2
       2
       1
       1
       1
       1
       1
       3
       3
       1
       5
       0
       2
       1
       3
       4
       0
       0
       1
       2
       0
       3
       1
       0
       3
       3
       3
       3
       1
       0
       3
       2
       1
       1
       2
       1
       1
       4
       1
       0
       1
       0
       1
       0
       2
       0
       0
       1
       0
       1
       0
       2
       2
       0
       1
       1
       0
       1
       0
       1
       0
       2
       0
       3
       3
       2
       0
       1
       1
       1
       1
       2
       1
       1
       2
       1
       0
       1
       0
       1
       1
       2
       2
       3
       2
       5
       3
       0
       1
       2
       1
       5
       1
       1
       1
       2
       1
       3
       1
       3
       2
       2
       0
       0
       1
       0
       3
       1
       2
       2
       2
       0
       1
       0
       2
       3
       0
       2
       1
       0
       0
       1
       0
       1
       1
       0
       2
       0
       1
       2
       1
       2
       2
       3
       4
       5
       2
       0
       1
       1
       4
       0
       2
       0
       1
       1
       2
       3
       2
       1
       2
       2
       1
       1
       1
       3
       0
       1
       1
       3
       0
       2
       1
       1
       1
       3
       2
       1
       5
       1
       1
       2
       2
       1
       0
       0
       0
       2
       2
       1
       2
       1
       2
       0
       1
       1
       2
       3
       1
       1
       1
       0
       4
       1
       0
       1
       0
       3
       1
       1
       1
       0
       2
       1
       0
       1
       2
       4
       1
       4
       2
       0
       0
       0
       2
       2
       5
       0
       2
       1
       4
       2
       0
       1
       1
       1
       1
       1
       2
       3
       0
       0
       3
       2
       3
       3
       0
       1
       1
       2
       3
       0
       2
       0
       4
       1
       0
       0
       0
       4
       0
       0
       1
       1
       0
       1
       0
       2
       1
       1
       2
       1
       3
       0
       3
       0
       2
       3
       0
       2
       1
       1
       0
       0
       0
       0
       4
       1
       2
       4
       1
       1
       4
       1
       1
       1
       2
       1
       2
       2
       1
       1
       2
       2
       1
       1
       2
       2
       3
       3
       1
       0
       2
       3
       1
       2
       1
       2
       1
       1
       1
       4
       5
       2
       3
       1
       2
       2
       1
       1
       2
       0
       2
       2
       2
       2
       0
       1
       1
       2
       2
       0
       1
       0
       0
       2
       1
       1
       0
       1
       0
       3
       5
       1
       2
       1
       0
       3
       0
       2
       3
       2
       0
       2
       2
       2
       1
       1
       0
       1
       4
       2
       2
       1
       4
       1
       1
       0
       2
       1
       0
       4
       0
       0
       2
       1
       0
       1
       1
       2
       0
       1
       2
       1
       0
       1
       1
       0
       0
       1
       0
       1
       1
       3
       1
       2
       2
       1
       1
       1
       1
       1
       0
       2
       0
       1
       1
       0
       0
       2
       1
       2
       1
       1
       1
       1
       1
       2
       0
       0
       2
       0
       1
       0
       3
       1
       2
       3
       3
       1
       3
       1
       1
       2
       0
       1
       0
       0
       0
       0
       4
       1
       3
       2
       2
       1
       1
       0
       3
       0
       0
       1
       5
       1
       4
       1
       0
       2
       1
       0
       0
       1
       1
       1
       0
       0
       1
       1
       2
       4
       2
       1
       1
       2
       2
       1
       2
       0
       1
       4
       0
       1
       0
       5
       1
       0
       3
       1
       2
       2
       3
       1
       1
       1
       1
       3
       0
       3
       1
       1
       4
       0
       0
       3
       1
       0
       3
       2
       0
       2
       0
       2
       2
       2
       1
       2
       1
       1
       1
       1
       1
       0
       1
       1
       0
       0
       1
       3
       1
       0
       1
       2
       1
       3
       2
       4
       0
       1
       1
       0
       0
       1
       2
       0
       2
       1
       4
       2
       2
       1
       1
       3
       1
       0
       3
       1
       0
       0
       4
       0
       2
       2
       0
       2
       2
       0
       1
       1
       0
       4
       1
       3
       4
       2
       0
       2
       3
       2
       1
       3
       4
       0
       1
       0
       1
       1
       1
       0
       1
       1
       0
       1
       2
       1
       3
       0
       3
       2
       3
       1
       0
       2
       2
       1
       2
       0
       3
       0
       2
       1
       1
       2
       1
       2
       3
       1
       0
       3
       1
       2
       3
       0
       0
       1
       1
       4
       1
       0
       4
       0
       0
       1
       1
       1
       1
       0
       1
       0
       1
       0
       1
       2
       1
       1
       0
       0
       1
       3
       2
       2
       0
       3
       0
       4
       2
       4
       1
       3
       1
       1
       1
       2
       3
       1
       2
       1
       0
       3
       1
       1
       2
       3
       2
       2
       2
       1
       0
       2
       2
       2
       1
       2
       2
       1
       1
       1
       2
       2
       1
       2
       1
       0
       2
       2
       1
       1
       1
       2
       1
       1
       0
       1
       1
       0
       2
       1
       2
       1
       1
       1
       0
       0
       1
       2
       3
       0
       1
       0
       0
       1
       0
       3
       0
       0
       1
       0
       1
       1
       0
       1
       2
       0
       1
       3
       1
       2
       2
       0
       1
       1
       1
       3
       3
       0
       0
       1
       2
       0
       2
       3
       2
       1
       3
       2
       1
       1
       1
       3
       3
       0
       1
       2
       3
       1
       1
       1
       1
       2
       1
       1
       0
       1
       0
       0
       2
       0
       3
       5
       0
       0
       1
       0
       1
       2
       1
       1
       1
       1
       0
       1
       0
       1
       0
       0
       2
       0
       2
       2
       0
       0
       1
       0
       0
       1
       3
       1
       0
       1
       0
       4
       0
       3
       1
       2
       0
       1
       1
       1
       3
       3
       1
       3
       2
       3
       4
       2
       2
       4
       0
       0
       0
       2
       1
       1
       2
       0
       1
       1
       0
       0
       3
       1
       0
       2
       0
       1
       1
       2
       1
       2
       0
       1
       1
       1
       1
       3
       1
       2
       0
       1
       0
       1
       1
       1
       2
       1
       0
       1
       0
       1
       0
       0
       1
       0
       4
       2
       1
       0
       1
       2
       1
       2
       3
       1
       0
       3
       1
       2
       1
       1
       0
       1
       1
       0
       0
       1
       1
       1
       2
       1
       2
       0
       1
       0
       0
       2
       2
       0
       2
       2
       0
       2
       1
       2
       5
       1
       0
       1
       1
       4
       1
       1
       5
       1
       4
       3
       0
       1
       2
       1
       1
       3
       0
       3
       4
       1
       4
       0
       1
       4
       2
       1
       1
       3
       1
       1
       0
       2
       1
       0
       0
       1
       1
       0
       0
       2
       3
       2
       2
       1
       3
       3
       0
       0
       2
       3
       3
       2
       2
       0
       2
       0
       3
       0
       2
       0
       1
       1
       0
       2
       3
       0
       0
       1
       3
       1
       1
       4
       4
       3
       1
       0
       3
       1
       1
       4
       1
       2
       1
       1
       0
       0
       2
       3
       3
       3
       2
       3
       2
       0
       0
       2
       1
       0
       1
       2
       2
       3
       1
       2
       0
       2
       1
       1
       2
       2
       1
       1
       0
       0
       2
       0
       1
       2
       2
       1
       1
       1
       2
       0
       4
       2
       3
       1
       2
       0
       3
       2
       0
       0
       4
       1
       1
       2
       2
       1
       5
       0
       4
       0
       0
       0
       1
       1
       3
       0
       1
       3
       2
       0
       0
       0
       4
       3
       0
       2
       1
       2
       1
       2
       0
       2
       3
       1
       2
       1
       3
       2
       1
       0
       3
       2
       1
       1
       3
       0
       2
       2
       1
       1
       2
       0
       2
       2
       3
       3
       1
       2
       0
       3
       0
       1
       2
       1
       3
       2
       0
       0
       1
       2
       0
       3
       0
       0
       2
       1
       1
       2
       1
       2
       0
       2
       1
       1
       2
       0
       1
       2
       2
       0
       0
       2
       1
       2
       2
       0
       4
       0
       3
       2
       2
       2
       0
       1
       0
       0
       2
       0
       2
       2
       1
       1
       1
       1
       2
       3
       2
       3
       0
       2
       3
       0
       2
       3
       2
       1
       1
       0
       1
       0
       1
       1
       0
       0
       1
       0
       1
       0
       4
       0
       2
       1
       4
       0
       0
       2
       0
       1
       1
       0
       1
       2
       2
       0
       1
       2
       2
       0
       0
       1
       1
       0
       3
       2
       2
       2
       1
       1
       2
       1
       3
       1
       0
       1
       1
       2
       0
       2
       0
       0
       2
       0
       1
       3
       1
       0
       0
       3
       4
       0
       3
       1
       3
       0
       1
       1
       0
       3
       0
       1
       0
       7
       2
       2
       2
       3
       1
       1
       1
       2
       1
       2
       2
       2
       1
       2
       2
       1
       0
       0
       3
       0
       0
       2
       3
       3
       0
       1
       2
       1
       2
       4
       0
       2
       0
       0
       0
       3
       1
       1
       0
       2
       3
       3
       2
       2
       3
       1
       1
       1
       2
       0
       3
       2
       2
       0
       2
       1
       2
       3
       1
       1
       0
       2
       0
       0
       1
       1
       1
       1
       2
       3
       1
       0
       0
       3
       3
       4
       1
       2
       3
       0
       1
       0
       4
       1
       0
       1
       5
       0
       3
       2
       2
       2
       0
       1
       2
       1
       2
       1
       1
       2
       2
       1
       3
       1
       3
       1
       3
       0
       1
       1
       2
       1
       2
       0
       2
       0
       1
       0
       0
       0
       2
       0
       2
       1
       1
       0
       0
       0
       2
       4
       0
       3
       1
       1
       0
       1
       1
       3
       3
       0
       0
       2
       4
       2
       1
       3
       3
       0
       2
       3
       0
       3
       3
       0
       1
       3
       0
       1
       2
       3
       1
       2
       0
       4
       1
       0
       0
       1
       1
       2
       2
       1
       1
       1
       0
       3
       1
       4
       0
       2
       1
       1
       0
       0
       2
       4
       3
       3
       0
       0
       1
       2
       2
       0
       1
       0
       2
       2
       0
       1
       0
       0
       2
       1
       1
       5
       1
       0
       3
       1
       1
       1
       0
       1
       1
       1
       2
       1
       0
       2
       0
       2
       3
       1
       2
       0
       0
       0
       4
       0
       0
       1
       1
       0
       0
       1
       1
       4
       1
       0
       3
       0
       2
       1
       2
       1
       2
       2
       1
       2
       0
       1
       0
       2
       5
       1
       3
       0
       2
       2
       1
       1
       0
       0
       0
       0
       0
       0
       1
       0
       0
       0
       1
       0
       0
       1
       4
       1
       2
       3
       2
       0
       1
       2
       0
       1
       0
       2
       1
       1
       1
       1
       0
       1
       1
       3
       0
       1
       2
       2
       1
       2
       1
       3
       1
       1
       0
       0
       2
       2
       2
       1
       1
       1
       0
       3
       2
       1
       2
       2
       1
       1
       1
       0
       1
       1
       2
       2
       3
       2
       3
       1
       1
       1
       3
       3
       2
       1
       0
       0
       1
       1
       1
       0
       1
       2
       0
       1
       2
       3
       0
       1
       2
       0
       2
       0
       1
       2
       1
       1
       1
       0
       2
       0
       2
       0
       0
       0
       1
       1
       0
       1
       3
       1
       1
       1
       0
       1
       2
       1
       1
       1
       3
       2
       0
       2
       1
       1
       0
       0
       1
       4
       1
       3
       4
       0
       3
       2
       3
       1
       4
       1
       2
       2
       1
       1
       1
       0
       1
       0
       2
       1
       2
       1
       1
       0
       1
       3
       1
       1
       1
       0
       1
       2
       0
       0
       2
       0
       2
       0
       2
       2
       1
       2
       0
       1
       0
       2
       1
       2
       0
       1
       1
       1
       1
       1
       2
       1
       1
       1
       0
       2
       0
       0
       0
       1
       3
       1
       1
       3
       3
       2
       1
       0
       1
       0
       2
       0
       1
       1
       2
       0
       5
       0
       4
       1
       3
       0
       2
       2
       0
       1
       2
       1
       2
       3
       3
       2
       4
       0
       1
       3
       1
       2
       2
       2
       0
       0
       2
       2
       0
       0
       2
       1
       3
       0
       3
       0
       0
       2
       2
       0
       1
       4
       2
       2
       2
       1
       1
       1
       1
       4
       2
       0
       1
       2
       2
       4
       3
       2
       1
       1
       1
       4
       1
       0
       1
       1
       2
       2
       1
       2
       0
       4
       0
       3
       5
       2
       2
       1
       3
       1
       1
       2
       4
       0
       1
       0
       0
       0
       2
       0
       2
       0
       2
       1
       0
       2
       0
       2
       2
       1
       1
       5
       0
       0
       0
       2
       1
       1
       0
       0
       2
       1
       3
       2
       0
       0
       0
       3
       3
       0
       3
       2
       1
       1
       2
       1
       1
       0
       2
       1
       1
       1
       1
       0
       2
       4
       2
       2
       0
       2
       2
       1
       2
       0
       2
       0
       0
       3
       3
       0
       2
       1
       0
       1
       1
       0
       1
       1
       1
       1
       1
       2
       1
       0
       2
       0
       2
       1
       0
       2
       1
       0
       1
       1
       2
       1
       2
       1
       2
       1
       3
       5
       1
       1
       1
       0
       1
       1
       4
       2
       3
       1
       4
       0
       2
       1
       2
       1
       0
       1
       0
       3
       1
       0
       1
       3
       0
       1
       1
       1
       0
       0
       0
       0
       1
       2
       5
       1
       2
       0
       2
       2
       2
       2
       0
       4
       0
       1
       2
       0
       2
       0
       2
       0
       2
       2
       0
       0
       3
       0
       2
       1
       2
       0
       3
       1
       1
       4
       2
       1
       2
       1
       2
       0
       1
       0
       0
       1
       1
       0
       2
       0
       1
       0
       2
       2
       3
       2
       1
       0
       1
       0
       0
       2
       1
       1
       0
       2
       0
       2
       2
       2
       3
       1
       1
       0
       1
       1
       3
       1
       1
       0
       2
       2
       1
       0
       4
       3
       1
       4
       0
       2
       1
       1
       1
       3
       1
       0
       2
       1
       0
       1
       1
       0
       0
       2
       0
       1
       1
       1
       1
       3
       1
       1
       1
       2
       1
       0
       0
       0
       6
       1
       0
       1
       1
       0
       0
       3
       1
       4
       1
       1
       1
       1
       0
       2
       2
       2
       1
       0
       1
       1
       0
       2
       2
       2
       2
       0
       2
       2
       3
       0
       1
       1
       1
       0
       1
       2
       2
       2
       4
       2
       1
       1
       1
       2
       3
       0
       2
       2
       0
       1
       2
       0
       2
       0
       2
       0
       0
       0
       0
       1
       1
       1
       1
       3
       3
       0
       2
       2
       1
       1
       0
       2
       1
       2
       2
       4
       1
       3
       0
       1
       3
       0
       2
       4
       1
       2
       0
       0
       0
       2
       0
       1
       0
       0
       1
       0
       3
       2
       0
       2
       0
       0
       0
       1
       0
       2
       0
       3
       2
       1
       2
       4
       0
       1
       1
       3
       0
       1
       0
       0
       1
       1
       2
       1
       1
       0
       2
       1
       0
       0
       0
       0
       2
       1
       1
       0
       1
       0
       1
       1
       1
       1
       1
       2
       1
       2
       4
       0
       1
       1
       0
       1
       1
       1
       1
       1
       0
       0
       0
       0
       2
       1
       2
       0
       1
       1
       0
       0
       4
       0
       0
       2
       1
       2
       0
       2
       0
       1
       5
       0
       2
       2
       3
       2
       2
       1
       0
       0
       3
       2
       0
       2
       1
       2
       0
       2
       0
       0
       0
       1
       1
       0
       0
       2
       4
       1
       1
       1
       1
       2
       2
       0
       0
       3
       1
       0
       1
       1
       2
       3
       1
       1
       1
       2
       0
       2
       0
       0
       0
       0
       3
       3
       1
       2
       1
       2
       1
       1
       3
       0
       4
       0
       2
       1
       2
       1
       2
       1
       2
       0
       0
       2
       1
       1
       1
       2
       2
       1
       1
       3
       3
       1
       2
       0
       1
       2
       1
       0
       1
       0
       1
       3
       0
       0
       1
       2
       0
       0
       1
       1
       2
       1
       2
       2
       3
       1
       2
       1
       1
       2
       2
       1
       2
       2
       2
       1
       1
       3
       1
       4
       1
       1
       1
       2
       5
       1
       2
       0
       0
       0
       1
       0
       0
       1
       0
       2
       0
       0
       3
       0
       2
       1
       0
       0
       1
       0
       2
       2
       3
       1
       3
       0
       0
       1
       2
       0
       2
       1
       1
       3
       0
       1
       0
       0
       0
       1
       1
       0
       2
       0
       2
       2
       2
       0
       0
       1
       1
       0
       1
       2
       2
       1
       4
       1
       0
       1
       0
       1
       1
       2
       0
       0
       1
       0
       0
       1
       2
       1
       0
       2
       0
       1
       1
       1
       2
       0
       1
       1
       2
       1
       3
       2
       2
       1
       2
       2
       0
       1
       1
       3
       0
       1
       1
       2
       0
       3
       0
       0
       0
       2
       5
       2
       1
       2
       1
       1
       1
       1
       3
       1
       2
       1
       1
       1
       2
       2
       1
       2
       0
       3
       1
       2
       2
       1
       0
       1
       0
       3
       2
       2
       0
       3
       0
       0
       0
       0
       1
       1
       1
       2
       2
       2
       2
       4
       1
       1
       1
       1
       2
       2
       0
       0
       4
       0
       2
       2
       1
       0
       3
       0
       0
       1
       2
       2
       1
       1
       0
       0
       0
       2
       0
       2
       0
       1
       1
       2
       0
       2
       2
       0
       1
       2
       2
       0
       0
       1
       2
       1
       2
       1
       1
       1
       1
       0
       0
       1
       2
       2
       3
       1
       1
       1
       1
       1
       0
       2
       2
       2
       0
       1
       0
       0
       0
       2
       1
       1
       1
       0
       3
       2
       1
       2
       1
       0
       2
       1
       2
       2
       1
       0
       2
       4
       2
       2
       2
       2
       0
       1
       1
       1
       2
       3
       0
       0
       0
       3
       2
       1
       2
       2
       1
       0
       0
       1
       1
       1
       0
       4
       3
       2
       1
       1
       1
       0
       0
       0
       3
       2
       1
       1
       2
       0
       1
       2
       1
       1
       2
       0
       2
       2
       1
       1
       0
       2
       3
       1
       2
       1
       0
       1
       2
       1
       5
       1
       2
       2
       0
       1
       0
       1
       0
       0
       1
       2
       2
       0
       2
       0
       0
       1
       1
       0
       1
       1
       2
       2
       3
       1
       1
       2
       0
       1
       1
       0
       0
       1
       4
       1
       2
       0
       1
       0
       0
       0
       1
       3
       1
       0
       1
       1
       4
       2
       2
       3
       2
       1
       2
       1
       1
       1
       1
       1
       0
       0
       1
       1
       2
       1
       0
       4
       1
       0
       0
       2
       0
       0
       2
       0
       1
       2
       1
       2
       1
       4
       2
       1
       0
       0
       0
       2
       3
       1
       1
       2
       1
       1
       4
       1
       2
       0
       0
       4
       0
       1
       1
       1
       2
       0
       1
       2
       1
       1
       1
       2
       1
       2
       0
       1
       0
       1
       0
       2
       0
       3
       2
       0
       0
       2
       1
       0
       0
       3
       2
       1
       1
       0
       0
       0
       2
       0
       1
       0
       0
       0
       1
       1
       2
       1
       1
       0
       3
       2
       5
       1
       2
       2
       1
       3
       2
       0
       1
       1
       1
       2
       3
       0
       4
       2
       0
       1
       0
       0
       1
       2
       0
       2
       2
       1
       1
       2
       0
       1
       1
       3
       1
       1
       1
       1
       0
       0
       0
       2
       1
       1
       1
       0
       1
       0
       2
       1
       0
       1
       1
       3
       0
       1
       2
       0
       1
       0
       0
       1
       1
       3
       1
       0
       1
       0
       1
       0
       4
       2
       0
       1
       2
       1
       1
       1
       1
       3
       3
       1
       2
       4
       5
       2
       0
       2
       0
       1
       2
       1
       0
       2
       1
       0
       0
       0
       3
       3
       0
       1
       0
       4
       1
       1
       1
       2
       0
       2
       1
       3
       3
       2
       1
       3
       1
       2
       2
       0
       1
       1
       0
       3
       1
       2
       0
       2
       1
       1
       3
       0
       1
       1
       2
       0
       3
       1
       0
       1
       2
       0
       1
       1
       1
       0
       1
       1
       4
       1
       2
       2
       0
       1
       3
       1
       0
       3
       1
       0
       2
       0
       0
       1
       3
       2
       3
       0
       0
       2
       1
       0
       1
       2
       4
       0
       4
       2
       0
       0
       0
       2
       1
       1
       1
       2
       1
       1
       2
       1
       1
       0
       1
       3
       1
       0
       0
       2
       0
       3
       3
       5
       2
       2
       2
       0
       0
       3
       0
       4
       3
       1
       2
       0
       3
       0
       1
       3
       0
       1
       1
       1
       4
       1
       0
       3
       1
       2
       1
       1
       2
       0
       0
       5
       1
       1
       0
       0
       0
       2
       1
       0
       3
       0
       1
       0
       2
       3
       1
       0
       2
       1
       0
       3
       1
       1
       3
       1
       1
       0
       1
       0
       1
       1
       4
       1
       2
       1
       0
       3
       2
       0
       2
       1
       0
       0
       3
       1
       0
       3
       1
       0
       2
       0
       0
       0
       1
       1
       3
       1
       1
       0
       1
       0
       0
       2
       1
       1
       2
       2
       1
       1
       0
       2
       1
       1
       0
       1
       0
       1
       1
       1
       0
       1
       1
       2
       1
       1
       1
       1
       1
       0
       1
       0
       2
       2
       1
       1
       2
       1
       0
       2
       2
       0
       1
       1
       1
       1
       0
       3
       0
       1
       1
       1
       0
       0
       1
       0
       1
       0
       2
       4
       1
       0
       0
       0
       2
       0
       0
       1
       1
       1
       3
       2
       2
       2
       1
       1
       1
       1
       0
       3
       0
       0
       0
       2
       1
       2
       2
       1
       0
       0
       1
       2
       1
       0
       2
       4
       2
       1
       1
       1
       2
       2
       1
       0
       1
       2
       1
       4
       1
       1
       2
       1
       1
       2
       1
       2
       1
       3
       2
       1
       1
       1
       3
       1
       2
       0
       3
       1
       0
       1
       1
       3
       1
       2
       2
       3
       2
       1
       2
       1
       0
       2
       0
       2
       1
       0
       1
       2
       2
       2
       1
       0
       3
       2
       0
       2
       2
       3
       3
       1
       0
       0
       1
       1
       1
       2
       2
       0
       2
       1
       0
       1
       0
       3
       0
       2
       0
       2
       0
       1
       3
       0
       2
       1
       1
       4
       2
       1
       0
       3
       1
       1
       1
       1
       0
       1
       1
       1
       1
       2
       3
       3
       0
       0
       0
       0
       4
       1
       1
       1
       2
       1
       2
       1
       0
       1
       1
       0
       0
       1
       2
       1
       1
       0
       2
       3
       3
       2
       0
       1
       3
       1
       2
       2
       2
       0
       0
       1
       0
       3
       2
       4
       0
       1
       3
       0
       4
       1
       1
       0
       1
       0
       2
       0
       2
       1
       1
       1
       0
       3
       1
       2
       2
       0
       2
       1
       1
       2
       2
       0
       3
       1
       0
       1
       4
       3
       0
       1
       2
       0
       0
       0
       0
       2
       3
       1
       3
       1
       1
       1
       1
       1
       6
       2
       0
       0
       3
       1
       2
       1
       2
       0
       2
       0
       2
       1
       0
       2
       2
       3
       2
       0
       1
       0
       2
       3
       2
       1
       1
       1
       1
       0
       1
       0
       2
       1
       2
       0
       0
       2
       0
       5
       2
       1
       1
       1
       1
       1
       0
       0
       3
       0
       3
       0
       1
       1
       3
       0
       3
       0
       0
       0
       2
       2
       2
       0
       3
       2
       1
       2
       0
       0
       0
       5
       2
       0
       1
       0
       1
       3
       0
       2
       0
       1
       1
       2
       1
       0
       1
       1
       1
       0
       0
       1
       1
       3
       3
       1
       1
       1
       4
       2
       2
       0
       0
       0
       3
       0
       1
       0
       0
       0
       1
       2
       3
       2
       2
       2
       1
       3
       0
       2
       0
       2
       3
       0
       3
       1
       1
       1
       1
       0
       2
       2
       1
       0
       1
       1
       2
       1
       1
       1
       1
       1
       2
       1
       0
       1
       0
       3
       1
       1
       0
       2
       3
       1
       1
       1
       2
       2
       2
       0
       4
       5
       0
       0
       1
       1
       1
       0
       0
       1
       1
       1
       3
       1
       2
       1
       0
       1
       2
       0
       3
       0
       3
       0
       1
       0
       2
       1
       1
       1
       0
       1
       1
       1
       1
       0
       1
       0
       0
       1
       2
       0
       3
       2
       1
       2
       0
       1
       2
       0
       3
       0
       0
       0
       0
       2
       2
       3
       4
       0
       0
       2
       2
       0
       2
       2
       1
       2
       4
       4
       1
       3
       0
       2
       4
       0
       1
       2
       3
       1
       0
       0
       0
       2
       0
       0
       2
       3
       1
       1
       1
       2
       2
       0
       1
       1
       0
       1
       1
       2
       1
       2
       2
       1
       0
       0
       1
       0
       1
       1
       1
       1
       0
       1
       1
       0
       3
       2
       1
       2
       0
       2
       1
       2
       0
       0
       1
       1
       2
       1
       0
       0
       1
       3
       0
       1
       1
       0
       2
       0
       1
       1
       2
       0
       1
       3
       3
       1
       1
       1
       0
       1
       1
       0
       0
       0
       0
       1
       2
       0
       1
       0
       1
       0
       0
       0
       1
       1
       2
       2
       1
       1
       0
       1
       2
       0
       1
       1
       0
       2
       3
       0
       0
       0
       0
       1
       0
       2
       0
       3
       3
       1
       1
       3
       4
       2
       1
       1
       5
       2
       0
       2
       2
       3
       2
       2
       1
       2
       2
       1
       0
       2
       0
       2
       1
       1
       0
       1
       1
       1
       1
       1
       2
       5
       1
       0
       2
       0
       0
       0
       2
       0
       1
       2
       2
       0
       2
       1
       0
       1
       1
       2
       2
       3
       0
       1
       1
       1
       0
       1
       0
       0
       1
       1
       3
       0
       2
       1
       1
       0
       0
       0
       0
       1
       3
       1
       0
       0
       2
       2
       0
       1
       1
       0
       2
       0
       2
       3
       0
       1
       2
       2
       1
       1
       1
       3
       2
       2
       3
       0
       1
       1
       1
       1
       3
       0
       0
       2
       1
       0
       0
       0
       1
       1
       2
       1
       1
       1
       2
       1
       2
       0
       2
       1
       2
       1
       1
       1
       0
       1
       0
       0
       2
       2
       2
       1
       2
       1
       3
       0
       1
       2
       2
       2
       2
       1
       3
       0
       2
       2
       3
       1
       3
       0
       0
       2
       0
       1
       2
       0
       1
       1
       2
       2
       0
       0
       1
       0
       1
       1
       0
       1
       3
       0
       1
       3
       0
       0
       1
       1
       3
       1
       0
       0
       1
       1
       0
       0
       0
       1
       4
       0
       2
       0
       0
       2
       2
       1
       0
       1
       0
       1
       2
       1
       2
       3
       0
       0
       0
       3
       1
       1
       3
       0
       2
       0
       0
       0
       2
       1
       1
       1
       1
       1
       2
       2
       2
       1
       1
       0
       1
       0
       1
       0
       1
       2
       0
       1
       2
       0
       1
       2
       0
       0
       0
       0
       1
       0
       1
       2
       0
       1
       3
       3
       1
       1
       3
       2
       3
       0
       2
       1
       1
       0
       1
       2
       2
       2
       1
       1
       5
       1
       0
       1
       0
       0
       1
       0
       1
       3
       1
       0
       2
       1
       1
       1
       1
       0
       2
       0
       1
       0
       2
       1
       1
       1
       0
       2
       1
       1
       2
       4
       0
       0
       0
       1
       3
       2
       2
       1
       2
       0
       4
       1
       1
       0
       2
       1
       0
       0
       0
       1
       2
       0
       0
       1
       0
       1
       3
       1
       1
       1
       0
       1
       2
       0
       0
       2
       0
       2
       0
       2
       1
       1
       2
       0
       1
       0
       1
       2
       0
       2
       4
       1
       0
       1
       2
       2
       1
       3
       1
       4
       0
       1
       0
       1
       2
       1
       1
       0
       2
       0
       1
       0
       0
       0
       1
       2
       2
       1
       1
       0
       3
       4
       1
       0
       2
       0
       2
       1
       1
       0
       3
       0
       0
       1
       3
       0
       0
       2
       3
       3
       1
       0
       0
       2
       0
       1
       3
       4
       2
       1
       1
       0
       1
       1
       1
       0
       0
       2
       0
       0
       3
       0
       0
       1
       0
       0
       2
       0
       1
       1
       1
       2
       0
       1
       0
       0
       1
       2
       2
       0
       1
       1
       0
       1
       0
       1
       0
       2
       1
       2
       1
       1
       0
       1
       1
       1
       3
       1
       0
       0
       0
       1
       2
       1
       2
       2
       1
       1
       2
       1
       1
       2
       0
       1
       2
       0
       0
       0
       0
       0
       0
       0
       0
       0
       0
       0
       0
       0
       0
       0
       0
       0
       0
       0
       0
       0
       0
       0
       0
       0
       0
       0
       0
       0
       0
       0
       0
       0
       0
       0
       0
       0
       0
       0
       0
       0
       0
       0
       0
       0
       0
       0
       0
       0
       0
       0
       0
       0
       0
       0
       0
       0
       0
       0
       0
       0
       0
       0
       0
       0
       0
       0
       0
       0
       0
       0
       0
       0
       0
       0
       0
       0
       0
       0
       0
       0
       0
       0
       0
       0
       0
       0
       0
       0
       0
       0
       0
       0
       0
       0
       0
       0
       0
       0
       0
       0
       0
       0
       0
       0
       0
       0
       0
       0
       0
       0
       0
       0
       0
       0
       0
       0
       0
       0
       0
       0
       0
       0
       0
       0
       0
       0
       0
       0
       0
       0
       0
       0
       0
       0
       0
       0
       0
       0
       0
       0
       0
       0
       0
       0
       0
       0
       0
       0
       0
       0
       0
       0
       0
       0
       0
       0
       0
       0
       0
       0
       0
       0
       0
       0
       0
       0
       0
       0
       0
       0
       0
       0
       0
       0
       0
       0
       0
       0
       0
       0
       0
       0
       0
       0
       0
       0
       0
       0
       0
       0
       0
       0
       0
       0
       0
       0
       0
       0
       0
       0
       0
       0
       0
       0
       0
       0
       0
       0
       0
       0
       0
       0
       0
       0
       0
       0
       0
       0
       0
       0
       0
       0
       0
       0
       0
       0
       0
       0
       0
       0
       0
       0
       0
       0
       0
       0
       0
       0
       0
       0
       0
       0
       0
       0
       0
       0
       0
       0
       0
       0
       0
       0
       0
       0
       0
$ROI:
0
$PRESETS:
None
0
0
$ENER_FIT:
0.000000 0.533053
$MCA_CAL:
3
0.000000E+000 5.330531E-001 0.000000E+000 keV
$SHAPE_CAL:
3
0.000000E+000 0.000000E+000 0.000000E+000
