$SPEC_ID:
No sample description was entered.
$SPEC_REM:
DET# 1
DETDESC# DLAB-PHY-L3-48 Model 928 SN 14118571
AP# Maestro Version 7.01
$DATE_MEA:
02/27/2026 16:49:50
$MEAS_TIM:
244860 248744
$DATA:
0 16383
       0
       0
       0
       0
       0
       0
       0
       0
       0
       0
       0
       0
       0
       0
       0
       0
     670
     624
     583
     508
     394
     317
     260
     199
     157
     112
      86
      52
      44
      36
      27
       9
       9
       8
       2
       5
       2
       0
       1
       0
       0
       0
       0
       1
       0
       0
       2
       1
       0
       1
       0
       2
       0
       2
       0
       0
       1
       2
       3
       0
       0
       0
       1
       0
       3
      14
      91
    1093
    7740
   57252
  467925
 1297869
  870687
  334022
  241903
  213049
  201594
  196965
  199001
  202029
  207669
  214545
  221658
  229708
  239211
  247729
  257496
  266038
  274613
  283095
  292407
  299585
  308245
  317055
  324902
  333775
  341527
  349157
  356183
  364620
  372366
  380807
  388987
  397550
  404898
  414619
  423657
  431441
  439843
  450148
  460413
  468548
  478953
  487509
  496689
  506998
  516110
  526095
  537644
  546455
  556113
  565476
  574847
  583746
  593904
  604091
  613084
  623202
  630487
  641241
  648997
  658580
  665534
  675628
  683863
  693493
  702220
  709622
  720599
  726691
  734494
  743688
  753680
  760174
  766887
  773229
  781197
  789035
  794739
  800798
  806434
  810356
  814916
  818500
  821212
  825455
  825940
  826521
  827075
  827935
  825771
  823422
  821178
  819283
  812965
  808585
  803752
  795982
  788328
  780263
  773527
  762657
  754674
  746490
  733672
  723049
  711885
  702042
  688274
  677912
  666139
  652217
  639966
  628818
  616254
  602836
  589612
  576408
  564889
  554057
  541600
  530416
  518579
  507545
  497885
  485269
  474052
  464947
  455326
  446353
  436871
  426763
  419831
  411289
  404369
  395839
  388993
  383347
  376775
  370092
  364526
  358893
  354253
  349429
  344276
  340367
  335610
  332818
  329107
  324802
  321340
  317998
  315279
  313896
  310260
  307800
  306698
  303475
  301090
  298609
  297116
  295095
  294366
  292635
  290653
  288738
  288287
  286320
  285013
  283540
  282511
  281704
  280015
  277236
  277786
  275560
  274630
  274563
  272305
  272632
  271242
  269495
  269656
  267837
  267082
  266583
  266455
  265471
  264809
  264121
  263268
  262811
  261846
  261480
  260182
  260392
  259529
  259397
  258717
  258503
  256997
  257049
  256825
  257065
  256581
  256158
  256196
  254976
  255687
  254766
  254484
  255073
  253551
  253979
  254419
  254816
  253784
  254969
  252507
  253117
  253391
  253000
  253916
  253384
  252906
  253415
  253654
  253174
  253951
  254476
  253508
  254030
  254396
  254885
  253554
  254282
  254333
  254913
  254954
  255419
  255768
  255485
  255148
  255613
  256090
  254950
  255893
  256457
  256164
  256886
  257138
  256791
  258138
  257186
  257839
  257393
  257485
  257489
  258830
  258377
  258814
  257836
  258060
  258337
  259371
  259234
  259965
  259011
  259671
  259905
  259484
  260476
  260064
  261029
  260915
  260203
  261055
  260378
  261240
  260992
  260856
  261615
  260786
  262290
  261956
  261817
  261728
  261714
  262083
  261068
  261825
  261293
  262047
  261903
  260846
  262025
  261291
  260676
  261163
  262041
  260934
  262164
  260992
  261851
  260639
  261127
  260997
  259705
  261035
  260364
  259786
  259663
  259639
  259727
  259374
  259821
  259292
  258051
  258773
  258832
  257869
  257653
  257733
  257404
  256834
  257922
  255991
  257125
  255764
  256297
  256032
  255912
  254481
  253989
  253517
  253714
  253587
  253849
  253066
  251628
  252623
  252707
  252607
  250761
  251299
  250463
  249872
  250901
  249199
  248354
  248839
  247817
  248057
  246921
  247113
  246127
  245927
  245108
  244823
  244831
  244845
  243625
  243013
  243567
  241668
  241464
  241327
  240339
  239448
  238867
  239026
  239123
  237898
  237578
  236605
  236446
  236117
  234848
  234794
  234263
  234148
  233387
  232550
  231957
  231265
  231347
  228621
  229665
  228877
  228641
  228448
  228148
  227157
  226038
  226421
  225142
  224701
  223829
  223626
  223213
  222182
  221821
  220906
  221791
  220221
  219383
  217875
  218408
  217246
  217396
  216339
  215930
  215574
  214963
  214239
  214079
  212071
  212922
  211764
  211590
  210223
  209815
  208650
  208744
  208013
  207468
  206767
  205920
  205709
  205042
  204285
  203887
  203349
  201760
  202380
  201768
  201125
  200055
  200220
  198483
  198789
  198128
  197009
  196032
  196161
  196768
  194664
  194409
  193144
  193044
  192134
  192764
  191581
  191041
  189272
  189545
  188694
  188492
  188137
  186670
  185995
  186402
  185339
  184712
  184390
  183075
  183152
  182162
  182241
  180670
  180371
  179904
  178856
  179518
  177690
  178199
  177041
  176082
  175039
  175113
  174734
  174185
  173565
  172422
  172029
  171474
  171709
  170510
  169604
  169415
  168951
  168633
  167554
  167318
  166547
  166167
  165247
  164540
  164112
  163661
  162886
  162504
  162040
  161398
  161339
  159947
  159201
  159625
  158646
  157871
  158042
  156513
  156280
  155637
  155685
  154906
  154705
  153509
  153089
  152597
  151991
  151894
  150838
  150499
  149533
  148342
  148538
  148350
  147450
  147178
  147169
  145522
  146042
  144648
  144523
  143647
  143309
  142777
  142090
  142167
  141117
  140888
  139489
  139745
  138813
  138578
  138116
  138109
  137331
  137331
  136696
  135658
  135384
  134934
  133724
  134146
  133643
  133226
  132807
  132011
  131454
  131118
  130568
  129742
  129586
  129359
  128777
  128985
  128360
  127452
  127035
  126038
  125885
  125770
  125055
  124699
  124366
  123696
  123876
  122519
  122259
  121662
  121308
  121100
  121177
  120201
  119861
  119292
  119474
  118361
  117768
  118410
  116991
  117142
  116719
  116108
  115634
  114836
  114913
  114114
  113750
  113130
  113417
  112257
  112094
  112048
  110591
  110584
  110190
  109697
  109408
  108940
  108425
  108791
  108466
  107428
  106940
  106449
  106384
  105492
  105892
  104936
  104381
  103992
  103781
  103123
  102531
  102316
  101599
  101467
  101117
  100748
  100777
   99771
   99318
   98545
   99204
   98380
   98362
   98095
   97177
   96380
   96304
   96254
   95699
   95131
   95058
   94721
   94113
   93516
   93583
   92838
   92034
   91914
   92039
   91577
   90663
   90208
   89941
   90031
   89134
   89721
   89109
   88075
   88196
   87543
   86949
   86642
   86566
   86433
   86331
   85254
   85127
   84855
   84513
   84063
   84019
   83936
   83109
   82679
   82536
   82176
   82259
   81388
   80948
   80681
   80516
   80234
   79631
   79796
   79145
   79485
   78537
   78963
   78028
   77779
   77340
   77310
   77141
   77240
   76729
   75860
   75956
   74876
   75418
   75076
   74140
   74434
   74461
   73768
   73791
   73492
   72684
   72845
   72195
   71707
   71660
   72014
   71713
   70435
   70843
   70620
   70189
   69907
   69879
   69469
   69430
   68802
   68606
   68475
   68623
   67555
   67810
   67036
   67265
   67011
   66441
   66305
   66571
   65932
   65753
   65336
   65199
   64764
   64998
   64411
   64613
   63828
   63690
   63211
   62961
   62581
   62914
   63120
   62371
   62328
   61960
   61651
   61994
   61346
   61269
   60674
   60445
   60060
   60229
   59849
   59727
   59585
   59402
   59518
   58949
   58994
   58611
   58123
   58008
   57575
   57667
   57434
   56998
   57571
   56616
   56822
   56757
   56762
   56299
   55649
   56119
   56416
   55470
   54673
   54647
   54970
   54592
   54490
   54699
   53999
   53689
   53466
   53221
   53277
   52695
   52694
   52581
   52521
   52903
   52053
   52041
   51818
   51887
   51680
   51242
   51301
   51071
   50955
   50651
   50572
   50559
   50083
   49918
   50054
   49833
   49723
   49331
   49548
   49208
   49008
   48393
   48912
   48405
   48633
   48092
   48234
   47856
   47727
   47995
   47585
   47547
   47052
   47112
   46679
   46557
   46737
   46258
   46075
   45741
   45886
   45978
   46035
   45691
   45295
   45276
   45017
   44954
   44898
   44886
   44549
   44252
   44310
   44275
   44359
   44104
   43613
   43345
   43549
   43757
   43297
   43052
   43116
   42678
   42284
   42515
   42508
   42477
   41972
   41901
   41896
   42110
   41761
   41310
   41424
   41084
   41216
   41148
   40737
   40672
   40206
   40604
   40488
   40194
   39640
   40164
   39945
   39999
   39622
   39585
   39034
   39024
   39072
   38541
   38795
   38170
   38269
   38364
   38126
   37833
   38215
   37620
   37708
   37637
   37415
   37212
   36625
   36915
   36897
   36521
   36340
   36207
   36180
   36073
   36137
   36084
   35637
   35415
   35380
   35229
   35201
   35032
   34945
   34978
   34460
   34422
   34134
   34609
   34173
   34078
   33706
   34185
   33870
   33829
   33431
   33261
   32919
   32754
   32709
   32828
   32548
   32954
   32213
   32271
   32055
   31582
   32064
   31630
   31912
   31551
   31531
   31529
   31263
   30981
   30966
   31142
   30696
   30731
   30663
   30572
   30589
   30094
   30321
   29880
   29793
   30021
   29840
   29630
   29256
   29474
   29261
   29286
   29058
   28921
   29104
   28848
   28545
   28501
   28847
   28378
   28395
   27917
   28040
   28096
   27999
   27956
   28045
   28074
   27641
   27389
   27531
   27563
   27551
   27289
   27180
   27100
   26872
   26940
   26824
   26895
   26481
   26754
   26655
   26411
   26167
   26115
   26331
   26109
   26085
   25720
   25811
   25513
   25689
   25405
   25311
   25408
   25716
   25346
   25292
   25203
   25057
   25102
   25056
   25101
   24949
   24750
   24423
   24577
   24303
   24324
   24160
   24256
   24073
   23949
   23868
   23828
   23967
   23724
   23416
   23825
   23550
   23593
   23193
   23301
   23227
   22976
   23026
   23080
   22850
   22809
   22685
   22657
   22688
   22419
   22402
   22318
   22573
   22318
   22148
   22234
   22185
   21954
   21923
   21756
   22003
   21672
   21884
   21558
   21593
   21424
   21168
   21127
   21332
   21384
   21087
   20676
   20792
   20858
   20745
   20729
   20800
   20489
   20410
   20366
   20400
   20190
   20455
   20230
   20358
   20135
   20072
   19937
   20036
   19830
   19699
   19771
   19590
   19532
   19439
   19395
   19168
   19069
   19260
   19010
   18952
   19151
   18780
   19077
   18780
   18973
   18786
   18839
   18595
   18603
   18339
   18271
   18261
   18561
   18235
   18133
   18103
   17998
   17888
   17598
   17949
   18023
   17985
   17792
   17619
   17847
   17341
   17419
   17530
   17569
   17343
   17343
   17243
   17027
   17196
   17140
   17181
   16976
   17065
   17032
   16894
   16704
   16803
   16541
   16816
   16735
   16546
   16455
   16281
   16380
   16232
   16342
   16251
   16239
   15856
   16336
   16127
   15991
   15688
   16004
   15733
   15756
   15916
   15908
   15691
   15633
   15471
   15366
   15541
   15424
   15398
   15274
   15227
   15124
   15024
   15090
   15000
   15114
   15110
   14891
   15077
   14948
   14532
   14615
   14751
   14648
   14342
   14729
   14526
   14580
   14381
   14272
   14462
   14534
   14274
   14269
   14189
   14230
   14173
   14327
   14097
   14033
   14154
   13988
   13802
   13986
   13728
   13875
   13844
   13752
   13501
   13762
   13672
   13615
   13474
   13538
   13639
   13501
   13463
   13234
   13198
   13392
   13035
   13369
   13157
   12999
   12968
   13099
   13004
   12657
   13112
   12881
   12806
   12855
   12691
   12752
   12728
   12641
   12866
   12536
   12584
   12611
   12294
   12472
   12332
   12280
   12474
   12280
   12317
   12185
   12220
   12105
   12329
   12173
   12010
   12288
   12089
   11841
   12283
   11852
   11677
   11981
   11981
   11813
   11838
   11618
   11720
   11677
   11659
   11507
   11553
   11321
   11343
   11257
   11407
   11446
   11248
   11437
   11322
   11277
   11370
   11200
   11266
   11075
   11135
   11019
   11106
   11153
   10929
   10931
   11046
   10778
   10906
   10825
   10664
   10865
   10804
   10713
   10553
   10680
   10731
   10673
   10383
   10465
   10514
   10424
   10512
   10403
   10434
   10474
   10190
   10324
   10469
   10188
   10233
   10060
   10110
   10130
    9909
   10141
    9957
    9874
   10211
    9824
    9949
    9998
    9985
    9840
    9841
    9989
    9930
    9633
    9559
    9643
    9641
    9867
    9541
    9515
    9369
    9702
    9477
    9523
    9557
    9454
    9458
    9316
    9408
    9392
    9222
    9124
    9151
    9303
    9017
    9068
    9244
    8971
    9317
    9096
    9034
    9030
    8987
    8938
    9039
    8741
    8870
    8967
    8891
    8922
    8814
    8668
    8695
    8529
    8600
    8825
    8628
    8618
    8565
    8651
    8549
    8543
    8524
    8617
    8554
    8330
    8604
    8636
    8460
    8359
    8478
    8252
    8223
    8241
    8074
    8152
    8281
    8141
    8170
    8180
    8069
    8210
    7895
    8105
    7978
    8078
    8024
    7860
    7891
    7800
    7878
    7884
    7940
    7960
    7860
    7683
    7654
    7710
    7661
    7589
    7715
    7586
    7698
    7617
    7755
    7742
    7554
    7540
    7446
    7518
    7576
    7485
    7353
    7347
    7348
    7411
    7558
    7348
    7275
    7135
    7286
    7305
    7284
    7121
    7200
    7147
    7107
    7101
    7072
    7105
    7100
    7176
    7012
    7115
    6968
    6970
    7071
    7000
    6945
    6921
    6976
    6901
    6747
    6849
    6779
    6761
    6852
    6803
    6776
    6742
    6799
    6896
    6760
    6657
    6683
    6520
    6713
    6684
    6605
    6642
    6567
    6697
    6636
    6459
    6532
    6478
    6419
    6380
    6443
    6535
    6404
    6446
    6423
    6328
    6406
    6412
    6410
    6207
    6198
    6268
    6351
    6350
    6272
    6190
    6082
    6278
    6122
    6051
    6280
    6065
    6163
    6100
    6170
    6086
    6022
    5888
    6104
    5962
    5884
    6084
    6002
    5959
    6034
    5869
    6003
    5827
    5911
    5935
    5801
    5743
    5863
    5745
    5861
    5766
    5814
    5643
    5783
    5720
    5797
    5631
    5722
    5778
    5700
    5571
    5552
    5658
    5562
    5513
    5521
    5690
    5471
    5511
    5487
    5622
    5415
    5437
    5395
    5398
    5488
    5275
    5400
    5417
    5413
    5388
    5243
    5480
    5417
    5356
    5257
    5194
    5434
    5267
    5255
    5423
    5165
    5332
    5226
    5201
    5259
    5173
    4976
    5117
    5224
    5242
    5098
    5176
    5105
    4987
    5051
    5055
    5123
    5047
    5110
    5026
    4837
    5089
    4961
    4972
    5015
    4912
    4973
    4822
    4934
    4957
    4871
    4871
    4914
    4818
    4687
    4735
    4618
    4695
    4601
    4691
    4662
    4755
    4739
    4744
    4685
    4797
    4565
    4698
    4550
    4498
    4538
    4538
    4650
    4536
    4546
    4528
    4450
    4694
    4462
    4522
    4503
    4470
    4469
    4463
    4491
    4437
    4334
    4429
    4294
    4523
    4281
    4332
    4496
    4311
    4285
    4311
    4320
    4190
    4369
    4393
    4272
    4426
    4279
    4186
    4262
    4218
    4300
    4332
    4243
    4179
    4211
    4064
    4180
    4217
    4182
    4089
    4137
    4070
    4152
    4167
    4158
    4133
    4092
    4015
    4004
    4056
    4020
    4015
    4047
    4034
    3968
    4021
    4045
    3829
    3945
    3794
    3834
    3803
    3890
    3964
    3975
    3909
    3947
    3905
    3695
    3852
    3903
    3748
    3890
    3880
    3677
    3676
    3807
    3763
    3662
    3730
    3733
    3769
    3638
    3671
    3695
    3751
    3405
    3660
    3578
    3700
    3570
    3563
    3552
    3587
    3616
    3616
    3563
    3594
    3621
    3576
    3554
    3423
    3519
    3428
    3421
    3424
    3482
    3485
    3574
    3528
    3501
    3262
    3326
    3378
    3480
    3420
    3327
    3274
    3390
    3356
    3281
    3440
    3319
    3262
    3225
    3326
    3318
    3323
    3221
    3271
    3255
    3284
    3203
    3143
    3211
    3328
    3133
    3266
    3151
    3134
    3128
    3149
    3206
    3166
    3086
    3229
    3096
    3065
    3181
    3196
    3123
    3056
    3139
    3011
    3158
    3012
    3072
    3088
    3126
    3065
    3002
    2972
    3121
    3028
    2969
    3081
    3101
    2935
    2892
    2986
    2906
    2895
    2918
    2938
    2957
    2905
    2937
    2886
    2831
    2845
    2840
    2934
    2852
    2849
    2880
    2895
    2871
    2826
    2820
    2748
    2784
    2816
    2777
    2745
    2768
    2793
    2731
    2772
    2750
    2765
    2664
    2710
    2717
    2809
    2767
    2583
    2633
    2753
    2688
    2844
    2640
    2655
    2732
    2638
    2680
    2703
    2671
    2662
    2752
    2664
    2619
    2572
    2569
    2702
    2623
    2570
    2640
    2646
    2552
    2612
    2595
    2566
    2472
    2586
    2510
    2506
    2607
    2584
    2470
    2445
    2543
    2457
    2508
    2484
    2565
    2503
    2396
    2590
    2575
    2501
    2367
    2388
    2489
    2462
    2425
    2439
    2417
    2459
    2446
    2495
    2418
    2335
    2378
    2339
    2446
    2390
    2435
    2333
    2443
    2374
    2324
    2366
    2355
    2284
    2355
    2289
    2250
    2379
    2240
    2214
    2307
    2276
    2257
    2272
    2238
    2205
    2225
    2254
    2271
    2293
    2273
    2251
    2205
    2253
    2241
    2189
    2188
    2124
    2209
    2173
    2121
    2327
    2113
    2169
    2076
    2188
    2122
    2118
    2230
    2205
    2248
    2150
    2159
    2102
    2120
    2178
    2073
    2084
    2128
    2110
    2105
    2135
    2080
    2049
    2083
    2009
    2032
    2054
    2080
    1996
    2034
    2122
    2039
    2102
    2099
    2047
    2014
    2031
    1992
    2065
    2011
    1983
    1977
    1943
    2008
    1965
    2021
    2031
    1947
    1920
    1892
    2011
    2008
    2008
    1969
    1957
    1977
    1889
    1965
    1980
    1916
    1898
    1924
    1889
    1859
    1917
    1812
    1911
    1945
    1852
    1914
    1881
    1853
    1934
    1819
    1856
    1822
    1892
    1794
    1845
    1817
    1842
    1836
    1772
    1809
    1833
    1929
    1736
    1863
    1762
    1666
    1764
    1705
    1742
    1763
    1763
    1715
    1775
    1818
    1788
    1721
    1746
    1784
    1640
    1674
    1709
    1719
    1692
    1753
    1664
    1602
    1687
    1614
    1647
    1648
    1675
    1608
    1686
    1675
    1643
    1582
    1633
    1628
    1545
    1609
    1602
    1627
    1582
    1631
    1650
    1609
    1606
    1605
    1529
    1546
    1570
    1560
    1591
    1549
    1578
    1492
    1558
    1552
    1570
    1606
    1585
    1513
    1500
    1566
    1548
    1535
    1490
    1475
    1514
    1513
    1472
    1504
    1522
    1504
    1510
    1401
    1481
    1500
    1434
    1470
    1489
    1485
    1504
    1441
    1447
    1437
    1486
    1431
    1484
    1444
    1450
    1431
    1402
    1463
    1429
    1404
    1384
    1389
    1416
    1436
    1423
    1383
    1397
    1341
    1338
    1442
    1421
    1346
    1329
    1336
    1346
    1339
    1326
    1320
    1306
    1336
    1317
    1360
    1349
    1346
    1288
    1293
    1307
    1374
    1320
    1306
    1317
    1292
    1369
    1287
    1323
    1282
    1290
    1221
    1261
    1228
    1266
    1218
    1273
    1221
    1224
    1259
    1221
    1212
    1237
    1218
    1239
    1236
    1249
    1239
    1263
    1202
    1202
    1252
    1239
    1178
    1219
    1170
    1163
    1186
    1170
    1183
    1143
    1115
    1140
    1195
    1217
    1220
    1202
    1174
    1156
    1194
    1107
    1195
    1115
    1082
    1181
    1158
    1164
    1181
    1188
    1130
    1100
    1119
    1039
    1131
    1100
    1082
    1127
    1048
    1090
    1094
    1001
    1041
    1059
    1081
    1141
    1041
    1075
    1044
    1083
    1114
    1090
    1006
    1104
    1015
    1032
    1072
    1072
    1026
    1044
    1059
    1052
    1037
    1017
    1021
    1047
    1054
    1031
     984
    1009
    1091
    1023
    1040
    1029
    1032
     974
    1005
    1002
    1022
    1039
    1000
    1003
    1069
     997
    1023
     950
     964
     985
    1026
     933
     904
    1004
    1006
     977
     990
     952
     975
     976
     920
     903
     963
     946
     921
     941
     917
     928
     866
     984
     955
     959
     938
     887
     919
     895
     915
     928
     894
     981
     925
     880
     927
     932
     909
     877
     983
     915
     906
     928
     894
     857
     890
     878
     922
     874
     834
     950
     904
     866
     873
     889
     849
     913
     908
     879
     863
     830
     885
     862
     855
     825
     846
     829
     871
     824
     831
     848
     856
     880
     850
     840
     876
     817
     857
     830
     884
     855
     877
     845
     776
     833
     856
     831
     856
     890
     854
     862
     904
     866
     827
     841
     844
     848
     835
     842
     890
     869
     872
     819
     820
     868
     860
     832
     808
     844
     841
     859
     846
     863
     882
     876
     857
     839
     769
     880
     879
     873
     858
     822
     842
     832
     783
     855
     868
     831
     858
     813
     809
     828
     857
     808
     883
     822
     886
     837
     903
     843
     821
     790
     812
     768
     824
     836
     856
     772
     858
     823
     876
     823
     825
     879
     837
     905
     815
     839
     825
     855
     871
     878
     851
     891
     857
     879
     868
     855
     845
     839
     879
     875
     837
     873
     839
     944
     896
     862
     867
     918
     838
     873
     834
     883
     887
     871
     826
     827
     896
     859
     818
     875
     800
     859
     902
     931
     920
     887
     860
     907
     872
     885
     879
     879
     869
     869
     866
     875
     894
     879
     896
     893
     883
     858
     942
     916
     832
     932
     910
     906
     897
     942
     918
     909
     926
     890
     961
     914
     898
     932
     894
     920
     883
     893
     869
     890
     951
     911
     926
     914
     926
     943
     897
     927
     895
     905
     957
     901
     933
     895
     879
     912
     923
     915
     942
     876
     899
     918
     918
     911
     936
     944
     947
     887
     924
     866
     855
     943
     915
     919
     895
     904
     904
     998
     856
     892
     886
     882
     912
     925
     892
     917
     880
     948
     893
     917
     873
     933
     865
     923
     894
     874
     927
     862
     883
     914
     881
     940
     897
     888
     878
     860
     866
     843
     819
     912
     902
     949
     910
     865
     863
     865
     888
     869
     882
     878
     847
     836
     842
     874
     868
     803
     837
     825
     861
     828
     871
     827
     876
     841
     859
     861
     828
     784
     838
     807
     812
     807
     800
     828
     787
     780
     847
     785
     817
     821
     800
     759
     798
     804
     732
     817
     747
     771
     757
     794
     740
     687
     787
     710
     767
     710
     730
     703
     741
     758
     707
     695
     750
     748
     697
     677
     726
     690
     742
     689
     671
     665
     660
     636
     710
     669
     650
     673
     669
     624
     688
     649
     630
     645
     626
     627
     643
     642
     591
     599
     615
     557
     601
     576
     617
     568
     560
     583
     571
     599
     579
     587
     576
     551
     553
     560
     579
     519
     519
     525
     537
     519
     497
     527
     536
     486
     484
     491
     483
     497
     522
     458
     512
     471
     440
     473
     474
     438
     491
     443
     406
     436
     481
     448
     468
     442
     439
     424
     434
     456
     440
     439
     411
     412
     431
     414
     403
     383
     381
     410
     400
     386
     379
     376
     378
     385
     389
     364
     358
     370
     390
     375
     362
     370
     359
     352
     339
     355
     371
     332
     313
     353
     342
     311
     343
     343
     331
     309
     315
     351
     296
     310
     324
     288
     312
     321
     324
     312
     307
     288
     302
     322
     331
     307
     275
     294
     292
     300
     294
     287
     291
     281
     277
     294
     268
     249
     277
     302
     272
     262
     257
     276
     263
     263
     259
     270
     294
     260
     272
     262
     274
     273
     259
     251
     253
     268
     290
     249
     244
     241
     272
     245
     288
     227
     257
     231
     254
     236
     246
     245
     270
     256
     229
     267
     257
     232
     240
     240
     208
     260
     263
     245
     224
     243
     258
     239
     248
     248
     229
     243
     237
     218
     225
     230
     224
     251
     241
     212
     215
     210
     241
     223
     236
     211
     252
     256
     233
     245
     226
     211
     220
     227
     252
     210
     244
     218
     220
     234
     206
     232
     236
     210
     245
     193
     233
     204
     210
     219
     212
     233
     240
     247
     192
     194
     220
     223
     202
     221
     191
     181
     222
     225
     216
     211
     230
     182
     222
     216
     216
     182
     226
     218
     215
     217
     221
     195
     216
     219
     207
     196
     204
     207
     223
     212
     198
     197
     204
     190
     213
     181
     193
     209
     206
     216
     202
     168
     206
     216
     193
     197
     210
     200
     197
     183
     219
     211
     189
     221
     207
     186
     187
     204
     187
     177
     188
     210
     179
     212
     179
     206
     201
     203
     205
     168
     189
     197
     186
     204
     207
     178
     193
     182
     192
     178
     178
     196
     195
     185
     200
     168
     203
     185
     176
     180
     180
     170
     179
     174
     175
     174
     180
     171
     193
     178
     196
     181
     194
     182
     174
     174
     168
     167
     182
     156
     169
     190
     183
     170
     188
     208
     193
     179
     198
     180
     168
     187
     187
     192
     166
     181
     201
     217
     170
     148
     159
     199
     160
     183
     195
     163
     147
     162
     172
     177
     187
     173
     162
     158
     185
     166
     156
     165
     177
     158
     188
     166
     143
     148
     155
     186
     163
     178
     200
     182
     164
     166
     182
     160
     162
     162
     171
     162
     160
     183
     176
     170
     150
     175
     164
     166
     173
     177
     160
     177
     167
     163
     164
     172
     171
     157
     176
     178
     178
     163
     188
     178
     168
     141
     174
     159
     145
     157
     150
     160
     163
     174
     155
     171
     151
     195
     156
     154
     142
     161
     166
     173
     171
     159
     172
     170
     132
     187
     164
     151
     161
     138
     174
     148
     177
     173
     153
     165
     152
     176
     150
     154
     137
     146
     163
     170
     166
     163
     140
     163
     143
     160
     147
     152
     141
     145
     155
     153
     147
     138
     164
     156
     144
     166
     161
     173
     154
     158
     161
     123
     150
     142
     134
     154
     139
     154
     139
     138
     160
     155
     154
     141
     130
     137
     133
     142
     134
     139
     146
     143
     154
     150
     136
     151
     122
     146
     127
     130
     181
     134
     140
     158
     146
     141
     142
     131
     125
     144
     146
     146
     141
     141
     133
     148
     134
     110
     133
     123
     127
     136
     115
     126
     151
     134
     126
     120
     116
     127
     124
     148
     151
     154
     156
     130
     128
     150
     118
     146
     128
     145
     131
     144
     126
     125
     131
     110
     128
     119
     139
     137
     133
     113
     125
     129
     118
     118
     104
     119
     138
      98
     125
     127
     128
     116
     125
     133
     113
      95
     122
      95
     104
     117
     131
     136
     102
     122
     115
     139
     111
     121
     123
      97
     109
     106
     106
     134
     120
     131
     116
     108
      93
      97
     115
     115
     133
     110
      98
     113
     109
     103
     118
     110
     108
     146
     115
      93
     110
      86
     107
     106
     108
      95
      88
     119
     102
      94
     117
      94
      98
     104
     120
     123
      98
     109
      99
     102
     119
     101
     103
      97
     114
      80
      99
      76
     101
      89
     100
      98
      93
     104
     101
     113
      98
     101
      76
      95
     104
     101
      93
     100
      91
      96
      98
      92
      93
      81
      94
      94
      81
      85
      80
     116
     104
      98
      83
      97
     100
     104
     103
      78
      97
     103
     100
      97
      81
      84
      81
      79
      89
      77
      92
      99
      87
      86
      91
      93
      82
     110
     100
      85
      92
      94
      84
      91
     103
      98
      88
      83
      82
     103
      96
     100
      84
      86
      82
      83
      87
      88
      81
      88
      85
      82
      94
      87
     114
      86
      92
      93
      73
      86
      94
      73
     107
      84
      85
      96
      71
      74
      79
      85
      86
      84
      86
      85
      99
      89
      91
      74
      79
      70
      92
      80
      69
      72
      93
      86
      93
      92
      91
      92
      88
      68
      91
      88
      92
      65
      85
      95
      91
      95
      77
      88
      78
      93
      80
      70
      89
      75
      93
      90
      67
      73
      98
      97
      97
     103
      80
      82
      77
      83
      76
      86
      80
      65
      76
      73
      83
      81
      93
      71
      78
      70
      86
      74
      80
      80
      98
      83
      66
      84
      80
      80
      72
      92
     102
      79
      65
      75
      82
      83
      76
      83
      72
      79
      73
      73
      82
      75
      81
      73
      91
      85
      77
      82
      74
      84
      81
      86
      72
      65
      85
      79
      80
      89
      62
      82
      78
      74
      85
      83
      76
      85
      80
      77
      89
      91
      76
      75
      72
      85
      76
      82
      84
      89
      90
      87
      83
      71
      77
      80
      61
      83
      76
      75
      80
      97
      75
     101
      85
      77
      86
      76
      82
      94
      87
      76
      84
      70
      77
      72
      74
      67
      57
      89
      81
      75
      63
      89
      85
      78
      83
      65
      91
      74
      71
      83
      80
      72
      80
      74
      83
      66
      62
      71
      78
      60
      87
      75
      83
      81
      68
      79
      95
      83
      76
      79
      74
      89
      67
      85
      79
      70
      86
      85
      91
      89
      91
      84
      80
      77
      87
      76
      92
      78
      70
      79
      72
      66
      87
      71
      93
      73
      88
      87
      84
      79
      79
      82
      65
      87
      88
      84
      83
      74
      96
      88
      89
      83
      73
      88
      82
      75
      90
      69
      86
      81
      90
      81
      96
      73
      89
      76
      85
      79
      83
      98
      77
      79
      63
      81
      71
      78
      74
      85
      80
      93
      84
      70
      83
      65
      78
      78
      71
      87
      80
      88
      81
      77
      86
      90
      89
      97
      85
      95
      86
      87
      86
      86
      79
      75
      71
     102
      73
      81
      87
      79
      80
     101
      90
      74
      93
      82
      80
      80
      92
      85
      90
      93
      95
      84
      92
      70
      79
      74
      81
      82
      93
     106
      78
      68
      87
      90
      92
      72
      76
     103
      91
      84
      77
      90
      76
      95
      72
      78
      78
      76
      63
      97
      71
      67
      60
      66
      84
      79
      90
     101
      76
     100
      85
      71
      88
      94
      67
      70
      82
     101
      90
      77
      93
      84
      69
      77
      84
      87
      92
      90
      84
      77
      92
     102
      68
      88
      86
      84
      71
      96
      94
      94
      95
      72
      98
      77
      97
      89
      89
      97
      70
      67
      64
      84
      78
      82
      91
      89
      82
      75
      73
     114
      90
      79
      92
      82
      84
      84
      73
      86
      81
      85
      90
      69
      89
      67
      84
      81
      76
      80
      71
      78
      87
      77
      81
      83
      97
      83
      77
      68
      77
      72
      96
      79
      69
      67
      73
      87
      83
     112
      89
      89
      73
      68
      58
      88
      79
      72
      73
      72
      87
      80
      65
      95
      65
      65
      83
      75
      88
      67
      89
      89
      88
      87
      72
      63
      78
      67
      75
      74
      86
      74
      83
      70
      75
      75
      75
      79
      75
      60
      62
      68
      66
      75
      82
      82
      69
      78
      73
      72
      78
      78
      73
      69
      77
      84
      75
      89
      71
      67
      83
      75
      71
      67
      70
      89
      81
      71
      82
      66
      81
      70
      85
      82
      75
      81
      50
      78
      74
      75
      73
      82
      73
      65
      80
      83
      76
      73
      81
      63
      92
      61
      68
      69
      66
      82
      65
      81
      62
      67
      73
      76
      65
      71
      80
      65
      71
      75
      79
      60
      77
      69
      79
      77
      74
      61
      65
      61
      59
      56
      89
      71
      67
      60
      77
      60
      64
      61
      55
      65
      49
      54
      78
      70
      56
      75
      51
      75
      65
      73
      63
      84
      60
      72
      63
      58
      64
      60
      59
      70
      59
      61
      53
      71
      65
      62
      64
      61
      70
      66
      57
      62
      63
      53
      61
      76
      75
      65
      65
      58
      58
      76
      52
      56
      59
      45
      66
      63
      72
      69
      48
      61
      40
      57
      52
      68
      55
      58
      67
      63
      56
      64
      52
      61
      69
      45
      61
      41
      63
      53
      57
      63
      56
      57
      61
      56
      51
      63
      59
      61
      47
      42
      53
      51
      59
      75
      56
      53
      52
      64
      61
      55
      49
      59
      56
      58
      53
      67
      44
      55
      59
      56
      66
      62
      58
      58
      59
      46
      68
      43
      54
      59
      62
      51
      53
      64
      53
      43
      41
      58
      41
      65
      52
      51
      54
      43
      47
      57
      43
      48
      44
      56
      49
      54
      44
      58
      44
      57
      45
      36
      45
      49
      43
      58
      63
      61
      56
      49
      48
      70
      58
      49
      60
      46
      55
      60
      56
      39
      53
      56
      49
      49
      57
      44
      68
      36
      54
      51
      49
      47
      57
      53
      53
      48
      44
      47
      48
      56
      51
      52
      52
      43
      50
      49
      39
      51
      57
      50
      52
      25
      46
      56
      50
      55
      48
      44
      46
      42
      55
      38
      45
      48
      41
      49
      58
      56
      43
      49
      43
      40
      59
      49
      47
      56
      44
      32
      37
      47
      32
      48
      28
      33
      49
      40
      46
      48
      38
      47
      47
      33
      52
      31
      53
      47
      46
      56
      41
      46
      42
      51
      48
      37
      43
      39
      41
      38
      45
      44
      36
      40
      46
      34
      43
      37
      45
      38
      35
      37
      40
      49
      31
      36
      59
      42
      46
      38
      48
      42
      25
      53
      46
      32
      46
      47
      45
      34
      29
      39
      46
      40
      48
      41
      52
      44
      40
      37
      44
      36
      44
      43
      42
      37
      39
      40
      57
      34
      43
      33
      32
      34
      39
      38
      30
      36
      41
      37
      34
      47
      44
      55
      44
      36
      38
      43
      28
      41
      48
      37
      38
      34
      40
      49
      46
      41
      48
      43
      42
      46
      36
      34
      37
      41
      36
      31
      34
      26
      42
      41
      32
      41
      50
      31
      40
      43
      35
      45
      44
      46
      39
      35
      33
      46
      38
      35
      53
      45
      49
      40
      42
      35
      36
      41
      45
      34
      46
      31
      49
      43
      40
      32
      42
      38
      40
      55
      38
      48
      56
      43
      35
      51
      38
      41
      43
      36
      50
      54
      42
      32
      42
      40
      51
      50
      37
      53
      46
      48
      36
      37
      42
      48
      39
      42
      40
      44
      39
      45
      40
      33
      49
      36
      46
      50
      36
      41
      51
      53
      37
      44
      57
      44
      43
      54
      40
      46
      46
      40
      46
      39
      35
      40
      45
      55
      58
      46
      45
      48
      48
      50
      51
      36
      53
      60
      52
      48
      44
      55
      34
      55
      52
      39
      49
      50
      49
      46
      31
      43
      49
      47
      54
      57
      57
      43
      43
      46
      45
      51
      38
      44
      59
      56
      51
      45
      43
      46
      41
      38
      48
      48
      51
      47
      47
      43
      46
      53
      51
      58
      48
      39
      63
      52
      33
      55
      54
      55
      44
      44
      57
      60
      58
      55
      57
      49
      66
      58
      46
      48
      51
      48
      49
      50
      46
      55
      63
      59
      53
      58
      44
      60
      60
      41
      47
      51
      49
      44
      45
      45
      56
      60
      53
      48
      55
      43
      63
      71
      47
      52
      47
      43
      43
      51
      60
      59
      54
      63
      57
      56
      61
      39
      45
      44
      49
      55
      54
      64
      63
      64
      51
      61
      61
      50
      43
      51
      55
      56
      49
      58
      63
      61
      52
      57
      48
      50
      62
      63
      58
      58
      62
      52
      39
      53
      62
      51
      71
      65
      53
      50
      51
      57
      59
      48
      56
      55
      47
      62
      71
      48
      59
      56
      68
      56
      66
      54
      40
      57
      65
      52
      61
      47
      65
      52
      66
      68
      50
      61
      54
      66
      53
      60
      50
      72
      49
      51
      54
      50
      60
      57
      52
      60
      54
      49
      47
      61
      47
      56
      39
      59
      67
      51
      53
      47
      54
      46
      46
      49
      61
      57
      66
      52
      47
      59
      53
      58
      53
      60
      65
      70
      54
      63
      53
      48
      54
      60
      56
      58
      53
      47
      74
      57
      64
      54
      65
      49
      52
      49
      65
      55
      57
      62
      57
      52
      45
      59
      55
      48
      51
      45
      53
      54
      59
      58
      52
      49
      63
      65
      64
      58
      49
      50
      51
      62
      51
      58
      55
      39
      42
      57
      46
      59
      38
      70
      58
      54
      62
      50
      55
      37
      46
      49
      51
      62
      47
      45
      63
      46
      51
      42
      41
      48
      43
      54
      36
      49
      49
      56
      54
      44
      56
      45
      45
      48
      49
      43
      51
      44
      34
      44
      40
      43
      36
      56
      42
      49
      43
      48
      51
      53
      43
      40
      40
      40
      36
      43
      32
      33
      39
      51
      36
      41
      45
      42
      43
      37
      42
      45
      40
      39
      45
      29
      39
      24
      46
      35
      42
      48
      38
      40
      38
      42
      31
      40
      37
      41
      27
      40
      36
      33
      34
      31
      28
      37
      39
      33
      30
      31
      30
      20
      33
      19
      40
      32
      21
      28
      38
      28
      36
      30
      26
      28
      34
      19
      40
      20
      34
      27
      31
      18
      27
      33
      31
      32
      30
      34
      30
      26
      26
      36
      33
      30
      25
      24
      22
      18
      27
      23
      19
      23
      35
      18
      32
      19
      19
      26
      25
      25
      28
      31
      27
      23
      26
      24
      25
      19
      28
      21
      29
      17
      18
      27
      17
      19
      16
      23
      17
      10
      26
      15
      23
      18
      22
      24
      24
      10
      20
      14
      16
      19
      21
      22
      15
      20
      24
      17
      17
      16
      20
      16
      15
      15
      10
      16
      22
      19
       9
      17
      24
      21
      16
      19
      11
      15
      18
      12
      21
      15
      17
      18
      18
      17
      15
      11
      11
      13
      13
       9
      10
      18
      18
      17
      24
      13
      10
       9
      11
      14
      11
      15
      14
       7
      13
      16
      10
      11
      12
      10
      16
      18
      15
       8
      11
      11
       6
       9
      15
      13
      11
      11
      10
      13
      11
      13
      12
      14
      12
      10
      11
      11
      10
      11
      12
       7
      15
      11
      11
      11
      10
       7
      19
      10
      12
      12
       6
       8
      17
      11
       3
      15
      16
      16
       8
       5
      13
       8
      11
       9
      10
      12
       9
      16
      18
      10
      10
      11
      10
       9
       3
      13
       7
       9
      14
      12
      12
      15
      12
       8
      12
       6
      11
      14
       6
       7
      11
       8
       6
      12
      20
      14
       6
      13
       9
      12
       5
       8
      10
      12
      12
       4
      13
       6
       7
      16
       7
       8
       5
       7
      12
       9
      12
      17
      12
      19
      13
      11
       7
      12
      12
      14
       8
      11
       6
       9
      10
       8
       6
      16
       6
      11
      11
      15
      11
       6
       9
       5
       8
      10
       9
       9
       6
      10
       8
      10
       7
      14
       7
      14
       8
       7
       7
       4
       5
       8
       6
      11
       8
      14
       8
      12
       9
      11
      10
       7
       9
      11
       8
      13
       9
       9
      10
      16
       9
      11
      10
       9
       9
      11
      11
       8
       9
      14
      11
      10
       5
       8
      11
       7
       6
       8
      12
      14
      12
       8
       8
       9
       7
      12
       8
      11
      15
       9
       6
      12
       8
       7
       7
      12
       7
      10
      12
      10
       6
      13
       6
      11
       6
       7
       8
      12
       9
      14
      11
       9
       9
       7
      10
       9
       7
       9
      16
       6
      16
      12
       6
      13
       9
      12
       3
       8
       9
      12
      11
       8
      11
      12
      10
      13
       5
       9
      12
      14
       8
      10
      15
      11
       9
      15
       8
      13
       9
       9
       7
       9
      11
      16
       8
      14
       7
       4
      13
      10
       7
      11
       5
      10
       8
       8
      14
      10
       7
       7
      10
       5
       9
       6
      11
      10
       8
       3
       9
      11
       8
       6
      13
      13
      12
      15
       9
      13
       9
       8
       6
       4
      13
       5
      12
      12
       6
       8
      12
       5
       8
       9
      11
      12
       7
       9
       7
       5
       8
      16
      15
       7
       4
       9
      12
       5
       4
      13
      12
       6
       8
      13
       9
       9
       7
       9
      15
       6
       8
      12
       9
      10
      11
       9
       6
       9
       4
       8
       9
       7
      18
      12
       8
      15
       4
      10
      12
       6
      11
       7
      16
       9
       6
      12
       5
      13
       9
       8
      12
      12
       8
      10
       5
       4
      10
      12
       9
      10
       6
       8
      10
       7
      11
       7
       9
       5
       5
       9
      11
       7
       6
       9
       9
      16
      11
      10
       9
      11
       9
       7
       8
       9
      10
       9
       5
       8
       4
       7
       5
      10
       8
       7
      11
       8
      13
       5
      10
      12
       9
      10
      11
       7
       6
      11
       9
       7
      12
      13
      12
       7
       6
      12
       8
      12
      10
      10
      11
       9
      11
       8
       7
       8
      14
       8
       5
       7
       8
      10
       7
       8
      12
      11
      11
      10
      11
       9
       7
      10
       7
      12
       6
      11
       9
       6
      11
      11
      11
       9
      10
       6
       9
       7
      11
      13
       7
      11
      10
       8
      10
       5
       9
       7
      10
      12
       6
       8
      11
       4
       7
       7
       9
       5
       2
       8
      12
       8
       5
       8
      12
      13
      12
       8
       9
       5
      10
      12
       7
       8
      11
      11
       9
       6
      13
      10
      12
       9
      13
       8
       5
       6
      13
      10
       8
      12
       6
      13
       6
       3
      10
       6
      10
       9
       6
       8
       6
       9
      10
      11
      10
       5
      11
      11
       4
       8
       7
       5
       6
       8
       8
       4
      12
      10
       9
       8
       7
       8
       5
       8
      10
      10
       4
      11
       4
       9
      11
       6
       5
      13
       7
       6
       9
       8
       9
      11
       7
       7
       9
       4
      11
      10
       9
       7
       9
      13
       9
       7
       5
       7
       6
       9
      15
       6
       9
      14
      10
      10
       8
       9
       5
       5
       3
       7
       4
       7
      13
       8
       4
       4
       9
       8
       6
       7
       9
       7
       6
       8
       7
      11
      12
       9
       7
       6
       8
       4
       7
       7
      11
      11
      13
       7
      14
       6
       6
       7
      14
       8
       5
       4
       6
       7
       6
       6
       8
       8
       7
       5
       5
       3
      12
       9
       4
       7
      13
       9
       6
       8
      12
      11
      11
      10
       7
       6
       8
      13
      13
       6
       6
       9
      10
      11
      13
       8
      12
       6
       4
       7
       3
      10
       9
       5
      11
      10
       7
      12
      17
       8
       8
       6
       8
      15
      10
       4
       6
       5
       6
       4
       5
       8
       6
       9
      12
       9
       5
       6
       3
       9
       8
       9
       5
       5
      11
       0
       8
       8
       9
       5
       8
       4
      11
      10
      10
       5
       7
       7
       2
       8
      10
       4
       4
       8
       4
       6
       6
       9
      12
       7
       9
      13
      10
       5
       6
       8
       7
       5
       9
       9
       8
       6
      10
       9
       5
       5
       6
       8
       5
       3
       5
       7
       6
      16
       4
       7
       6
       6
       4
       6
       7
      12
       4
       4
       9
       9
       9
      10
       9
      11
       9
       5
       6
       6
       8
       9
       8
      13
      12
      11
       4
       6
       7
       9
       9
       5
       7
       5
      14
      11
       3
       7
       1
       9
      10
       9
       7
       8
       8
       9
       9
       4
       5
      11
       5
       8
       8
       8
       5
       7
       8
       9
      14
       4
       9
       7
       5
       8
       9
      11
       5
       8
       2
       8
       5
       8
       7
       9
       7
       9
       4
       8
       8
      14
       3
       7
       9
       6
      10
      10
       8
       9
      10
       9
       5
      11
       3
       9
       7
      11
       5
      18
       4
       8
       4
      11
       3
       7
      11
      11
       7
       6
       5
      10
       9
       7
      14
      12
       5
       3
       8
       6
       9
       2
       3
       6
       4
      14
       6
       8
       6
       9
       5
       6
      12
       2
       3
       7
      12
       5
       7
       9
       6
       9
       8
       8
       7
       7
       7
      10
      13
       9
      12
      14
       9
       6
      13
      10
       1
       9
      10
       5
       8
       9
      10
       8
       8
      11
       7
       7
      11
       5
       5
      11
       7
       8
       4
       6
       4
       8
       6
      10
       5
       2
       5
      10
       6
       5
      11
       8
      12
       8
       6
       7
       6
       5
       3
       8
       6
      12
       8
       7
       8
       5
       8
       8
       4
       4
       4
       5
       5
       7
       9
       7
       6
       7
       8
       8
       8
       6
       6
      10
       5
       5
       6
       7
      11
       8
       5
       5
       9
       5
       4
      12
       4
      12
      10
      15
       9
      12
       9
       6
      10
      12
      11
       8
       6
       9
       2
       7
       9
       3
       4
       6
      14
      11
       6
       8
      11
       6
      11
      10
      11
      12
       8
       5
       8
       7
       6
       3
       7
       5
       3
       6
       7
       7
       7
       6
       3
      14
       9
       9
       8
       4
      10
       7
       6
       6
      10
       4
       7
      12
       8
       6
       9
      13
      10
       8
      10
       7
      11
       8
       3
       7
      11
       7
      10
      10
      11
       4
       6
       9
       9
       6
       2
       7
       6
       7
       7
       5
       2
       9
       6
       8
       5
       4
       6
       7
       7
       8
       6
       9
       7
      12
       4
      10
       7
       9
       7
       5
       2
       5
       4
      10
       4
       5
       7
       4
       9
       9
       2
       7
       4
       4
      11
       9
       5
       4
       5
      11
       8
       5
      11
       4
       5
       7
       8
      11
      13
       9
       4
       7
       6
       3
       8
       9
      11
       5
       8
       5
      10
       6
       6
       7
       3
       5
       9
       9
       4
       8
       4
       5
       5
       5
       8
       6
       6
       7
       7
      11
       4
       8
       5
       5
       7
      12
       8
       8
      10
       8
      11
       7
       3
      11
       8
       4
      11
       8
      14
       7
       5
       6
       8
       5
       4
      11
       9
      10
       5
       5
       9
      11
       4
       8
      10
       8
       6
       7
       5
       2
       6
       8
       9
       3
      10
       5
       6
       4
       4
       8
      12
       8
      15
       6
       7
       4
       8
       5
       4
       5
       7
       4
      14
      10
       7
       8
       6
       7
       6
       8
      11
       2
       7
       7
       7
       4
       3
       4
       8
       8
       8
       8
       5
       5
       8
      10
       4
       6
       5
       5
       2
       5
       5
       6
       5
       6
       7
      12
       4
      10
       4
      14
       8
       7
      13
      10
      10
       7
      12
      10
      13
       6
       3
       3
       5
       5
       8
       5
      11
       8
      11
       6
       6
       7
      13
       5
       6
      15
      14
       4
       4
      11
       9
       6
       8
       5
       5
       7
       7
       5
       5
       6
       4
       6
       5
       8
       7
       7
       6
       6
       6
       7
       7
       3
       8
       6
       5
       6
       7
       7
       5
       9
       5
       8
      10
       8
      12
       6
       7
      10
      10
       9
       4
       6
      10
      11
       7
       6
       3
       6
      11
       7
       4
       2
      15
       8
       5
       5
       9
       5
       9
       7
       8
       6
      10
       7
       5
       6
       3
       5
       8
       5
       9
       6
       6
       9
       7
       4
       8
       8
       6
       5
       4
       7
      10
       5
       9
      11
       6
       5
       5
       5
       8
      10
       8
       5
       4
      10
       9
       3
      11
       7
       5
       4
       9
       8
       4
      10
       8
       5
       8
       7
       5
       9
       7
       6
       6
       5
       7
       6
       7
       5
      11
       6
       6
       8
       7
       9
       7
      14
      12
      12
       7
      10
       4
       6
       6
      10
      11
       1
       6
       3
       4
       5
       6
       6
       9
       8
       6
       9
       9
       4
       7
       9
       6
       7
       5
       6
      10
       6
       8
       5
       5
       9
       9
       6
       6
       7
       7
       9
      10
       2
       9
       7
       4
       6
       9
      11
       6
       5
       5
       5
       6
       4
       5
       5
       8
       8
       5
       7
       7
       4
       7
       5
       3
       8
       6
       5
      10
       6
       7
      10
      12
       4
       2
      10
       5
       7
      10
       3
      11
       3
       5
       9
       4
      11
       4
       6
       7
       9
       9
       8
       9
       3
       7
       7
      12
       7
       7
       8
      11
       6
       9
       8
       6
       5
       5
       8
       2
       3
       6
       4
       8
      10
       1
       4
       3
       7
       7
       4
       6
       5
       5
       6
       5
      13
       8
       8
       4
       5
      11
       7
       6
       2
       7
      11
       9
       5
       6
       6
       5
       4
       7
       3
       6
       8
       5
       9
       7
       7
      11
       6
       5
       5
       6
       7
       6
       7
       1
       7
       3
       5
       8
       8
      14
       7
       2
       5
       8
      10
       6
       8
       5
       9
       9
       3
       8
       7
       6
       9
       2
       7
      10
       4
       4
       7
       9
       3
       3
       6
       8
       9
       7
       7
      11
       9
      11
       3
       7
       7
       8
       3
       4
       9
       8
       4
       8
       5
       5
       5
       5
       5
       8
       8
       7
       2
       7
       6
      10
       8
       6
      11
       6
       4
       9
       8
       5
       8
       6
       7
       3
       6
       7
       6
       4
       7
       6
       8
       7
       3
      11
       6
       3
       7
       4
      11
      12
       5
       5
      12
      12
       9
       5
       8
       6
       7
       9
       3
       5
       8
       6
       5
       9
       6
       7
      10
       8
      10
       8
      12
       6
       8
      11
      11
       3
       8
       6
       7
      10
       5
       6
      10
       7
       7
      13
       5
       8
       4
       4
      13
       5
       7
       5
       6
       1
       7
       5
       5
       7
       7
       5
       5
       6
       5
       8
      14
       4
       6
       6
       7
      13
       9
       6
      10
       8
       4
       8
       6
      10
       2
       3
       5
       6
       9
       7
       4
       6
       5
       2
       4
       2
       4
       3
       6
       4
       5
       7
      10
       6
       5
       9
       5
       7
       8
       4
       5
       5
       5
       7
      12
       7
       4
       9
      10
       6
       7
       7
       3
       6
       4
       6
       3
       6
       6
       5
       5
       4
       3
       4
       6
       6
       4
       6
       9
       4
       5
       8
       6
       5
      12
       7
       3
       9
       1
       3
       8
       9
       6
      10
       4
       2
       4
       4
       7
       9
       3
       8
       9
       8
       3
       9
       8
       5
       2
       3
       7
       8
       5
       3
       8
       4
       4
       8
      10
       7
       4
      11
       7
       6
       4
       3
      12
      12
       6
       6
       2
       6
       5
       5
       7
       5
       5
       6
       7
       4
       5
       8
       8
       6
       4
       5
       6
       5
       9
       3
       8
       6
       4
       5
       9
       3
       9
       2
       9
       6
       4
       8
       4
       8
       4
       6
       4
       4
       5
       9
       6
       6
       6
       4
       7
       9
       6
      10
       9
       6
      10
       9
       8
       4
       3
      11
       7
       5
      12
       5
       3
       5
      12
       9
       5
       6
       7
       6
       2
       5
       6
       7
       5
       7
       9
       5
       2
       8
       7
       9
       7
       4
      10
       6
       9
       5
       7
       8
      10
      12
       5
       4
       8
       5
       7
       6
       4
       8
       3
       4
       9
       6
       5
       6
       9
       4
       4
       6
       6
       6
       6
       6
       5
       4
       7
       6
       7
      13
       7
       6
       7
       9
       8
       3
      11
       5
       7
       7
       3
      10
       4
       3
       6
       1
       6
       3
       1
       4
      10
       4
       5
       9
       3
       6
       8
       5
       5
      12
       9
       6
       5
       8
       4
       4
       4
       5
       5
       7
       7
       7
       7
       5
       5
       5
       8
       7
       5
       6
       6
       3
       8
       9
       5
       6
       8
       7
       7
       7
       5
       5
       7
      12
       2
       8
       6
       5
       3
       8
       6
       3
       4
       2
      14
       6
      10
       6
       8
       8
       6
       6
       2
       5
       4
      11
       9
      13
       3
       4
       8
       5
       6
       7
       5
       4
       7
       3
       3
       8
       8
       5
       5
       4
       5
       1
      10
       5
       5
       3
       5
      11
      13
       5
       6
       9
       8
       2
       5
       6
       5
       4
       8
      13
       3
       8
       8
       6
       4
       8
       5
       9
       5
       4
       6
       7
       5
       4
       4
       9
       5
       2
       6
       5
       7
       9
       4
       9
       6
       5
       4
       8
       4
       5
       5
       2
       5
       3
       5
       4
       5
       1
       4
       5
       5
       4
      10
       3
       5
       1
       8
       5
       4
       4
       7
       4
       5
       4
       7
       6
       8
       6
       8
       4
       6
       9
      10
       6
       7
       7
       5
       6
       7
       6
       9
       3
      10
       9
       7
       4
       5
      11
       6
      11
       9
       9
       8
       5
       6
       6
       9
       7
       9
       2
       8
       6
       3
       2
      10
       4
       6
       6
       5
       8
       6
       4
       9
       7
       4
       7
       7
       8
       4
       5
       5
       5
       7
       2
       9
       6
       6
       5
       7
       4
       5
       5
       5
      11
       4
       3
       5
       8
      11
       4
       8
       4
       7
       3
       3
       8
       3
       6
       5
       8
      12
       8
      10
       4
       9
       3
      10
      11
       6
       2
       6
       3
       8
       4
       9
       3
       4
       3
       8
       6
       4
       4
       5
       6
       2
       3
       6
       5
       7
       5
       6
       4
       3
       8
       8
       6
       2
       7
       3
       4
       5
       3
       6
       8
      10
      11
       5
       9
       6
       5
       4
       3
       9
       5
       5
       7
       6
       3
       7
       4
       3
       8
       4
       3
       6
       4
       7
       2
       8
       6
       7
       9
       5
       6
      13
       5
       3
       5
       8
       5
       5
       9
       6
       5
       5
       2
      10
       6
       5
       4
       7
       3
       6
       7
       7
       9
       9
       4
       4
       5
       4
       5
       4
       5
       8
       6
      11
       4
       3
       5
       4
       1
       5
       8
       9
       3
       6
       8
       4
       3
       7
       3
       8
      10
      10
      10
       1
       2
       8
       6
       8
       7
       8
       7
       9
      11
       1
       1
       7
       8
       6
       6
       1
       7
       4
       8
       6
       8
       3
       9
       5
       8
       1
       6
       8
       3
       9
       8
       8
       8
       5
      11
       4
       8
       7
      12
       3
       5
       5
       5
       5
       4
       7
       2
       5
       4
       6
       9
       3
       4
       3
       5
       7
       0
       4
       5
       7
       8
       4
       2
      10
       7
       4
       9
       5
       7
      12
       6
       8
       4
       7
      11
       7
       1
       6
       5
       3
       5
       9
       9
       4
       4
       7
       4
       8
       6
       9
       6
       8
       8
       7
       5
       3
       2
       5
       8
       6
       7
       4
       5
       9
       3
       4
       8
       6
       7
       6
       9
       6
       2
       7
       5
       7
       8
       7
       5
       9
       5
       3
       4
      12
       4
      12
       6
       3
       4
       6
      10
       5
       4
       4
       6
       4
       5
       5
      10
       6
       3
       8
       7
       8
       2
       3
       8
       5
       2
       5
       3
       7
       7
       7
       8
       3
       3
       8
       3
       6
       6
      10
       2
       2
       7
       6
       4
       4
       3
       6
      10
       8
      10
       9
       6
       6
       3
       9
       4
       2
       8
       6
       4
       6
       2
       5
       4
       7
      15
       9
       6
       2
       5
       4
       8
       6
       2
       4
      10
       3
       5
       4
       4
       6
       3
       1
       5
       7
       6
       8
       5
       3
       7
       5
       7
       4
       7
       8
       4
       5
       2
       2
       5
       5
       8
       5
       5
      10
       5
       6
       4
       9
       8
       5
       7
       4
       3
       8
       6
       6
       7
       5
      10
       3
       6
       6
       7
       3
       5
       3
       9
       4
       6
       4
       7
       2
       6
       5
       3
      10
       9
       4
       8
       7
       7
       8
       4
       7
       4
       6
       6
       5
       7
       5
       5
       6
       4
       3
       8
       1
       6
      10
       7
       8
       4
       6
       7
       3
       6
      15
       6
       8
       8
       8
      10
       4
       3
       7
       8
       9
      12
       5
      11
       7
       7
       5
       5
       4
       6
       4
       9
       5
       5
       4
       3
       0
       7
       7
       4
       7
       3
       5
       7
       6
       6
       8
       5
       6
       3
       4
       5
       6
       4
      10
       2
       3
       2
       5
       7
       5
       5
       6
       4
       8
       7
       5
       7
       6
       6
       7
       9
       7
       8
       6
       5
       3
       3
       5
       6
       6
      10
       3
      12
       6
       9
       3
       4
       2
       5
       4
       2
       4
       9
       4
       7
       7
       5
      10
       6
       6
       7
       6
       7
       5
       8
       7
       3
       2
       3
       8
       7
       6
      13
      10
       5
       5
       5
       7
       4
       8
       9
       7
       7
       6
       7
       2
       5
       3
       5
       8
       6
       7
       6
       4
       5
       7
       9
       3
       7
       3
       8
       3
       6
       8
       7
       3
       7
       4
      10
       9
       4
       7
       7
       8
       5
       5
       8
       4
       6
       4
       9
       3
       6
       4
       4
       6
       9
       9
       4
       8
       2
       6
       3
       6
       9
       3
       8
       7
       7
       4
       7
       5
       8
       8
       6
       6
       7
       5
       9
      11
       4
       7
       6
       2
      10
       4
       2
       6
       7
       3
       5
       6
       4
       8
       5
       1
       4
       6
       6
       3
       6
       3
       4
       1
       7
       3
       6
       6
       5
       2
       6
       6
       6
       8
      10
       5
       3
       6
       5
       7
       2
       6
       4
       6
       5
       2
       8
       6
       4
       5
       8
      11
       2
       6
       6
       3
       4
       2
       6
       5
       6
       9
       3
       3
       3
       6
       5
       3
       8
       3
       8
      10
      10
       6
       6
       5
       7
       5
       6
       6
       5
      11
       4
       6
       9
       4
       6
       6
       8
       8
       7
       2
       4
       6
       8
       6
       5
       9
       6
       1
       4
       4
       4
       3
       4
       2
      10
       4
       4
       7
      11
       3
       5
       6
       6
       6
       2
       3
       4
       5
       5
       8
       4
       8
       7
       8
       8
       6
       2
       3
       4
       6
       6
       7
       4
      11
       9
       7
       9
       4
       6
       7
       2
       4
       3
       6
       4
       6
       4
       2
      12
       3
       5
       7
       5
       8
       6
       7
       6
       6
       6
       4
       7
       6
       8
       6
       4
       3
       6
       7
       3
      11
       4
       5
       8
       3
       9
       5
       5
       6
       4
       4
       6
       7
       2
       5
       6
       4
       2
      12
       5
       8
       6
       4
       5
       3
       5
       8
       5
       4
       5
       5
       3
       2
       4
       3
       6
       4
       3
       7
       5
       3
       3
       8
       4
       7
       7
       3
       6
       4
       5
       7
       2
       8
       2
       5
       5
       7
       7
       3
       9
       1
       9
       7
       4
       3
      13
       8
       5
       2
       7
       3
       7
       6
       7
       5
       4
       5
       9
       2
       7
       3
       6
       8
       7
       5
       7
       6
       6
       7
       6
       0
       7
       4
       6
       9
       8
       2
       5
       4
       9
       9
       3
       1
       2
      10
       5
       4
       8
       4
       5
       4
       2
       5
       6
       4
       4
       5
       6
       6
       5
      10
       5
       5
       2
       7
       6
       5
       2
       3
       7
       4
       5
       3
       6
       6
       9
       8
       4
       7
       6
       8
       3
       6
       5
       5
       6
       7
       5
       2
       6
       3
       5
       6
       6
       4
       7
       4
       5
       2
       5
       5
       7
       5
       3
       6
       7
       7
       3
       5
       2
       4
       9
       3
       3
       6
       4
       5
       4
       3
       4
       3
       7
       4
       5
       3
       3
       7
       0
      12
       6
       5
       6
       7
       6
       5
       5
       6
       9
       6
       5
       4
      11
       4
       7
       8
       6
       7
       2
       4
       5
       5
       6
       2
       7
       3
       6
       6
       4
       5
       2
       9
       5
       4
       1
       5
       4
       1
       9
       8
      11
       6
       3
       5
       4
       4
       7
       2
       3
       4
       5
       9
       6
       6
       7
       4
       2
       4
       3
       5
       7
       7
       6
       8
       6
       6
       2
       4
       5
       4
       5
       4
       3
       3
       4
       4
      10
       6
       4
       7
       4
       5
      12
       7
      10
       2
       6
       5
       4
      14
       8
       4
       7
       2
       8
       4
      10
       4
       5
       2
       6
       3
       8
       5
       3
       5
       2
       7
       7
       5
       6
       5
       7
       8
       7
       3
       7
       8
       3
       9
       5
       6
       3
       7
       2
       5
       3
       7
       5
       6
       8
       5
      11
       5
       9
       5
       9
       9
       5
       4
       6
       4
       5
       3
       6
       1
       5
       3
       8
       4
       2
       3
       4
       9
       4
       3
       6
       8
       1
       5
       5
       6
       3
       4
       2
       3
       7
       6
       1
       4
       6
       3
       7
       4
       5
       4
       2
       5
       2
       7
       8
       8
       6
       5
       5
       7
       4
       7
       1
       6
       1
       1
       5
       3
       4
       7
       1
       6
       6
       9
       5
       6
       4
       8
       7
       3
       7
       4
       6
       7
       4
       6
      10
       4
       9
       8
       6
       6
       5
       2
       9
       2
       2
       3
       4
       5
       6
       3
       3
       9
       5
       6
       5
       8
       4
       2
       5
       7
       7
       5
       8
       3
       6
       3
      10
       8
       7
       7
       6
       6
       3
       6
       1
       2
       3
       2
       4
       7
       9
       6
       5
       6
       5
      12
       4
       3
       4
       4
       1
       7
      10
      12
       9
       5
       6
       5
       2
       4
       7
       5
       8
       6
      10
       4
       4
       6
       4
       7
       8
       3
       5
       8
      10
       8
       8
       6
       4
       6
       7
       4
       6
       5
       7
       1
       5
       6
       5
       3
       4
       4
       4
       4
       4
       4
       4
       3
       8
       3
       4
       3
       9
       3
       5
       9
       5
       5
       5
       7
       4
       5
       7
       5
       9
       8
       9
       6
       6
       9
      10
       4
       7
       4
       4
       9
       4
       7
       4
       0
       8
       5
       8
       6
       5
       7
       5
       7
       7
       6
       7
       5
       4
       5
       5
       4
       9
       3
       5
       7
       8
       5
       3
       5
       6
       8
       3
       5
       5
       5
      10
       5
       6
       3
       5
       5
       6
       2
       5
       6
       2
       5
       6
       3
       6
      10
       4
       8
       5
       7
       5
       9
      13
       7
       3
       7
       8
      10
       6
       3
       7
       5
       4
      10
       3
       3
       1
      10
       5
       6
       4
       2
       4
       4
       6
       7
       5
       6
       7
       2
       9
       8
       7
       7
       5
      11
       7
       5
       9
       2
       8
       4
       3
       3
       7
       3
       3
       2
       2
       4
       6
       6
       7
       4
       5
       6
       3
       1
       6
       7
       6
       7
       4
      10
       3
       4
       3
       7
       9
       3
       4
      10
       5
       9
       4
       7
       6
       2
       7
       3
       7
       5
       2
       8
       8
      11
       6
       7
       6
       7
       6
       8
       3
       8
       6
       1
       3
       1
       4
       4
       7
       3
       7
       6
       4
       5
       6
       8
       6
       4
       6
      13
       5
       7
       7
       5
       9
       3
       3
       5
       5
       4
       2
      10
       5
       7
       7
       8
       5
       6
       6
       5
       7
       4
       6
       3
       2
      11
       5
       6
       6
       5
       5
       7
       4
       3
       1
       4
       9
       2
       6
       3
       4
      11
       6
       3
       3
       8
       6
       7
       5
       5
       2
       7
       6
       5
       5
       9
       4
       6
       5
       6
      12
       6
       4
       2
       8
       5
       1
       5
       5
       5
       3
       6
       7
       4
       3
       5
       9
       4
       6
       1
       5
       2
       4
      11
      10
       2
       7
       8
       5
       6
       4
       8
       4
       6
       6
       4
       8
       3
       6
       4
       6
       3
       7
       6
       6
       0
       1
       3
       8
       4
       8
       5
       9
       1
       7
       7
       1
       4
       4
       0
       3
       5
       4
       8
       7
       2
       7
       6
       6
       3
       3
       3
       3
       3
       6
       6
       5
       9
       6
       7
       5
       5
       4
      11
       5
       4
       6
       4
       5
       2
       3
       6
       4
       4
       7
       5
       7
       8
       6
       6
      12
       9
       6
       3
       4
       2
       3
       2
      13
       3
       5
       4
       5
       4
       8
       7
       6
       5
       7
       6
       3
       7
       4
       4
       1
       6
       4
       6
       7
       6
       3
       5
       9
       3
       4
       7
       4
       4
       2
       6
       4
       7
       2
       3
       2
       3
       6
       1
       3
       4
       5
       2
       2
       2
       5
       2
       5
       7
       7
       5
       4
       9
       5
      10
       4
       9
       4
       2
       5
       8
       3
       3
       5
       7
       6
       3
       6
       3
       3
       2
       4
       4
       7
       6
       3
       5
       2
       6
       4
       4
       4
       7
       6
       3
       5
       5
       3
       2
       3
       7
       5
       5
       7
       9
       7
       3
       4
       8
       5
       8
       8
       4
       8
       5
       7
       2
       6
       7
       2
       3
       4
       4
       6
       6
       4
       4
       0
       2
       1
       4
       5
       3
       5
       3
       5
       5
       3
       8
       5
       9
       3
       2
       5
       6
       6
       4
       2
       6
       5
       2
       6
       6
       2
       5
       4
       2
       6
       4
       7
       7
       1
       6
       2
       5
       5
      11
       6
       7
       8
       8
       9
       3
       4
       6
       2
       6
       5
       8
       9
       3
       6
       5
       5
       6
       3
       9
       4
       6
       5
       2
       2
       6
       5
      11
       5
       6
       8
       3
       2
       3
       2
       3
       6
       5
       3
       3
       7
       2
       5
       4
       1
       4
       8
       3
       4
       5
       8
       6
       1
       6
       2
       4
       4
       3
       4
       4
       8
       9
       5
       3
       7
       2
       2
       7
      11
       4
       6
       4
       5
       5
       6
       0
       3
       2
       4
       4
       8
       3
       2
       5
       4
       5
       6
       7
       2
       5
       1
       8
       6
       4
       5
       6
       6
       3
       4
       7
       5
       6
       5
       3
       7
       9
       4
       3
       7
       4
       3
       6
       4
       4
       5
       1
       6
       6
       5
       4
       6
       6
       6
       8
       6
       2
      13
       9
       4
       7
       6
       9
       4
       7
       7
       9
       7
       5
       3
       3
       9
       5
       9
       3
       7
       2
       5
       5
       5
       6
       7
       3
       6
       9
      11
       3
       5
       4
       5
       5
       7
       2
       5
       3
       5
       5
       5
       5
       1
       5
       5
       5
       6
       5
       5
       7
       3
       9
       3
       6
       6
       4
       4
      10
       6
       5
       5
       4
       2
       6
       4
       2
       3
       7
       4
       3
       3
       5
       8
       4
       4
       6
       6
       9
       4
       6
       8
       5
       6
       6
       1
       4
       2
       7
       6
       5
       4
       5
       4
       1
       2
       3
       2
       4
       1
       6
       4
       5
       6
       3
       5
       6
       3
       2
       3
       7
       2
       5
       5
       5
       7
       2
       2
       7
       7
       8
       5
       5
       3
       5
       5
       3
       5
       5
       7
       3
       7
       5
       8
       3
       7
       6
       6
       2
       5
       8
       5
       3
       1
       4
       9
       5
       6
       4
       5
       4
       3
       4
       8
       4
       6
       3
       4
       7
       4
       4
       4
      10
       2
       4
       4
       7
       3
       3
       5
       6
       5
       6
       5
       1
       6
       4
       3
       7
       0
       4
       7
      11
       5
       8
       5
       3
       5
       4
       9
       2
       3
       8
       2
       5
       2
       3
       7
       2
       7
       9
       4
       4
       4
       2
       6
      10
       6
       2
       6
       1
       6
       5
       6
       6
       7
       5
       4
       3
       7
       7
       2
       5
       2
       7
       5
       4
       1
       4
       4
       2
       4
       8
       6
       9
       3
       5
       3
       2
       8
       4
       0
       6
       3
       5
       5
       5
       5
       5
       5
       5
       4
       5
       5
       5
       5
       3
       6
       6
       5
       4
       3
       2
       6
       5
       4
       2
       6
       6
       7
       6
       5
       3
      10
       7
       3
       4
       6
       4
       3
       6
       9
       5
       5
       7
       4
       6
       6
       2
       4
       6
       8
       3
       6
       0
       6
       2
       5
       8
       5
       1
       3
       7
       4
       4
       6
       4
       6
       2
      10
       7
       4
       3
       1
       5
       6
       9
       4
       2
       3
       5
       4
       5
       7
       3
       2
       3
       4
       3
       2
       4
       2
       5
       6
       5
       5
       5
       3
       3
       6
       2
       5
       7
       6
       4
       3
       4
       5
       6
       6
       5
       3
       4
       5
       2
       1
       2
       6
       6
       4
       5
      10
       6
       2
       5
       3
       6
       2
       5
       8
       1
       5
       7
       3
       6
       6
       8
       4
       3
       5
       5
       3
       9
       5
       3
       6
       6
       6
       4
       7
       3
       8
       4
       5
       7
       5
       4
       3
       3
       5
       5
       9
       2
       5
       7
       3
       2
       2
       2
       7
       4
       2
       6
       3
       3
       8
       6
       8
       8
       5
       4
       4
       1
       5
       3
      10
       4
       1
       5
       3
       6
       6
       5
       1
       5
       9
       1
       4
       2
       9
       5
       2
       1
       1
       5
       5
      10
       4
       7
       6
       3
       6
       3
       2
       7
       3
       7
       5
       1
       6
       5
       5
       4
       5
       5
       6
       3
       3
       9
       4
       5
       3
       4
       4
       1
       6
      10
       3
       4
       5
       4
       4
       6
       6
       7
       4
       2
       5
       7
       1
       9
       7
       6
       6
       4
       4
       4
       9
       4
       4
       4
       5
       8
       4
       3
       7
       7
       6
       8
       6
       4
       4
       8
       6
       4
       4
       4
       6
       4
       4
       6
       1
       4
       4
       3
       4
       5
       3
       7
       7
      14
       6
       2
       4
       8
       3
       3
      10
      10
       6
       5
       3
       7
       4
       2
       6
       3
       8
       5
       3
       3
       2
       3
      10
       4
       5
       1
       9
       4
       4
       0
       5
       5
       4
       5
       5
       5
       5
       6
       7
       7
       3
       3
       6
      14
       7
       8
       5
       3
       5
       3
       6
       3
       4
       5
       0
       2
       5
       5
       5
       5
       4
       6
       3
       4
       3
       4
       5
       5
       3
       2
       7
       8
       5
       4
       3
       6
       1
       3
       3
       8
       6
       5
       3
       3
       1
       7
       3
       7
       2
       2
       8
       8
       1
       6
       4
       7
       4
       5
       3
       4
       3
       6
       9
       4
       5
       3
       4
       2
       2
       2
       5
       9
       9
       6
       6
       6
       4
       5
       3
       7
       5
       2
       5
       4
       6
       5
       2
       2
       5
       5
       6
       4
       5
       6
       5
       2
       8
       7
       3
       5
       1
       3
       3
       2
       0
       3
       3
       5
       8
       2
       5
       3
       9
       5
       4
       3
       5
       6
       4
       1
       6
       7
       3
       3
       4
       4
       1
       3
       5
       6
       6
       4
       2
       6
       2
       3
       3
       3
       3
       8
       5
       4
       4
       7
       7
       3
       2
       4
       8
       4
       7
       2
       8
       4
       4
       4
       7
       4
       2
       3
       7
       3
       9
       5
       3
       4
       3
       2
       3
       7
       6
       4
       9
       6
       4
       1
       3
       8
       3
       3
       5
      10
       6
       4
       1
       4
       6
       4
       3
       5
       9
       3
       6
       6
       3
       6
       8
       2
      10
       5
       2
       5
       4
       2
       6
       7
       6
       5
       5
       4
       6
       3
       3
       4
       2
       4
       0
       3
       7
       5
       6
       4
       6
       6
       4
       5
      10
       6
       2
       4
       5
       3
       7
       5
       3
       2
       4
       6
       7
       6
       4
       4
       3
       3
       3
       4
      11
       3
       5
       5
       4
       8
       5
       4
       6
       8
       5
       4
       5
       7
       5
       4
       5
       3
       7
       5
       4
       6
       6
       3
       2
       4
       6
       5
       5
       9
       2
       6
       5
       1
       6
       3
       5
       4
       5
       6
       8
       6
       4
       4
       3
       7
       3
       6
       5
       1
       2
       6
       4
       6
       3
       2
       5
       6
       4
       6
       6
       5
       1
       4
       4
       5
       2
       7
       5
       3
       4
       1
       5
       5
       3
       4
       2
       7
       5
       2
       5
       9
       4
       9
       6
       2
       4
       3
       6
       4
       5
       2
       4
       8
       6
       3
       3
       5
       4
       9
       7
       5
       6
       5
       4
       4
       4
       7
       4
       3
       6
       5
       6
       3
       3
       6
       4
       3
       3
       8
       5
       6
       3
       3
       6
       5
       5
       3
       5
       5
       3
       5
       5
       3
       3
       3
       3
       4
       4
       5
       3
       3
       6
       4
       6
       6
       8
       3
       5
       5
       6
       4
       7
       2
       5
       0
       3
       2
       3
       6
       6
       3
       1
       3
       4
       4
       5
       6
       4
       6
       6
       6
       4
       3
       4
       2
       3
       4
      14
       7
       3
       6
       5
       3
       2
       0
       6
       3
       4
       4
       2
       2
       8
       5
       6
       2
       7
       4
       8
       3
       3
       2
       4
       5
       3
       4
       3
       5
       5
       5
       0
       6
       0
       9
       4
       4
       3
       9
       5
       4
       1
       6
       8
       3
       9
       3
       9
       7
       4
       3
       7
       3
       1
       5
       4
       3
       7
       5
       7
       2
       2
       2
       4
       9
       4
       6
       2
       6
       6
       3
       6
       4
       6
       6
       8
       2
       3
       8
       5
       3
       0
       3
       1
       6
       3
       4
       4
       4
       2
       4
      12
       1
       5
       4
       3
       6
       7
       3
       8
       5
       3
       3
      11
       2
       4
       3
       2
       6
       3
       4
       2
       6
       4
       3
       4
       3
       2
       2
       5
       5
       2
       4
       6
       4
       4
       4
       3
       7
       6
       9
       2
       7
       3
       7
       2
       2
       3
       0
       2
       5
       3
       2
       2
       5
       4
       7
       7
       8
       4
       5
       3
       5
       4
       6
       4
       6
       6
       2
       5
       7
       3
       5
       3
       5
       2
       1
      10
       4
       5
       5
       6
       3
       3
       6
       4
       2
       7
       5
       5
       4
       5
       8
       3
       4
       7
       3
       3
       3
       1
       7
      10
       3
       2
       6
       4
       6
       4
       4
       9
       4
      10
       4
       8
       5
       3
       2
       2
       3
       2
       2
       4
       4
       6
       6
       4
       3
       3
       3
       3
       2
      10
       2
       3
       4
       3
       4
       1
       4
       6
       1
       3
       5
       6
       6
       6
       4
       5
       5
       4
       4
       5
       1
       3
       4
       4
       6
       3
       8
       5
       6
       6
       3
       6
       0
       6
       1
       7
       7
       6
       2
      11
       3
       5
       3
       5
       6
       6
       3
       4
       4
       5
       5
       5
       2
       9
       9
       1
       3
       4
       3
      10
       4
       3
       4
       5
       2
       4
       2
       4
       6
       3
       7
       5
       3
       6
       6
       0
       3
       2
       4
       6
       5
       2
       8
       5
       6
       4
       4
       3
       3
       7
       7
       3
       8
       4
       3
       6
       6
       3
       8
       4
       7
       5
       4
       4
       6
       7
       7
       7
       7
       6
       4
       4
       6
       3
       4
       8
       4
       6
       1
       7
       4
       2
       4
       9
       3
       5
       0
       0
       8
       6
       4
       3
       4
       7
       4
       5
       5
       6
       4
       2
       5
       5
       2
       4
       2
       4
       5
       4
       8
       8
       4
       3
       4
       4
       8
       3
       4
       6
       2
       2
       4
       9
       3
       1
       4
       9
       5
       3
       5
       5
       7
       0
       2
       2
       5
       7
       3
       4
       2
       7
       3
       3
       5
       4
       3
       3
       2
       0
       7
       4
      10
       5
       5
       5
       2
       3
       3
       3
       5
       3
       5
       5
       3
       6
       4
       3
       5
       2
      10
       8
       7
       5
       1
       4
       2
       3
       1
       5
       3
      10
       7
       5
       3
       2
       2
       4
       3
       3
       2
       5
       3
       5
       4
       6
       4
       6
       4
       5
       3
       4
       6
       6
       3
       9
       2
       5
       4
       3
       2
       6
       3
       3
       4
       6
       2
       5
       6
       6
       3
       6
       2
       5
       2
       2
       3
       4
       5
      11
       4
       5
       2
       7
       4
       3
       2
       6
       5
       8
       3
       4
       2
       3
       5
       5
       5
       7
       1
       3
       6
       2
       4
       2
       5
       7
       3
       4
       8
       6
       7
       8
       6
       5
       7
       6
       5
       8
       7
       7
       9
       3
       3
       7
       5
       9
       4
       4
       3
       6
       2
       4
       7
       3
       5
       4
       6
       3
       3
       3
       3
       3
       4
       6
       2
       2
       2
       4
       6
       4
       7
       1
       5
       7
       2
       3
       6
       3
       6
       3
       3
       8
       2
       3
       4
       1
       5
       6
       2
       6
       2
       4
       8
       6
       5
       4
       4
       4
       1
       5
       4
       2
       4
       3
       7
       5
       5
       4
       7
       5
       3
       3
       9
       5
       2
       9
       2
       4
       3
       4
       3
      11
       5
       2
       6
       7
       6
       3
       3
       2
       4
       4
       4
       6
       5
       2
       3
       3
       2
       3
       3
       5
       5
       7
       3
       2
       6
       7
       2
      11
       6
       6
       6
       6
       5
       0
       5
       6
       6
       3
       4
       2
       2
      11
       5
       6
       6
       1
       3
       1
       4
       0
       5
       3
       3
       8
       2
       7
       2
       3
       2
       4
       6
       3
       8
       2
       1
      10
       6
       6
      10
       6
       5
       5
       7
       5
       2
       2
       4
       4
       8
       1
       2
       1
       0
       3
      10
       4
       9
       5
       2
       2
       2
       3
       6
       4
       4
       7
       6
       1
       5
       6
       5
       7
       9
       3
       7
       7
       2
       5
       8
       7
       5
       3
       4
       4
       2
       7
       2
       2
       5
       3
       5
       7
       2
       0
       2
       1
       9
       7
       0
       3
       4
       1
       1
       9
       4
       3
       5
       3
       3
       4
       3
       2
       2
       0
       7
       3
       4
       2
       5
       6
       7
       6
       8
       4
       7
       4
       3
       3
       1
       4
       2
       6
       3
       4
       5
       5
       4
       4
       4
       5
       5
       2
       6
       3
       6
       3
       6
       5
       6
       6
       3
       2
       5
       7
       6
       4
       8
       4
       4
       7
       2
       5
       2
       1
       3
       6
       3
       2
       4
       5
       1
       3
       3
       7
       2
       3
       4
       8
       3
       5
       2
       6
       5
       2
       4
       2
       1
      10
       4
       5
       5
       4
       4
       3
       3
       2
       5
       3
       6
       4
       3
       6
       5
       3
       2
       6
       6
       7
      11
       2
       4
       7
       6
       2
       1
       5
       4
       5
       5
       5
       6
       4
       6
       3
       5
       7
       1
       2
       3
       6
       3
       5
       6
       0
       2
       4
       7
       4
       3
       2
       4
       4
       1
       4
       6
       5
       6
       3
       3
       2
       1
       5
       6
       0
       5
       3
       8
       5
       8
       4
       5
       4
       5
       6
       3
       4
       4
       5
       4
       4
       5
       3
       4
       1
       3
       5
       3
      14
       5
       5
       5
       3
       4
      10
       4
       6
       9
       2
       5
       2
       6
       5
       5
       3
       4
       5
       4
       3
       8
       2
       2
       0
       4
       5
       6
       4
       6
       5
       4
       7
       8
       5
       0
       2
       7
       3
       3
       3
       8
       2
       2
       3
       3
      11
       6
       3
       6
       7
       5
       2
       5
       2
       4
       2
       6
       0
       5
       6
       4
       1
       4
       1
       4
       5
       2
       7
       3
       2
       3
       3
       7
       3
       9
       2
       7
       5
       2
       6
       5
       7
       4
       8
       2
       2
       4
       5
       4
       6
       4
       2
       2
       7
       3
       6
       4
       2
       2
       5
       8
       7
       2
       9
       2
       5
       1
       6
       1
       5
       4
       5
       2
       3
       9
       7
       5
       2
       2
       6
       5
       2
       1
       0
      10
       9
       5
       3
       7
       4
       2
       4
       3
       3
       5
       3
       4
       8
       2
       1
       3
       5
       7
       6
       4
       2
       2
       3
       3
       8
       6
      10
       2
       6
       4
       1
       3
       4
       2
       6
       4
       4
       2
       8
       2
       3
       3
       5
       7
       7
       7
       4
       5
       4
       2
       2
       4
       2
       2
       4
       3
       7
       4
       5
       3
       3
       5
       7
       3
       4
       6
       5
       7
       2
       7
       5
       1
       8
       6
       2
       5
       3
       3
       6
       4
       8
       8
       1
       4
       1
       6
       8
       5
       6
       3
       2
       4
       1
       3
       5
       4
       5
       5
       6
      10
       3
       3
       5
       6
       2
       2
       7
       2
       2
       5
       1
       3
       4
       7
       3
       7
       5
       8
       8
       3
       4
       1
      10
       6
       2
       2
       4
       3
       4
       6
       5
       5
       4
       5
       4
       5
       3
       7
       4
       4
       3
       3
       4
       4
       5
       3
      10
       5
       2
       4
       4
       5
       6
       3
       9
       4
       7
       5
       8
       3
       5
       7
       4
       7
       2
       4
       2
       6
       6
       3
       2
       5
      11
       4
       3
       8
       7
       5
       4
       1
       5
       4
       3
       6
       8
       6
       4
       5
       6
       3
       2
       5
       3
       2
       6
       4
       3
       4
       4
       2
       2
       9
       1
       4
       2
       2
       3
       4
       1
       6
       6
       3
       4
       4
       6
       5
       7
       2
       6
       3
       1
       1
       4
       4
       4
       2
       4
       4
       9
       5
       3
       4
       4
       3
       4
       2
       4
      11
       4
       4
       5
       7
       5
       5
       5
       7
       2
       1
       5
       6
       4
       1
       6
       3
       8
       8
       0
       2
       6
       5
       5
       4
       2
       2
       5
       4
       1
       5
       4
       8
       6
       1
       3
       4
       2
       7
       6
       4
       4
       2
       2
       3
       5
       3
       8
       7
       9
       3
       3
       2
       3
       2
       8
       2
       3
       5
       4
       4
       2
       5
       8
       2
       7
       3
       3
       4
       3
       6
       2
       2
       3
       4
       5
       3
       4
       5
       5
       4
       5
       1
       6
       8
       6
       2
       5
       7
       4
       5
       5
       5
       3
       7
       8
       7
       6
       3
       0
       3
       6
       2
       1
       2
       7
       1
       3
       8
       6
       5
       7
       3
       2
       3
       5
       2
       4
       5
       4
       5
       2
       4
       8
       8
       6
       2
       5
       2
       5
       6
       2
       3
       4
       3
       4
       0
       3
       1
       2
       2
       4
       0
       7
       4
       6
       6
       3
       2
       7
       2
       5
       1
       4
       2
       5
       5
       5
       3
       7
       3
       1
       2
       4
       6
       4
       8
       2
       3
       6
      14
       6
       1
       4
       1
       6
       2
       5
       4
       4
       7
       5
       3
       3
       2
       3
       1
       8
       6
       2
       2
       2
       6
       4
       4
       2
       2
       6
       3
       5
       8
       8
       0
       5
       4
       4
       4
       5
       5
       5
       1
       7
       3
       5
       3
       4
       8
       9
       3
       2
       6
       5
       3
       6
       4
       5
       5
       3
       2
       3
       4
       5
       4
       5
       6
       2
       1
       3
       6
       5
       3
       4
       5
       3
       3
       3
       7
       3
       4
       4
       3
       4
       2
       4
       3
       2
       2
       1
       4
       4
       2
       2
       3
       4
       5
       2
       4
       9
       3
       6
       4
       6
       6
       2
       5
       2
       2
       4
       3
       3
       9
       8
       4
       4
       6
       5
       1
       4
       5
       4
       8
       7
       7
       5
       6
       1
       7
       2
       4
       4
       5
       2
       4
       5
       5
       4
       6
       6
       3
       1
       2
       6
       9
       7
       2
       5
       2
       3
       3
       2
       5
       7
       8
       1
       3
       2
       6
       1
       1
       6
       4
       0
       6
       4
       5
       3
       2
       4
       6
       7
       6
       5
       3
       7
       5
       2
       8
       6
       1
       3
       4
       5
       3
       3
       3
       3
       2
       7
       4
       2
       5
       6
       4
       3
       4
       3
       3
       3
       4
       1
       4
       4
       3
       4
       8
       8
       3
       5
       5
       5
       2
       2
       1
       5
       0
       5
       4
       2
       2
       3
       9
       5
       3
       4
       6
       2
       5
       5
       4
       0
       1
       5
       6
       3
       4
       2
       6
       5
       5
       6
       4
       1
       3
       5
       3
       4
       5
       4
       3
       3
       6
       5
       2
       7
       5
       7
       4
       6
       4
       3
       4
       3
       3
       6
       2
       3
       5
       4
       5
       7
       1
       6
       5
       4
       1
       0
       4
       7
       2
       6
       3
       4
       5
       5
       3
       8
       4
       4
       4
       2
       1
       3
       9
       3
       2
       8
       2
       5
       0
       4
       2
       1
       6
       2
       1
       3
       0
       3
       2
       9
       2
       5
       3
       4
       3
       1
       4
       1
       6
       5
       4
       3
       6
       4
       4
       5
       4
       9
       3
       3
       3
       4
       3
       2
       2
       3
       3
       7
       5
       3
       2
       7
       6
       7
       6
       4
       1
       3
       2
       5
       1
       2
       4
       4
       8
       3
       2
       3
       5
       3
       3
       5
       3
       1
       2
      12
       2
       2
       4
       3
       5
       2
       4
       5
       4
       3
       7
       2
       1
       4
       7
       4
       2
       7
       5
       4
       2
       4
       5
       4
       4
       1
      13
       4
       3
       7
       1
       0
       5
       3
       3
       6
       7
       2
       8
       3
       3
       4
       2
       8
       3
       4
       3
       4
       3
       5
       1
       4
       6
       3
       5
       3
       1
       1
       4
       6
       3
       5
       3
       4
       5
       3
       3
       2
       7
       7
       3
       5
       5
       4
       3
       1
       6
       5
       7
       4
       1
       9
       4
       3
       5
       4
       7
       3
       3
       6
       1
       7
       2
       1
       4
       5
       2
       6
       6
       5
       2
       5
       2
       7
       3
       1
       4
       4
       6
       5
       1
       8
       2
       2
       3
       7
       6
       5
       4
       5
       4
       5
       6
       3
       9
       3
       7
       5
       2
       0
       3
       4
       3
       4
       3
       4
       3
       3
       2
       2
       3
       4
       3
       1
       8
       5
       3
       7
       6
       6
       6
       2
       7
       4
       8
       2
       7
       0
       3
       5
       7
       2
       4
       6
       2
       6
       1
       3
       6
       5
       4
       1
       4
       4
       4
       3
       1
       9
       4
       4
       6
       2
       4
       3
       8
       7
       8
       5
       3
       4
       9
       6
       5
       5
       2
       3
       5
       3
       5
       3
       3
       1
       3
       4
       2
       9
       3
       3
       5
       3
       4
       5
       5
       4
       2
       6
       4
       5
       7
       3
       8
       4
       8
       5
       2
       5
       3
       2
       6
       4
       6
       3
       6
       6
       5
       4
       7
       5
       6
       2
       2
       4
       4
       8
       3
       3
       4
       3
       4
       4
       3
       5
       2
       4
       5
       3
       2
       3
       4
       2
       2
       5
       0
       3
       6
       4
       6
       3
       3
       4
       1
       6
       4
       3
       2
       2
       8
       4
       2
       7
       2
       4
       2
       1
       3
       7
       3
       2
       3
       6
       3
       5
       5
       2
       5
       2
       6
       4
       6
       2
       4
       2
       3
       4
       1
       6
       2
       2
       4
       4
       9
       1
       2
       5
       4
       4
       4
       4
       1
       1
       4
       8
       4
       7
       1
       1
       3
       3
       3
       2
       5
       3
       2
       7
       3
       4
       7
       7
       5
       3
       5
       4
       9
       4
       4
       7
       6
       4
       4
       6
       5
       7
       4
       0
       2
       4
       5
       8
       4
       8
       5
       4
       1
       4
       1
       3
       5
       3
       5
       5
       6
       5
       7
       8
       7
       6
       3
       6
       1
       3
       6
       7
       6
       4
       1
       1
       2
       2
       5
       3
       2
       5
       7
       3
       5
       2
       3
       9
       2
       5
       4
       2
      10
       2
       5
       4
       1
       2
       6
       3
      10
       5
       5
       4
       3
       5
       4
       4
       4
       3
       3
       5
       3
       2
       4
       8
       3
       7
       3
       2
       4
       3
       5
       7
       2
       2
       4
       6
       7
       4
       2
       3
       3
       3
       2
       4
       4
       3
       4
       3
       2
       9
       4
       4
       2
       6
       3
       4
       3
       8
       2
       3
       2
       1
       3
       4
       6
       3
       5
       2
       5
       1
       5
       3
       6
       5
       4
       2
       1
       3
       2
       3
       3
       3
       2
       5
       5
       6
       6
       5
       4
       4
       3
       6
       4
       6
       2
       4
       6
       5
       5
       1
       2
       5
       4
       9
       4
       5
       2
       2
       5
       4
       7
       7
       2
       5
       4
       5
       1
       4
       3
       7
       5
       7
       7
       4
       4
       3
       5
       6
       4
       4
       2
       4
       3
       5
       3
       1
       4
       7
       3
       4
       5
       3
       6
       3
       9
       2
       6
       3
       4
       1
       3
       5
       5
       3
       4
       6
       4
       4
       2
       5
       4
       4
       5
       2
       3
       4
       2
       5
       0
       3
       4
       6
       4
       5
       3
       4
       1
       0
       4
       4
       2
       4
       6
       5
       5
       2
       4
       5
       2
       3
       6
       4
       2
       2
       3
       2
       2
       6
       3
       9
       1
       5
       6
       3
       4
       2
       2
       4
       6
       4
       2
       3
       1
       6
       4
       1
       9
       5
       1
      10
       3
       4
       3
       7
       2
       2
       3
       3
       2
       4
       3
       6
       4
       2
       7
       3
       6
       7
       5
       2
       3
       3
       3
       5
       2
       7
       5
       6
       3
       4
       5
       2
       3
       2
       4
       4
       3
       6
       7
       2
       4
       5
       4
       0
       4
       4
       7
       5
       2
       3
       5
       4
       6
       4
       6
       5
       2
       2
       1
       6
       2
       5
       5
       1
       5
       4
       2
       5
       3
       3
      10
       3
       3
       7
       7
       4
       9
       1
       4
       4
       3
       2
       3
       5
       6
       0
       4
       7
       4
       1
       5
       0
       0
       5
       4
       4
       4
       4
       4
       4
       5
       5
       7
       7
       3
       7
       0
       4
       4
       5
       5
       0
       5
       4
       3
       4
       4
       2
       2
       4
       3
      11
       9
       4
       3
       4
       3
       1
      11
       2
       4
       6
       6
       4
       3
       5
       5
       7
       7
       4
       6
       6
       3
       6
       1
       3
       4
       3
       9
       2
       4
       3
       3
       2
       3
       5
       4
       2
       4
       9
       2
       3
       3
       4
       2
       2
       6
       5
       6
       2
       5
       7
       5
       6
       1
       5
       3
       4
       4
       5
       5
       3
       1
       2
       5
       1
       3
       5
       6
       6
       6
       6
       2
       4
       6
       2
       8
       4
       3
       4
       1
       2
       5
       4
       4
       1
       6
       3
       4
       5
       2
       3
       4
       4
       6
       2
       5
       4
       2
       3
       5
       4
       2
       2
       3
       2
       5
       8
       2
       3
       5
       2
       2
       6
       3
       5
       4
       2
       2
       3
       2
       3
       4
       4
       2
       3
       2
       2
       2
       2
       4
       3
       4
       6
       4
       3
       7
       4
       2
       2
       3
       4
       4
       6
       8
       1
       4
       2
       3
       2
       5
       4
       4
       4
       5
       5
       6
       4
       5
       5
       7
       5
       5
       5
       3
       2
       5
       6
       7
       2
       2
       3
       1
       1
       4
       1
       2
       0
       2
       5
       4
       5
       2
       5
       4
       6
       5
       5
       0
       6
       2
       2
       2
       3
       3
       6
       2
       7
       1
       5
       3
       4
       3
       6
       7
       3
       2
       1
       5
       7
       4
       2
       1
       6
       4
       6
       4
       2
       4
       8
       0
       2
       1
       3
       2
       3
       1
       1
       6
       4
       7
       1
       3
       4
       1
       2
       5
       6
       4
       3
       6
       7
       2
       2
       3
       1
       2
       7
       3
       2
       3
       0
       5
       2
       2
       5
       4
       5
       5
       3
       6
       1
       3
       4
       3
       3
       3
       3
       2
       4
       6
       3
       4
       3
       0
       6
       3
       1
       2
       5
       6
       5
       6
       5
       3
       1
       4
       4
       4
       3
       2
       6
       3
       2
       2
       5
       1
       6
       4
       3
       4
       4
       5
       2
       5
       4
       5
       8
       2
       6
       2
       3
       6
       0
       2
       2
       3
       4
       3
       1
       4
       3
       2
       6
       9
       4
       2
       6
       8
       7
       1
       2
       3
       1
       6
       3
       5
       5
       5
       6
       3
       4
       2
       4
       3
       2
       3
       7
       6
       3
       4
       4
       4
       6
       7
       5
       2
       6
       5
       2
       1
       3
       1
       3
       5
       8
       6
       2
       3
       3
       2
       5
       6
       5
       6
       1
       3
       8
       4
       2
       5
       1
       3
       1
       4
       8
       4
       2
       4
       3
       2
       4
       2
       4
       6
       3
       8
       2
       4
       2
       3
       4
       5
       3
       5
       5
       3
       4
       1
       3
       0
       5
       5
       4
       7
       2
       4
       2
       2
       3
       3
       3
       4
       4
       4
       4
       3
       3
       5
       5
       6
       2
       5
       3
       3
       3
       2
       3
       3
       5
       3
       3
       2
       1
       1
       4
       2
       5
       2
       6
       2
       3
       3
       3
       6
       6
       1
       4
       5
       3
       4
       1
       2
       5
       3
       3
       4
       4
       1
       4
       5
       3
       2
       1
       1
       4
       8
       4
       1
       6
       8
       7
       8
       5
       4
       3
       1
       5
       3
       7
       3
       7
       4
       8
       2
       2
       4
       5
       5
       5
       2
       8
       3
       5
       6
       8
       3
       5
       1
       5
       2
       4
       1
       5
       3
       5
       3
       1
       4
       3
       6
       2
       5
       0
       3
       4
       4
       4
       3
       2
       4
       7
       4
       2
       1
       3
       6
       3
       3
       6
       9
       4
       4
       3
       4
       9
       0
       7
       4
       2
       1
       3
       7
       5
       7
       4
       3
       4
       6
       5
       7
       5
       4
       2
       5
       4
       6
       3
       4
       6
       2
       4
       2
       4
       4
       0
       2
       3
       5
       8
       7
       9
       2
       5
       3
       2
       4
       8
       5
       3
       3
       3
       7
       1
       4
       0
       1
       0
       1
       2
       4
       2
       1
       4
       3
       1
       4
       2
       3
       4
       2
       4
       4
       4
       2
       6
       3
       2
       7
       5
       3
       7
       2
       4
      10
       2
       1
       6
       6
       2
       6
       3
       2
       2
       5
       2
       4
       8
       3
       4
       5
       2
       3
       2
       2
       4
       2
       3
       3
       2
       2
       3
       1
       3
       3
       4
       2
       4
       5
       0
       6
       3
       2
       8
       3
       2
       2
       3
       4
       5
       2
       7
       2
       5
       4
       0
       2
       5
       5
       2
       3
       4
       3
       4
       2
       7
       3
       2
       4
       6
       6
       2
       4
       6
       3
       3
       5
       3
       6
       4
       6
       2
       3
       3
       1
       4
       4
       1
       6
       4
       3
       4
       6
       5
       7
       3
       3
       3
       3
       6
       5
       6
       3
       6
       3
       6
       2
       1
       8
       5
       2
       2
       5
       2
       3
       3
       3
       2
       2
       2
       2
       1
       3
       5
       3
       5
       3
       4
       2
       2
       4
       2
       5
       6
       6
       5
       4
       6
       5
       4
       5
       2
       2
       4
       3
      11
       5
       3
       4
       8
       2
       5
       2
       1
       2
       3
       7
       1
       4
       7
       2
       0
       2
       4
       5
       4
       3
       3
       3
       5
       3
       3
       5
       5
       7
       8
       2
       3
       6
       5
       7
       6
       2
       4
       3
       4
       6
       2
       5
       4
       6
       3
       3
       6
       5
       5
       2
       1
       7
       4
       1
       1
       5
       3
       1
       4
       6
       4
       4
       6
       3
       2
       4
       2
       4
       3
       4
       3
       4
       5
       4
       3
       5
       8
       6
       5
       0
       3
       2
       1
       4
       2
       6
       3
       2
       3
       2
       5
       5
       3
       3
       2
       6
       3
       3
       4
       5
       3
       2
       1
       7
       6
       3
       1
       5
       1
       6
       3
       1
       2
       4
       6
       5
       5
       6
       3
       2
       7
       2
       4
       1
       5
       4
       6
       6
       4
       4
       4
       4
       2
       4
       4
       6
       3
       3
       3
       5
       5
       3
       2
       3
       6
       6
       6
       3
       6
       6
       1
       7
       5
       6
       3
       4
       1
       5
       4
       5
       1
       5
       4
       9
       3
       4
       4
       4
       6
       5
       5
       2
       8
       6
       2
       3
       2
       3
       2
       6
       3
       6
       1
       4
       4
       2
       3
       6
       2
       9
       3
       5
       2
       2
       5
       6
       1
       1
       3
       7
       3
       2
       2
       3
       2
       2
       1
       6
       5
       7
       3
       7
       2
       4
       2
       3
       1
       1
       1
       4
       3
       3
       4
       3
       0
       2
       5
       3
       3
       4
       2
       6
       4
       1
       2
       8
       5
       1
       1
       5
       5
       3
       2
       4
       2
       5
       3
       3
       4
       3
       1
       8
       3
       1
       7
       3
       3
       9
       4
       8
       6
       3
       3
       1
       2
       4
       1
       4
       5
       3
       2
       4
       9
       3
       0
       5
       1
       2
       8
       5
       5
       0
       3
       1
       7
       4
       7
       3
       7
       3
       3
       3
       2
       6
       3
       4
       6
       2
       5
       4
       1
       1
       3
       4
       2
       4
       3
       5
       7
       9
       3
       7
       2
       5
       1
       4
       5
       3
       6
       5
       5
       2
       6
       2
       4
       2
       5
       3
       1
       5
       3
       1
       6
       6
       4
       3
       4
       4
       2
       0
       1
       2
       0
       6
       4
       4
       4
       4
       0
       6
       1
       3
       3
       5
       4
       4
       2
       2
       3
       6
       3
       6
       1
       5
       3
       3
       1
       6
       2
       3
       3
       4
       5
       4
       3
       5
       3
       4
       1
       2
       3
       3
       4
       1
       6
       3
       4
       2
       1
       1
       6
       2
       5
       7
       4
       8
       2
       1
       2
       2
       5
       3
       8
       5
       5
       2
       3
       3
       5
       4
       4
       4
       2
       5
       3
       1
       5
       1
       2
       5
       2
       4
       1
       6
       1
       9
       4
       4
       4
       3
       4
       5
       6
       5
       5
       5
       2
       2
       1
       2
       4
       3
       7
       4
       5
       2
       5
       2
       5
       2
      11
       2
       0
       7
       3
       4
       5
       5
       2
       4
       2
       3
       3
       3
       5
       5
       7
       3
       3
       9
       7
       3
       5
       3
       0
       4
       4
       3
       6
       5
       4
       5
       3
       6
       2
       4
       1
       2
       1
       6
       2
       4
       5
       2
       1
       0
       3
       6
       3
       3
       4
       1
       1
       5
       3
       1
       3
       2
       3
       4
       4
       3
       4
       0
       6
       4
       3
       6
       3
       5
       1
       3
       2
       3
       6
       3
       6
       2
       6
       3
       3
       3
       1
       4
       4
      10
       1
       3
       2
       7
       2
       3
       3
       3
       5
       4
       6
       4
       2
       5
       1
       5
       1
       5
       2
       4
       2
       9
       5
       3
       2
       1
       3
       1
       4
       1
       6
       8
       6
       4
       2
       1
       1
       5
       5
       2
       5
       7
       2
       6
       6
       2
       2
       2
       3
       2
       5
       3
       5
       4
       4
       2
       2
       4
       3
       3
       3
       3
       4
       2
       3
       1
       3
       6
       1
       5
       1
       4
       2
       4
       5
       3
       1
       4
       6
       2
       2
       3
       2
       2
       3
       6
       7
       2
       3
       7
       3
       4
       0
       4
       4
       2
       5
       2
       3
       2
       5
       4
       1
       1
       7
       6
       1
       7
       6
       4
       2
      12
       3
       5
       5
       6
       5
       5
       2
       5
       6
       3
       4
       1
       3
       4
       2
       2
       1
       5
       6
       7
       3
       1
      10
       3
       2
       2
       1
       6
       4
       3
       5
       2
       1
       5
       5
       8
       4
       4
       5
       7
       1
       6
       3
       4
       2
       7
       4
       7
       1
       6
       4
       1
       3
       3
       5
       7
       3
       4
       3
       2
       3
       5
       7
       2
       3
       1
       4
       2
       3
       5
       0
       4
       2
       4
       2
       2
       4
       5
       3
       3
       2
       4
       6
       7
       7
       2
       5
       5
       1
       3
       4
       3
       3
       6
       3
       4
       5
       2
       0
       5
       5
       1
       6
       1
       0
       1
       4
       2
       5
       5
       2
       3
       4
       5
       2
       5
       2
       7
       0
       6
       0
       5
       4
       1
       3
       5
       3
       5
       4
       7
       7
       4
       5
       2
       4
       4
       1
       4
       1
       3
       4
       4
       3
       7
       6
       6
       7
       3
       4
       6
       3
       4
       1
       5
       1
       5
       4
       2
       3
       4
       4
       6
       6
       4
       1
       7
       4
       4
       3
       3
       3
       4
       2
       5
       4
       4
       3
       1
       2
       1
       7
       4
       5
       8
       2
       3
       4
       3
       3
       9
       1
       3
       3
       3
       6
       5
       4
       7
       5
       5
       4
       1
       6
       2
       5
       7
       5
       2
       3
       3
       1
       2
       5
       6
       5
       4
       3
       2
       3
       2
       5
       2
       4
       1
       0
       3
       4
       8
       3
       1
       1
       1
       3
       3
       3
       4
       3
       5
       3
       4
       3
       6
       6
       6
       6
       3
       6
       2
       3
       2
       1
       7
       2
       4
       6
       0
       1
       3
       4
       2
       2
       5
       2
       8
       3
       3
       1
       5
       2
       0
       2
       5
       4
       4
       1
       1
       2
       5
       4
       3
       5
       3
       7
       6
       6
       4
       4
       3
       2
       1
       4
       4
       3
       4
       1
       4
       3
       1
       4
       3
       1
       5
       6
       1
       2
       5
       2
       2
       2
       3
       2
       1
       2
       7
       2
       6
       0
       4
       7
       8
       4
       3
       2
       4
       1
       3
       2
       2
       2
       1
       2
       2
       5
       4
       6
       3
       0
       8
       5
       4
       4
       5
       5
       1
       4
       3
       2
       3
       4
       0
       1
       6
       7
       5
       2
       1
       5
       1
       0
       5
       4
       2
       4
       6
       6
       0
       2
       1
       6
       3
       4
       5
       3
       3
       4
       3
       3
       4
       1
       3
       3
       5
       5
       6
       2
       5
       2
       3
       6
       4
       2
       6
       3
       4
       4
       4
       3
       3
       5
       2
       3
       5
       2
       6
       5
       4
       2
       5
       2
       5
       5
       4
       3
       6
       0
       1
       0
       2
       3
       4
       1
       3
       3
       3
       4
       5
       4
       3
       1
       3
       5
       3
       2
       2
       6
       5
       2
       4
       7
       3
       4
       5
       3
       2
       3
       2
       2
       2
       2
       5
       1
       4
       1
       2
       2
       2
       2
       5
       6
       6
       3
       3
       6
       7
       2
       3
       3
       2
       3
       5
       4
       7
       4
       3
       3
       4
       5
       7
       6
       4
       3
       6
       2
       4
       5
       5
       5
       2
       6
       1
       5
       5
       3
       2
       4
       3
       4
       4
       3
       4
       5
       6
       3
       2
       5
       0
       2
       4
       3
       3
       1
       3
       0
       4
       3
       3
       4
       2
       2
       5
       2
       4
       7
       3
       3
       7
       4
       2
       1
       7
       5
       4
       2
       2
       3
       3
       5
       3
       0
       3
       2
       6
       3
       3
       3
       1
       4
       3
       7
       4
       2
       4
       4
       3
       5
       3
       5
       6
       5
       2
       1
       4
       5
       2
       5
       6
       2
       8
       4
       3
       2
       6
       2
       3
       3
       2
       4
       6
       4
       7
       4
       2
       6
       4
      10
       1
       6
       2
       3
       6
       3
       1
       7
       2
       4
       7
       2
       1
       5
       6
       3
       5
       0
       3
       4
       3
       4
       5
       5
       6
       2
       1
       5
       4
       1
       2
       3
       4
       0
       3
       5
       1
       4
       1
       2
       4
       5
       8
       4
       6
       1
       5
       3
       3
       3
       5
       2
       1
       9
       3
       4
       3
       3
       7
       2
       3
       2
       4
       3
       2
       6
       1
       4
       0
       3
       3
       2
       3
       1
       1
       2
       3
       5
       3
       1
       3
       1
       0
       3
       3
       4
       5
       1
       2
       5
       3
       3
       4
       5
       3
       4
       1
       7
       2
       3
       5
       3
       6
       3
       4
       7
       1
       4
       0
       5
       4
       3
       2
       6
       1
       8
       1
       1
       1
       1
       1
       2
       3
       3
       9
       2
       2
       4
       1
       5
       6
       5
       2
       7
       1
       3
       4
       3
       4
       2
       3
       1
       5
       2
       5
       4
       6
       3
       2
       3
       4
       2
       2
       3
       1
       3
       2
       4
       1
       5
       1
       2
       3
       5
       5
       3
       7
       4
       5
       1
       2
       5
       5
       4
       3
       6
       2
       2
       2
       3
       3
       4
       1
       3
       4
       5
       5
       4
       4
       5
       0
       2
       4
       2
       1
       3
       1
       3
       4
       1
       3
       1
       3
       2
       3
       4
       7
       4
       3
       1
       2
       4
       2
       4
       3
       2
       4
       6
       4
       2
       5
       6
       9
       2
       4
       3
       7
       2
       2
       3
       3
       1
       6
       2
       4
       3
       3
       3
       5
       3
       1
       5
       3
       0
       4
       2
       1
       5
       3
       3
       5
       5
       4
       3
       2
       3
       3
       4
       4
       5
       5
       1
       5
       5
       2
       5
       3
       1
       6
       4
       2
       2
       4
       7
       5
       5
       2
       4
       9
       3
       3
       2
       5
       3
       3
       2
       2
       2
       7
       2
       1
       7
       3
       9
       3
       4
       3
       4
       4
       2
       7
       4
       9
       5
       2
       3
       4
       4
       3
       3
       4
       3
       7
       4
       5
       3
       1
       3
       3
       2
       5
       3
       6
       2
       3
       3
       5
       6
       2
       1
       4
       6
       4
       3
       3
       3
       5
       4
       3
       2
       2
       3
       0
       7
       2
       5
       2
       4
       5
       0
       3
       2
       3
       3
       4
       1
       5
       3
       1
       6
       3
       4
       3
       4
       4
       6
       1
       3
       4
       2
       3
       2
       1
       4
       1
       4
       2
       3
       2
       4
       7
       2
       6
       0
       4
       3
       1
       4
       2
       4
       3
       1
       3
       4
       3
       4
       4
       4
       4
       5
       1
       7
       2
       0
       7
       8
       2
       8
       2
       1
       2
       2
       2
       6
       2
       4
       4
       1
       3
       5
       1
       2
       8
       3
       4
       4
       7
       3
       3
       3
       2
       3
       4
       4
       4
       6
       2
       4
       6
       3
       6
       4
       5
       3
       7
       4
       2
       3
       2
       4
       2
       1
       1
       5
       1
       4
       2
       6
       3
       3
       6
       2
       4
       0
       5
       3
       5
       5
       1
       2
       4
       4
       1
       4
       4
       4
       2
       3
       4
       4
       1
       2
       6
       3
       3
       5
       3
       3
       3
       4
       2
       3
       4
       2
       5
       1
       4
       5
       5
       4
       4
       5
       4
       3
       1
       4
       1
       4
       2
       3
       3
       3
       1
       2
       5
       3
       5
       9
       1
       5
       5
       5
       5
       0
       1
       2
       2
       5
       1
       7
       2
       2
       3
       6
       7
       3
       2
       3
       3
       5
       4
       3
       6
       0
       4
       4
       4
       3
       2
       4
       1
       1
       4
       3
       1
       3
       1
       5
       1
       4
       2
       4
       2
       3
       1
       3
       4
       2
       2
       5
       2
       4
       5
       3
       3
       6
       4
       4
       1
       6
       7
       1
       3
       5
       5
       3
       5
       5
       4
       3
       4
       9
       2
       6
       7
       3
       4
       3
       0
       5
       2
       3
       4
       3
       4
       0
       2
       4
       1
       7
       3
       1
       4
       4
       5
       2
       0
       6
       6
       5
       7
       3
       1
       4
       3
       4
       3
       4
       1
       1
       6
       6
       5
       3
       8
       4
       4
       2
       7
       4
       2
       1
       2
       3
       3
       2
       0
       3
       5
       3
       2
       2
       1
       6
       2
       3
       5
       6
       3
       7
       3
       3
       1
       4
       7
       2
       2
       3
       2
       3
       4
       5
       6
       3
       4
       3
       4
       3
       2
       2
       5
       4
       4
       0
       3
       5
       4
       4
       3
       0
       7
       1
       3
       8
       6
       4
       7
       4
       6
       3
       2
       5
       6
       6
       3
       2
       4
       7
       4
       2
       3
       4
       5
       8
       2
       9
       4
       2
       4
       3
       2
       2
       1
       4
       5
       5
       3
       2
       6
       2
       9
       4
       4
       3
       6
       3
       2
       2
       2
       2
       3
       2
       4
       3
       2
       0
       4
       4
       1
       2
       6
       0
       4
       2
       4
       1
       3
       4
       4
       7
       4
       3
       4
       5
       2
       2
       3
       2
       4
       0
       3
       2
       3
       2
       1
       3
       2
       4
       0
       5
       1
       1
       6
       6
       4
       1
       4
       3
       4
       3
       1
       2
       3
       5
       2
       1
       4
       4
       5
       3
       3
       3
       2
       2
       3
       2
       6
       1
       6
       3
       3
       5
       7
       0
       8
       5
       2
       3
       5
       3
       3
       5
       1
       2
       1
       2
       5
       3
       5
       4
       6
       7
       4
       4
       3
       2
       5
       7
       2
       1
       6
       2
       4
       1
       4
       4
       2
       3
       1
       5
       0
       4
       4
       2
       6
       3
       3
       5
       2
       0
       7
       5
       5
       1
       2
       2
       4
       2
       2
       4
       4
       4
       5
       4
       4
       2
       1
       1
       7
       4
       1
       3
       2
       3
       4
       4
       4
       5
       2
       2
       3
       1
       2
       2
       2
       4
       1
       5
       1
       1
       2
       5
       4
       5
       2
       5
       3
       0
       6
       3
       4
       3
       2
       3
       2
       6
       3
       2
       5
       7
       2
       5
       4
       3
       7
       4
       3
       3
       2
       2
       3
       3
       3
       4
       1
       4
       3
       6
       4
       3
       2
       2
       5
       3
       2
       3
       2
       3
       6
       3
       5
       3
       3
       4
       5
       1
       2
       1
       6
       4
       5
       6
       3
       3
       1
       1
       1
       6
       6
       5
       2
       4
       2
       3
       2
       2
       6
       7
       7
       2
       5
       3
       2
       4
       2
       2
       4
       2
       4
       4
       8
       2
       2
       3
       5
       4
       4
       1
       5
       2
       2
       3
       2
       5
       2
       4
       5
       3
       2
       2
       1
       2
       5
       2
       4
       5
       4
       5
       4
       6
       3
       6
       0
       2
       4
       3
       2
       3
       4
       6
       6
       0
       5
       1
       2
       1
       5
       2
       1
       2
       4
       5
       3
       2
       2
       3
       1
       6
       3
       1
       3
       3
       3
       1
       3
       4
       3
       2
       5
       1
       4
       2
       1
       3
       1
       5
       2
       4
       2
       2
       5
       3
       3
       3
       4
       3
       6
       2
       2
       1
       4
       3
       3
       3
       8
       0
       6
       3
       5
       6
       5
       2
       2
       2
       5
       4
       4
       6
       2
       3
       3
       2
       2
       3
       4
       3
       2
       4
       6
       5
       8
       6
       2
       3
       4
       7
       4
       0
       1
       4
       4
       4
       3
       3
       4
       5
       4
       0
       2
       3
       1
       5
       3
       2
       4
       6
       4
       5
       5
       1
       5
       2
       2
       2
       0
       2
       3
       5
       4
       0
       3
       4
       1
       4
       3
       3
       1
       3
       2
       1
       2
       2
       5
       2
       4
       1
       6
       5
       2
       4
       2
       2
       3
       2
       5
       2
       2
       3
       2
       3
       2
       2
       5
       3
       2
       7
       1
       8
       3
       3
       3
       1
       6
       4
       5
       6
       6
       4
       3
       3
       4
       6
       5
       2
       3
       3
       4
       0
       1
       5
       2
       4
       4
       5
       4
       3
       2
       4
       0
       4
       4
       4
       3
       3
       3
       4
       4
       4
       1
       4
       3
       5
       8
       6
       0
       3
       5
       1
       1
       3
       2
       6
       3
       4
       3
       5
       2
       4
       5
       3
       2
       1
       5
       1
       2
       1
       5
       4
       4
       2
       5
       1
       3
       2
       3
       5
       1
       4
       7
       1
       2
       3
       3
       3
       4
       3
       3
       1
       6
       2
       3
       6
       4
       5
       3
       6
       3
       4
       9
       1
       6
       2
       2
       5
       5
       5
       4
       4
       2
       5
       5
       4
       5
       2
       3
       5
       1
       4
       5
       4
       8
       7
       2
       6
       5
       5
       1
       9
       3
       4
       7
       8
       1
       3
       2
       4
       6
       3
       1
       5
       5
       3
      10
       3
       3
       4
       1
       4
       4
       2
       2
       3
       2
       5
       4
       5
       1
       2
       3
       3
       3
       1
       3
       6
       4
       1
       1
       2
       2
       2
       8
       1
       1
       4
       3
       6
       2
       2
       3
       4
       7
       3
       0
       1
       3
       2
       2
       5
       5
       9
       5
       3
       3
       1
       8
       2
       6
       3
       3
       2
       6
       2
       6
       3
       9
       3
       2
       3
       7
       0
       0
       4
       0
       2
       4
       4
       4
       4
       4
       0
       4
       2
       3
       4
       5
       1
       3
       3
       2
       1
       3
       3
       7
       3
       2
       4
       5
       6
       1
       2
       2
       6
       3
       3
       2
       5
       5
       2
       4
       3
       3
      11
       1
       7
       5
       4
       3
       3
       3
       7
       2
       3
       5
       3
       1
       7
       5
       3
       4
       3
       3
       3
       5
       6
       3
       5
       3
       3
       4
       3
       2
       4
       3
       2
       2
       4
       4
       4
       0
       0
       0
       0
       0
       0
       0
       0
       0
       0
       0
       0
       0
       0
       0
       0
       0
       0
       0
       0
       0
       0
       0
       0
       0
       0
       0
       0
       0
       0
       0
       0
       0
       0
       0
       0
       0
       0
       0
       0
       0
       0
       0
       0
       0
       0
       0
       0
       0
       0
       0
       0
       0
       0
       0
       0
       0
       0
       0
       0
       0
       0
       0
       0
       0
       0
       0
       0
       0
       0
       0
       0
       0
       0
       0
       0
       0
       0
       0
       0
       0
       0
       0
       0
       0
       0
       0
       0
       0
       0
       0
       0
       0
       0
       0
       0
       0
       0
       0
       0
       0
       0
       0
       0
       0
       0
       0
       0
       0
       0
       0
       0
       0
       0
       0
       0
       0
       0
       0
       0
       0
       0
       0
       0
       0
       0
       0
       0
       0
       0
       0
       0
       0
       0
       0
       0
       0
       0
       0
       0
       0
       0
       0
       0
       0
       0
       0
       0
       0
       0
       0
       0
       0
       0
       0
       0
       0
       0
       0
       0
       0
       0
       0
       0
       0
       0
       0
       0
       0
       0
       0
       0
       0
       0
       0
       0
       0
       0
       0
       0
       0
       0
       0
       0
       0
       0
       0
       0
       0
       0
       0
       0
       0
       0
       0
       0
       0
       0
       0
       0
       0
       0
       0
       0
       0
       0
       0
       0
       0
       0
       0
       0
       0
       0
       0
       0
       0
       0
       0
       0
       0
       0
       0
       0
       0
       0
       0
       0
       0
       0
       0
       0
       0
       0
       0
       0
       0
       0
       0
       0
       0
       0
       0
       0
       0
       0
       0
       0
       0
       0
       0
       0
       0
       0
       0
       0
$ROI:
0
$PRESETS:
None
0
0
$ENER_FIT:
0.000000 0.533053
$MCA_CAL:
3
0.000000E+000 5.330531E-001 0.000000E+000 keV
$SHAPE_CAL:
3
0.000000E+000 0.000000E+000 0.000000E+000
