$SPEC_ID:
No sample description was entered.
$SPEC_REM:
DET# 1
DETDESC# DLAB-PHY-L3-48 Model 928 SN 14118571
AP# Maestro Version 7.01
$DATE_MEA:
02/25/2026 13:36:33
$MEAS_TIM:
84745 87880
$DATA:
0 16383
       0
       0
       0
       0
       0
       0
       0
       0
       0
       0
       0
       0
       0
       0
       0
       0
     298
     293
     246
     233
     175
     154
     114
      77
      60
      59
      40
      21
      12
      19
       7
       5
       2
       6
       0
       3
       1
       3
       1
       0
       0
       4
       1
       1
       0
       0
       1
       0
       1
       2
       1
       0
       1
       0
       0
       0
       2
       1
       1
       4
       5
       9
      34
      88
     343
    1957
    9152
   27639
   59782
  207560
 1330338
 3111034
 1845325
  782002
  591916
  528484
  502264
  493957
  497642
  506948
  520133
  534382
  553656
  573075
  592856
  611062
  631275
  648950
  666979
  684542
  701556
  719483
  733822
  747160
  762097
  774288
  790806
  801207
  814987
  825808
  836214
  848349
  861993
  873442
  885301
  894143
  904604
  916315
  927071
  937326
  949430
  960342
  970420
  979354
  989981
  999174
 1011993
 1020733
 1031182
 1039138
 1050165
 1057985
 1067154
 1077724
 1083582
 1093451
 1103126
 1110166
 1120414
 1127120
 1136034
 1144796
 1149003
 1156055
 1166370
 1171988
 1177681
 1186436
 1190513
 1196163
 1198812
 1205719
 1209008
 1215175
 1216897
 1219712
 1220439
 1222528
 1223069
 1222358
 1222989
 1221705
 1220198
 1216878
 1213690
 1211456
 1207157
 1202001
 1196149
 1190801
 1186048
 1179578
 1170868
 1163059
 1156367
 1147972
 1138253
 1132335
 1125864
 1113925
 1105781
 1097448
 1087153
 1077762
 1068395
 1059209
 1051888
 1040913
 1033536
 1025379
 1017696
 1010086
  998050
  990074
  984084
  974411
  967191
  958561
  951281
  944475
  936252
  927903
  920571
  913277
  904972
  898387
  891007
  886616
  879956
  872842
  866142
  858894
  854918
  848534
  839913
  835078
  828250
  824081
  817587
  813339
  806032
  800593
  794536
  789452
  784698
  779114
  773523
  769245
  764397
  757986
  752500
  747320
  742877
  735561
  732144
  727197
  720735
  717550
  710421
  707442
  701850
  698621
  693241
  688931
  684060
  678595
  674341
  668780
  664097
  659193
  655675
  650116
  645876
  641148
  638614
  631992
  628296
  622567
  621153
  614974
  610346
  605965
  601613
  598622
  593809
  590339
  584268
  581052
  577960
  572983
  568441
  564451
  560889
  556800
  551179
  547628
  545575
  539620
  535500
  531871
  529164
  524800
  521466
  518757
  514620
  510957
  506383
  503505
  498552
  495748
  491743
  488810
  485784
  482692
  477847
  475362
  471070
  467762
  465108
  461298
  458314
  455980
  452082
  448722
  446732
  442419
  438084
  435499
  431475
  429801
  426853
  423409
  421247
  417091
  414450
  411600
  408515
  407216
  403491
  399671
  397128
  394238
  391366
  389204
  386513
  383044
  381829
  378497
  375691
  372079
  369994
  367052
  364151
  362150
  360078
  357013
  355293
  352458
  350084
  347639
  345500
  343112
  339579
  338739
  335397
  334001
  329348
  328829
  325727
  324282
  322144
  320400
  317108
  315570
  312889
  311255
  308216
  306975
  303955
  302211
  299979
  297776
  296183
  293830
  291906
  289756
  287450
  285939
  284516
  283128
  281353
  278265
  277001
  275218
  272854
  271742
  270401
  267362
  265803
  263725
  262779
  260528
  258998
  256200
  254526
  252496
  251315
  249839
  248485
  247074
  244634
  242733
  241893
  240099
  238384
  236886
  235189
  232073
  232799
  230955
  229365
  227579
  224724
  225020
  222731
  222490
  220089
  218514
  217638
  215843
  214008
  212453
  211387
  210221
  208398
  208002
  206163
  204596
  202908
  202526
  201380
  199764
  198642
  196694
  196033
  195208
  193010
  191450
  191601
  188974
  188459
  186823
  185690
  184814
  182793
  182174
  181498
  179782
  179268
  177519
  176147
  175874
  174787
  172919
  172054
  171624
  169650
  169754
  167162
  166785
  165356
  164631
  163562
  163079
  161721
  160558
  159817
  158585
  157893
  157078
  156164
  154287
  154861
  152884
  152190
  151142
  150850
  149445
  149521
  147085
  147171
  145704
  145055
  144240
  143295
  142326
  142115
  140192
  139530
  138445
  138172
  137558
  136883
  136163
  134599
  134676
  134005
  132782
  131841
  131687
  130252
  129715
  129374
  128223
  127045
  126722
  125950
  124906
  125018
  123521
  123116
  122488
  121282
  120735
  120526
  119826
  119312
  118453
  117115
  117139
  116965
  115650
  115030
  114530
  113955
  112710
  112278
  112151
  111531
  110713
  110228
  109270
  108199
  108134
  107278
  107046
  106185
  105581
  104986
  104544
  103747
  103647
  102906
  102380
  102093
  100972
  100803
   99873
   99736
   99116
   99117
   98197
   97398
   96750
   96674
   95578
   95280
   94941
   94866
   93454
   93438
   92439
   92846
   92459
   91774
   91158
   90585
   90418
   89551
   89698
   88751
   88997
   88104
   87887
   87150
   86273
   85998
   85404
   85357
   84641
   84361
   84205
   83953
   83115
   82508
   81972
   81777
   81106
   80543
   80535
   80824
   79847
   79298
   78459
   78926
   78437
   77952
   77592
   76886
   76311
   76566
   76007
   75981
   74632
   74365
   73889
   73645
   73392
   73231
   72614
   72461
   72162
   71655
   71503
   70980
   71143
   70277
   69637
   69512
   69210
   69005
   68541
   68207
   67706
   67817
   67027
   67140
   66764
   66322
   65707
   65494
   65326
   64502
   64880
   64665
   63771
   63175
   63666
   62737
   63029
   63071
   62094
   61798
   61803
   61379
   61207
   60823
   60515
   60033
   59617
   59824
   59210
   59465
   59141
   58627
   58317
   57873
   58171
   57790
   57013
   56614
   56563
   56198
   56054
   56669
   55132
   55802
   55468
   54677
   54310
   54683
   54073
   53947
   54047
   53263
   53133
   52793
   52674
   52347
   52102
   51891
   51625
   51723
   51320
   51388
   50643
   50412
   50084
   50012
   49960
   49930
   49665
   49236
   49307
   48785
   48707
   48295
   48338
   47796
   47308
   47213
   47115
   47208
   47051
   46683
   46778
   46317
   45885
   45612
   45946
   45519
   45360
   45045
   44799
   44594
   44695
   44247
   43937
   43704
   43723
   43466
   43039
   43035
   42863
   42565
   41981
   42199
   42218
   41693
   41728
   41172
   41363
   41168
   40628
   40295
   40080
   40355
   40049
   39849
   39805
   39610
   39153
   39115
   38817
   38834
   38560
   37944
   37980
   38108
   37898
   37644
   37201
   37227
   37055
   36744
   36502
   36865
   36779
   36112
   36470
   36001
   35883
   35607
   35560
   35251
   34966
   34811
   34539
   34450
   34459
   34235
   34054
   33969
   34124
   33401
   33153
   33398
   33214
   32894
   32655
   33025
   32837
   32621
   32207
   32291
   31933
   31762
   31934
   31322
   31076
   31345
   31328
   31041
   30834
   30920
   30859
   30503
   30411
   30164
   30108
   30047
   29732
   29591
   29493
   29645
   29264
   28978
   28847
   29095
   29092
   28735
   28821
   28396
   28369
   28216
   28137
   28103
   28037
   27908
   27742
   27517
   27563
   27445
   27167
   27151
   26979
   27061
   26913
   26793
   26509
   26368
   26240
   26224
   25897
   25915
   26095
   25871
   25697
   25689
   25656
   25313
   25192
   25231
   25095
   24972
   24702
   24790
   24565
   24395
   24519
   24390
   24269
   24071
   24315
   23769
   23951
   23510
   23968
   23676
   23381
   23622
   23534
   23413
   23028
   23144
   23142
   22792
   22863
   22640
   22824
   22305
   22558
   22176
   22278
   22242
   22536
   21815
   21866
   21874
   21552
   21549
   21561
   21670
   21867
   21273
   21221
   21142
   21271
   21143
   20951
   20996
   20867
   20889
   20526
   20709
   20496
   20691
   20307
   20180
   20347
   20296
   20026
   19983
   20136
   19985
   19980
   19769
   19685
   19679
   19801
   19343
   19271
   19474
   19054
   19479
   19045
   19030
   18801
   19171
   18940
   19130
   18989
   18827
   18631
   18563
   18372
   18687
   18346
   18297
   18442
   17980
   18223
   18059
   18015
   18093
   18033
   17883
   17916
   17999
   17913
   17502
   17281
   17506
   17446
   17353
   17330
   17260
   17176
   17390
   17129
   17096
   16912
   16883
   16944
   16752
   16769
   16774
   16774
   16726
   16574
   16401
   16490
   16387
   16345
   16118
   15938
   16154
   16083
   15992
   15952
   15964
   15763
   16018
   15489
   15757
   15777
   15658
   15633
   15442
   15473
   15499
   15286
   15317
   15397
   14988
   15168
   15030
   15123
   15218
   15047
   14910
   14998
   14797
   14528
   14508
   14521
   14418
   14437
   14352
   14310
   14417
   14373
   14551
   14085
   14080
   14023
   14040
   13773
   14013
   14035
   13987
   13728
   13742
   13614
   13528
   13695
   13307
   13581
   13290
   13476
   13363
   13332
   13159
   13070
   13157
   12858
   13081
   13030
   12623
   12761
   12791
   12920
   12883
   12411
   12561
   12379
   12545
   12424
   12364
   12311
   12403
   12338
   12174
   12043
   12012
   12007
   11946
   11869
   11885
   12028
   11821
   11714
   11764
   11754
   11731
   11590
   11544
   11525
   11638
   11574
   11455
   11518
   11351
   11353
   11267
   11264
   11093
   11025
   10943
   11127
   10966
   10975
   10928
   10750
   10923
   10839
   10779
   10714
   10624
   10707
   10700
   10678
   10498
   10586
   10468
   10362
   10445
   10359
   10318
   10268
   10461
   10228
   10202
   10067
   10096
   10063
   10015
   10014
   10090
    9993
    9926
    9944
    9933
    9697
    9755
    9822
    9648
    9746
    9613
    9871
    9841
    9535
    9497
    9361
    9499
    9549
    9474
    9478
    9197
    9293
    9325
    9228
    9241
    9233
    9253
    9156
    9071
    9234
    9144
    9135
    9165
    8914
    8971
    9014
    8973
    8936
    8858
    8780
    8897
    8709
    8527
    8710
    8546
    8628
    8569
    8692
    8583
    8514
    8336
    8530
    8669
    8451
    8561
    8547
    8496
    8398
    8313
    8164
    8320
    8095
    8228
    8126
    8269
    8018
    7964
    8075
    8139
    7981
    8015
    8052
    7897
    8024
    7779
    7760
    7823
    7746
    7797
    7676
    7747
    7703
    7476
    7700
    7781
    7600
    7711
    7382
    7649
    7588
    7542
    7516
    7399
    7296
    7365
    7348
    7172
    7337
    7223
    7277
    7247
    6951
    7227
    7143
    7114
    7116
    6884
    7102
    7005
    7068
    6970
    6885
    6821
    6908
    6765
    6772
    6810
    6840
    6792
    6804
    6849
    6644
    6645
    6585
    6745
    6773
    6669
    6752
    6681
    6622
    6419
    6589
    6470
    6617
    6536
    6435
    6428
    6449
    6402
    6325
    6171
    6107
    6354
    6301
    6400
    6198
    6245
    6259
    6053
    6238
    6128
    6212
    6185
    6072
    6084
    6002
    5936
    6071
    5934
    6064
    5954
    5962
    5792
    5969
    5983
    5887
    5885
    5918
    5729
    5795
    5864
    5864
    5631
    5700
    5668
    5678
    5583
    5621
    5716
    5616
    5694
    5579
    5679
    5511
    5577
    5545
    5482
    5484
    5533
    5518
    5504
    5442
    5463
    5450
    5464
    5340
    5287
    5297
    5240
    5459
    5315
    5249
    5286
    5335
    5247
    5181
    5141
    5140
    4981
    5139
    5051
    5232
    5106
    5124
    5082
    5088
    5088
    4972
    5002
    5073
    4963
    4983
    4927
    4994
    5031
    5025
    4682
    4834
    4762
    4847
    4861
    4800
    4802
    4790
    4715
    4877
    4759
    4830
    4700
    4749
    4666
    4825
    4682
    4518
    4590
    4707
    4578
    4744
    4545
    4622
    4539
    4653
    4592
    4534
    4470
    4503
    4535
    4538
    4417
    4444
    4419
    4444
    4524
    4474
    4355
    4298
    4398
    4304
    4397
    4225
    4426
    4236
    4286
    4197
    4274
    4378
    4245
    4225
    4242
    4250
    4186
    4100
    4181
    4097
    4083
    4085
    4072
    4237
    4100
    4143
    4201
    4006
    3970
    4032
    4086
    4022
    4061
    3982
    4008
    3916
    3937
    3965
    3883
    3905
    3979
    3930
    3942
    3780
    3909
    3980
    3789
    3909
    3848
    3886
    3892
    3885
    3716
    3713
    3752
    3726
    3688
    3777
    3759
    3774
    3861
    3596
    3676
    3806
    3803
    3739
    3622
    3694
    3610
    3552
    3592
    3621
    3599
    3634
    3554
    3537
    3549
    3533
    3412
    3579
    3464
    3657
    3486
    3536
    3408
    3453
    3417
    3404
    3515
    3441
    3383
    3358
    3496
    3378
    3383
    3387
    3306
    3263
    3345
    3367
    3372
    3369
    3247
    3319
    3267
    3275
    3239
    3336
    3290
    3246
    3258
    3299
    3319
    3124
    3216
    3220
    3125
    3205
    3163
    3221
    3042
    3188
    3112
    3164
    3134
    3102
    3127
    3020
    3176
    3158
    2957
    3134
    3013
    3025
    3016
    3055
    3081
    2959
    2955
    2996
    3044
    2925
    2960
    2998
    3043
    2910
    2916
    2864
    2941
    2913
    2864
    2873
    2810
    2858
    2921
    2773
    2885
    2813
    2880
    2827
    2669
    2779
    2835
    2843
    2811
    2761
    2742
    2807
    2803
    2760
    2752
    2751
    2736
    2781
    2737
    2751
    2685
    2691
    2704
    2658
    2638
    2721
    2574
    2530
    2642
    2648
    2754
    2520
    2570
    2660
    2600
    2612
    2585
    2625
    2578
    2503
    2541
    2592
    2532
    2545
    2624
    2553
    2524
    2431
    2401
    2571
    2480
    2474
    2417
    2506
    2418
    2454
    2418
    2420
    2466
    2494
    2448
    2337
    2374
    2491
    2381
    2449
    2314
    2414
    2305
    2394
    2404
    2347
    2337
    2326
    2370
    2399
    2302
    2318
    2287
    2343
    2321
    2275
    2226
    2253
    2255
    2322
    2347
    2246
    2334
    2210
    2248
    2245
    2252
    2286
    2218
    2254
    2252
    2207
    2239
    2217
    2170
    2161
    2140
    2130
    2114
    2144
    2212
    2202
    2144
    2173
    2140
    2034
    2075
    2081
    2138
    2111
    2071
    2080
    2100
    2043
    2089
    2148
    2041
    2080
    2114
    2113
    2048
    2078
    2134
    2043
    2055
    2043
    1953
    2065
    2036
    2050
    2014
    2012
    1904
    2052
    1981
    1995
    2001
    2040
    1911
    1989
    1952
    1986
    2032
    1947
    1950
    1921
    1956
    1963
    1901
    1927
    1905
    1873
    1931
    1881
    1898
    1922
    1869
    1935
    1850
    1836
    1869
    1839
    1900
    1862
    1874
    1846
    1858
    1845
    1824
    1805
    1828
    1825
    1814
    1841
    1864
    1783
    1852
    1789
    1812
    1790
    1739
    1822
    1819
    1894
    1837
    1772
    1778
    1742
    1745
    1755
    1717
    1756
    1759
    1854
    1721
    1666
    1759
    1759
    1708
    1691
    1719
    1733
    1720
    1726
    1712
    1624
    1693
    1675
    1653
    1600
    1689
    1638
    1705
    1653
    1546
    1666
    1689
    1726
    1618
    1591
    1646
    1627
    1633
    1658
    1578
    1556
    1593
    1549
    1625
    1629
    1615
    1617
    1540
    1525
    1562
    1571
    1460
    1605
    1536
    1591
    1583
    1522
    1551
    1639
    1568
    1557
    1578
    1496
    1472
    1564
    1493
    1471
    1493
    1556
    1582
    1469
    1496
    1535
    1444
    1474
    1472
    1458
    1416
    1473
    1417
    1446
    1438
    1459
    1443
    1468
    1487
    1470
    1440
    1408
    1441
    1442
    1409
    1389
    1436
    1409
    1379
    1383
    1403
    1433
    1375
    1357
    1376
    1342
    1320
    1302
    1420
    1348
    1370
    1353
    1273
    1390
    1320
    1382
    1368
    1335
    1291
    1301
    1370
    1390
    1322
    1320
    1322
    1302
    1284
    1241
    1230
    1303
    1325
    1310
    1279
    1260
    1223
    1175
    1293
    1251
    1213
    1206
    1247
    1286
    1199
    1237
    1233
    1220
    1261
    1254
    1215
    1163
    1197
    1224
    1232
    1199
    1209
    1196
    1176
    1224
    1162
    1166
    1238
    1252
    1207
    1187
    1202
    1212
    1137
    1147
    1049
    1202
    1175
    1176
    1218
    1140
    1152
    1169
    1138
    1155
    1175
    1217
    1141
    1146
    1107
    1154
    1142
    1150
    1107
    1141
    1116
    1151
    1101
    1103
    1114
    1097
    1063
    1134
    1057
    1044
    1075
    1155
    1057
    1093
    1048
    1027
    1047
    1061
    1097
    1114
    1074
    1066
    1073
    1037
    1080
    1122
     971
    1076
    1045
     998
    1060
    1021
    1010
    1047
     988
     988
    1041
     975
    1000
    1056
    1009
    1086
     995
    1025
    1012
     986
    1029
    1049
     980
    1001
     960
    1001
    1008
     962
     960
     930
     989
     947
    1008
     936
     968
     947
     983
     952
     940
     865
     960
     893
     945
     990
     984
     900
     972
     911
     903
     919
     915
     919
     923
     893
     921
     966
     915
     922
     939
     894
     945
     953
     901
     872
     921
     938
     895
     908
     922
     915
     909
     912
     894
     872
     841
     896
     866
     870
     858
     858
     891
     887
     840
     859
     862
     887
     871
     818
     851
     879
     823
     878
     878
     891
     826
     831
     833
     886
     835
     862
     806
     809
     856
     829
     838
     817
     837
     784
     848
     841
     819
     881
     820
     798
     779
     776
     858
     815
     822
     753
     772
     852
     752
     803
     781
     827
     755
     754
     762
     748
     731
     798
     793
     806
     759
     777
     762
     820
     744
     753
     759
     748
     752
     759
     736
     754
     728
     753
     759
     766
     679
     780
     708
     706
     708
     777
     749
     767
     709
     751
     697
     702
     733
     775
     702
     701
     721
     730
     721
     712
     723
     707
     688
     641
     733
     733
     690
     715
     704
     692
     671
     720
     662
     714
     676
     651
     665
     723
     697
     713
     646
     641
     667
     645
     685
     679
     663
     642
     666
     699
     653
     698
     668
     655
     632
     635
     678
     629
     619
     647
     702
     618
     595
     651
     661
     626
     674
     689
     598
     613
     691
     603
     634
     621
     644
     629
     599
     623
     597
     605
     669
     605
     621
     583
     562
     612
     570
     635
     595
     598
     584
     564
     576
     600
     573
     596
     595
     580
     555
     575
     593
     570
     605
     557
     569
     600
     551
     565
     572
     574
     571
     564
     539
     518
     567
     544
     543
     560
     558
     545
     540
     578
     567
     498
     552
     545
     576
     579
     543
     506
     545
     562
     539
     531
     516
     545
     560
     543
     510
     549
     525
     502
     511
     533
     563
     491
     517
     476
     529
     481
     533
     504
     493
     527
     527
     539
     460
     532
     473
     533
     507
     515
     498
     484
     514
     487
     506
     451
     486
     482
     486
     496
     477
     497
     481
     481
     518
     459
     473
     455
     477
     495
     450
     464
     480
     479
     436
     459
     464
     513
     472
     464
     417
     477
     469
     445
     487
     459
     452
     435
     467
     422
     428
     482
     473
     439
     456
     417
     410
     473
     424
     430
     457
     426
     408
     454
     445
     427
     428
     418
     412
     425
     432
     422
     414
     441
     427
     417
     446
     446
     411
     416
     434
     397
     433
     406
     427
     395
     407
     435
     368
     406
     408
     400
     389
     397
     413
     378
     416
     362
     379
     395
     352
     389
     379
     378
     350
     350
     391
     414
     404
     378
     378
     405
     407
     419
     353
     369
     372
     370
     380
     375
     411
     368
     379
     380
     359
     380
     353
     362
     358
     351
     352
     356
     365
     385
     378
     387
     348
     396
     366
     361
     376
     416
     348
     377
     364
     351
     323
     361
     363
     335
     331
     333
     380
     360
     319
     349
     345
     372
     351
     348
     334
     330
     319
     336
     327
     361
     347
     332
     347
     358
     358
     318
     312
     330
     362
     350
     346
     337
     317
     329
     315
     330
     323
     323
     325
     357
     311
     333
     338
     327
     315
     312
     320
     333
     308
     309
     348
     340
     346
     301
     297
     309
     321
     338
     336
     308
     304
     329
     327
     367
     323
     312
     312
     296
     321
     308
     317
     292
     309
     289
     300
     316
     337
     334
     328
     295
     292
     307
     300
     330
     337
     307
     308
     305
     292
     292
     313
     311
     279
     284
     315
     345
     291
     340
     284
     268
     313
     284
     329
     290
     303
     314
     297
     320
     314
     290
     301
     292
     304
     312
     266
     298
     343
     311
     312
     301
     296
     266
     329
     324
     303
     291
     300
     280
     312
     325
     291
     284
     320
     292
     316
     325
     337
     285
     293
     285
     293
     284
     294
     329
     319
     303
     288
     279
     315
     327
     298
     302
     276
     290
     268
     296
     324
     292
     301
     303
     321
     330
     264
     305
     289
     308
     329
     292
     300
     291
     301
     289
     319
     298
     298
     303
     310
     309
     325
     312
     337
     311
     318
     315
     308
     305
     333
     283
     298
     320
     309
     308
     293
     317
     322
     345
     288
     338
     305
     295
     289
     306
     337
     327
     288
     318
     351
     341
     362
     341
     316
     336
     332
     307
     348
     324
     291
     314
     333
     332
     314
     319
     323
     322
     330
     321
     324
     331
     318
     342
     315
     299
     323
     322
     335
     317
     303
     331
     325
     328
     374
     309
     327
     316
     324
     321
     327
     328
     309
     344
     319
     325
     274
     349
     356
     341
     359
     269
     316
     369
     338
     328
     323
     311
     291
     326
     307
     376
     319
     302
     335
     350
     310
     329
     390
     316
     306
     315
     304
     359
     320
     349
     339
     305
     324
     325
     315
     327
     303
     319
     295
     335
     310
     276
     293
     313
     327
     310
     326
     314
     287
     343
     305
     322
     319
     314
     283
     283
     338
     322
     278
     298
     327
     281
     286
     307
     290
     308
     305
     256
     305
     308
     289
     303
     298
     291
     271
     295
     311
     312
     312
     240
     290
     302
     285
     275
     325
     296
     280
     315
     293
     271
     286
     268
     257
     272
     249
     274
     261
     238
     293
     269
     250
     253
     299
     261
     284
     254
     284
     268
     268
     277
     253
     255
     271
     255
     247
     241
     261
     242
     233
     259
     226
     244
     217
     254
     223
     208
     225
     237
     212
     228
     230
     202
     247
     217
     217
     228
     216
     218
     227
     223
     193
     198
     221
     226
     225
     231
     197
     198
     221
     202
     181
     202
     196
     180
     200
     199
     192
     179
     185
     186
     188
     204
     176
     181
     174
     168
     178
     199
     192
     173
     152
     168
     180
     174
     152
     180
     157
     164
     157
     194
     172
     160
     166
     170
     153
     160
     156
     134
     150
     148
     179
     157
     166
     154
     158
     150
     125
     161
     165
     129
     142
     128
     132
     125
     150
     147
     144
     135
     133
     128
     147
     154
     115
     119
     117
     137
     116
     123
     114
     117
     112
     143
     101
     112
     128
     115
     118
     114
     113
     125
     117
     119
     112
     133
     115
     116
     107
     115
     129
     119
     119
     123
     132
      95
     116
      93
      97
      99
      97
      99
     103
     116
     124
     118
      97
     108
     108
      90
      99
      97
      96
      98
      95
      93
     111
      93
     113
     112
      87
     105
      97
     116
      80
      93
     105
     126
      89
     112
      95
      74
      78
     100
      87
      90
     108
      99
      87
      79
     119
     108
      88
      97
      82
      82
      84
      97
      98
      90
      79
      91
     101
     104
      93
     110
      87
      88
      98
      87
     100
      72
      86
      79
      75
      88
      79
      84
      90
      88
      79
      88
      70
      88
      79
      83
      89
      88
      76
      90
      87
      83
      93
      98
      86
      81
      97
      78
      79
      74
      64
      69
      74
      85
      86
      84
      66
      69
      90
      68
      75
      92
      74
      69
      80
      81
      86
      94
      81
      71
      73
      83
      98
      85
      69
      75
      81
      78
      69
      72
      52
      68
      76
      65
      71
      69
      82
      83
      63
      64
      71
      61
      67
      77
      60
      76
      91
      74
      73
      84
      77
      63
      72
      65
      75
      73
      63
      81
      67
      63
      58
      56
      56
      81
      60
      70
      74
      69
      59
      80
      77
      80
      63
      67
      75
      69
      64
      75
      65
      69
      63
      67
      67
      66
      68
      70
      71
      71
      66
      69
      56
      71
      50
      63
      63
      64
      70
      74
      73
      64
      58
      69
      86
      62
      76
      70
      66
      55
      62
      63
      64
      61
      62
      67
      70
      49
      72
      71
      72
      69
      69
      63
      67
      62
      68
      62
      75
      67
      80
      53
      62
      62
      55
      52
      58
      57
      59
      79
      63
      68
      60
      65
      57
      69
      65
      64
      60
      74
      59
      59
      60
      49
      68
      58
      72
      60
      66
      67
      64
      68
      47
      65
      52
      66
      81
      62
      68
      49
      55
      51
      62
      64
      71
      78
      60
      42
      71
      48
      64
      64
      63
      71
      68
      49
      65
      66
      74
      72
      57
      56
      63
      50
      57
      56
      68
      60
      62
      60
      66
      45
      62
      55
      70
      60
      56
      65
      53
      60
      49
      59
      46
      66
      47
      59
      53
      68
      58
      66
      49
      57
      64
      65
      67
      52
      60
      61
      43
      54
      42
      64
      54
      54
      46
      48
      50
      65
      60
      55
      54
      56
      50
      56
      48
      58
      59
      53
      50
      56
      63
      48
      49
      64
      49
      58
      48
      38
      57
      55
      45
      55
      42
      64
      57
      57
      60
      44
      57
      43
      45
      61
      52
      38
      54
      60
      60
      48
      52
      57
      44
      60
      41
      59
      56
      62
      56
      42
      54
      63
      68
      44
      63
      63
      46
      65
      53
      60
      41
      48
      56
      40
      47
      38
      55
      50
      54
      55
      42
      49
      49
      58
      53
      38
      49
      53
      59
      51
      45
      56
      46
      51
      47
      46
      51
      53
      44
      54
      55
      53
      53
      53
      38
      53
      44
      51
      45
      50
      48
      44
      47
      49
      44
      38
      46
      47
      50
      52
      40
      48
      32
      44
      41
      37
      46
      45
      47
      45
      53
      47
      40
      35
      55
      52
      38
      36
      54
      41
      39
      41
      42
      44
      36
      47
      46
      41
      49
      35
      41
      43
      42
      35
      39
      46
      41
      42
      40
      44
      50
      39
      41
      44
      41
      46
      45
      47
      38
      35
      36
      39
      39
      34
      42
      39
      37
      40
      50
      29
      52
      31
      36
      26
      30
      47
      39
      44
      33
      36
      39
      39
      31
      36
      39
      36
      42
      28
      35
      30
      44
      37
      42
      40
      44
      25
      32
      33
      36
      35
      32
      36
      45
      34
      32
      34
      34
      43
      40
      34
      27
      31
      42
      25
      32
      27
      36
      38
      32
      43
      46
      34
      31
      34
      37
      36
      40
      36
      30
      29
      26
      43
      29
      30
      36
      39
      30
      30
      34
      31
      29
      27
      37
      32
      27
      39
      33
      28
      40
      34
      27
      39
      43
      34
      31
      40
      25
      35
      33
      37
      34
      39
      34
      34
      32
      35
      32
      38
      26
      39
      36
      29
      31
      33
      30
      29
      37
      31
      24
      34
      25
      36
      30
      33
      29
      34
      29
      26
      45
      31
      27
      25
      27
      25
      30
      24
      33
      35
      30
      37
      33
      32
      27
      27
      25
      31
      33
      27
      29
      30
      30
      36
      34
      27
      30
      34
      29
      22
      33
      33
      39
      22
      28
      30
      27
      38
      30
      31
      17
      32
      26
      17
      32
      30
      28
      22
      27
      23
      20
      29
      25
      35
      25
      37
      26
      27
      31
      22
      26
      25
      35
      20
      33
      29
      31
      33
      23
      29
      40
      31
      31
      30
      39
      31
      31
      22
      33
      31
      27
      33
      33
      33
      32
      28
      24
      28
      23
      38
      28
      41
      35
      31
      28
      28
      24
      25
      34
      23
      31
      22
      31
      25
      26
      29
      21
      35
      31
      25
      30
      27
      24
      30
      36
      31
      31
      24
      32
      28
      20
      26
      26
      34
      32
      30
      33
      32
      39
      21
      33
      25
      20
      24
      15
      26
      31
      29
      35
      25
      29
      33
      24
      40
      25
      27
      23
      30
      25
      40
      30
      34
      39
      22
      30
      23
      24
      28
      29
      31
      20
      24
      39
      35
      27
      26
      25
      22
      31
      34
      39
      26
      30
      25
      21
      27
      28
      27
      34
      21
      28
      26
      33
      31
      29
      23
      33
      27
      19
      33
      26
      27
      23
      38
      32
      25
      24
      41
      27
      30
      27
      23
      29
      26
      35
      30
      26
      32
      19
      24
      29
      32
      28
      33
      27
      25
      25
      31
      31
      26
      21
      27
      30
      22
      36
      24
      22
      25
      28
      35
      33
      33
      37
      26
      25
      36
      33
      23
      33
      31
      23
      30
      38
      29
      39
      18
      32
      32
      24
      28
      27
      17
      27
      31
      26
      26
      41
      26
      30
      25
      24
      32
      21
      29
      30
      40
      27
      36
      27
      39
      34
      23
      30
      27
      32
      21
      23
      25
      30
      35
      30
      30
      37
      33
      24
      24
      34
      36
      23
      41
      34
      38
      27
      26
      26
      35
      24
      36
      25
      34
      32
      31
      25
      34
      28
      32
      26
      29
      33
      35
      26
      34
      33
      25
      24
      29
      32
      32
      25
      23
      31
      33
      29
      24
      46
      26
      23
      31
      27
      34
      25
      26
      38
      30
      26
      34
      34
      35
      18
      34
      28
      23
      26
      28
      25
      26
      38
      29
      35
      21
      31
      32
      35
      30
      29
      28
      46
      29
      20
      32
      17
      24
      32
      27
      20
      36
      41
      32
      30
      27
      31
      34
      30
      33
      30
      29
      33
      26
      35
      23
      23
      26
      28
      18
      25
      23
      23
      32
      27
      27
      30
      25
      33
      26
      30
      34
      27
      24
      29
      25
      26
      21
      26
      22
      32
      29
      25
      22
      26
      32
      40
      30
      26
      18
      23
      22
      39
      30
      26
      26
      34
      35
      29
      26
      22
      34
      27
      25
      26
      30
      31
      34
      27
      29
      24
      25
      27
      18
      21
      26
      36
      27
      25
      35
      33
      26
      32
      24
      25
      29
      31
      29
      29
      25
      22
      32
      22
      33
      22
      30
      28
      24
      29
      17
      30
      19
      27
      20
      32
      27
      37
      24
      24
      25
      22
      19
      22
      23
      28
      22
      29
      31
      18
      38
      27
      29
      20
      27
      16
      24
      32
      22
      31
      24
      26
      26
      26
      24
      25
      27
      28
      29
      27
      37
      20
      33
      28
      14
      28
      24
      17
      30
      23
      24
      30
      25
      14
      30
      35
      21
      22
      32
      16
      27
      29
      27
      27
      29
      24
      27
      27
      22
      30
      22
      25
      21
      21
      21
      22
      27
      23
      23
      33
      31
      15
      23
      26
      28
      24
      17
      23
      26
      25
      28
      28
      19
      29
      27
      21
      21
      24
      29
      38
      30
      23
      23
      15
      33
      18
      25
      19
      14
      16
      21
      21
      31
      14
      20
      17
      22
      21
      20
      18
      23
      11
      22
      26
      24
      30
      23
      20
      17
      30
      17
      22
      24
      24
      21
      16
      24
      16
      25
      21
      30
      20
      22
      23
      26
      25
      19
      24
      25
      19
      25
      22
      31
      23
      17
      27
      21
      29
      22
      19
      23
      20
      12
      16
      26
      17
      22
      15
      13
      26
      22
      23
      25
      20
      18
      22
      18
      17
      22
      19
      20
      17
      26
      20
      23
      20
      25
      23
      16
      16
      18
      29
      19
      26
      17
      25
      25
      24
      19
      22
      15
      22
      20
      26
      19
      20
      20
      22
      29
      16
      24
      20
      23
      27
      18
      15
      13
      36
      21
      19
      21
      22
      18
      23
      12
      10
      18
      29
      18
      18
      18
      16
      29
      16
      18
      18
      18
      22
      13
      14
      24
      11
      16
      13
      17
      13
      24
      18
      16
      18
      21
      17
      14
      18
      17
      16
      18
      27
      23
      11
      12
      19
      15
      14
      27
      23
      17
      16
      18
      20
      18
      22
      19
      15
      18
      17
      19
      17
      19
      24
      12
      24
      20
      19
      13
      21
      17
      19
      15
      15
      16
      20
      13
      12
      13
      14
      16
      13
      14
      12
      11
      11
      11
      19
      12
      17
      13
      21
      12
      16
      21
      14
      20
      15
      11
      15
      24
      15
      12
      14
      22
      17
      16
      15
      25
      13
      17
      12
      18
      17
      18
      18
      14
      19
      21
      11
      15
      15
      13
      18
      19
      17
      18
      17
      19
      12
      17
      16
      11
      12
      13
      19
      11
      12
      16
      12
      18
      13
      22
      13
      13
      22
      11
      18
      19
      11
      19
      14
      20
      15
       9
      28
      16
      14
      11
      12
      20
      10
      15
      10
      12
      13
      16
      13
      13
      12
      15
      13
      13
      15
      16
      12
      15
       9
      15
      16
      10
      17
      16
      18
      19
      16
      16
      10
      17
      12
      15
      10
      15
      14
      15
      21
       8
      13
      16
       8
      13
      19
      12
      15
      15
      10
      15
       9
      15
      15
      11
      16
      13
      14
      20
      16
      16
      16
      15
      13
      18
      12
      18
      16
      15
      13
      21
      12
      14
      16
       9
      14
      12
      16
      16
      16
      21
      18
      15
      18
      13
      16
      16
      14
      13
      16
      13
      14
      12
      16
      12
      12
      15
      18
      16
      12
      13
      17
       8
      17
       8
      16
      19
      14
      11
      20
      13
       9
      23
      11
      21
      13
      12
      16
      15
      15
      13
      12
      12
      13
      13
      15
      18
      12
      23
      16
      12
       9
      17
      12
      16
      14
      12
      11
      15
      25
      14
      12
      13
      18
      15
      15
      21
      25
      24
      17
      15
      17
      18
      15
      22
      15
      16
      22
      15
      18
      18
      16
      15
      20
      11
      12
       9
      11
      13
      10
      20
      10
      16
      21
      16
      14
      20
      16
      16
      16
      14
      28
      18
      14
      15
      13
      14
      18
      20
      24
      11
      13
      16
      16
      12
      23
       8
      17
      15
      25
      11
      10
      16
      13
      16
      17
      17
      16
      13
      17
      14
      17
       9
      19
      18
      14
      17
      19
      19
      13
      13
      11
      18
      21
      19
      12
      18
      16
      20
      14
      25
      19
      24
      16
      14
      16
      20
      25
      23
      19
      22
      17
      19
      19
      17
      15
      23
      18
      27
      15
      17
      24
      17
      19
      14
      19
      12
      12
      13
      14
      20
      28
      16
      12
      14
      16
      23
      20
      19
      18
      19
      22
      15
      15
      21
      18
      18
      19
      20
      15
      16
      25
      25
      15
      19
      16
      17
      21
      30
      15
      22
      18
      21
      26
      16
       9
      19
      16
      25
      31
      21
      21
      25
      25
      20
      20
       8
      17
      21
      22
      24
      20
      12
      16
      17
      13
      18
      18
      14
      11
      20
      19
      19
      17
      17
      18
      14
      18
      29
      21
      21
      14
      17
      23
      13
      16
      20
      24
      12
      25
      18
      18
      23
      21
      16
      16
      22
      16
      21
      25
      21
      13
      16
      22
      18
      27
      28
      18
      23
      13
      17
      22
      15
      16
      22
      20
      22
      25
      17
      23
      20
      13
      28
      24
      23
      16
      15
      23
      15
      16
      19
      22
      15
      22
      20
      27
      20
      22
      20
      24
      19
      23
      12
      22
      18
      18
      20
      18
      14
      19
      27
      22
      14
      25
      24
      25
      18
      12
      20
      21
      20
      15
      21
      21
      20
      28
      16
      19
      17
      20
      24
      23
      28
      24
      17
      16
      16
      18
      18
      16
      19
      15
      17
      19
      29
      18
      15
      19
      17
      14
      26
      22
      26
      13
      20
      19
      18
      12
      23
      18
      17
      13
      16
       8
      14
      23
      17
      17
      16
      12
      22
      11
      14
      17
      16
      12
      18
      16
      22
      27
      20
      19
      19
      12
      15
       8
      11
      12
      22
      21
      18
      21
      16
      15
      17
      19
      13
      18
      14
      18
      13
      15
      16
      18
      19
      17
      12
      21
      12
      11
      17
      12
      19
      17
      23
      18
      14
      16
      11
      12
      14
      15
      19
      17
      17
      13
      12
      14
       7
      17
      13
       9
      11
      15
      10
       9
      15
       8
      17
      16
      14
      11
      13
      10
      17
       9
      12
      16
      18
      14
       6
      12
      12
      12
       8
       9
       6
      10
       7
       9
       9
       8
       9
      19
       9
      12
      12
       7
      10
       9
      11
       9
      15
      11
      10
      13
      15
      12
      12
       7
       6
       5
      13
      10
      12
      17
      11
      16
      11
      10
       7
      16
       6
       8
       6
       6
      10
      10
      10
       6
       5
       5
      18
       8
      11
      10
       7
      13
      12
      11
       5
       6
      11
      11
       8
      11
       8
       6
       6
       7
      10
      10
       5
       8
       9
      10
       8
       5
       8
      11
       7
       5
       9
       4
       4
       5
       3
       8
       6
       4
       4
       6
       8
       7
       7
       6
      10
       7
       8
       4
      11
      12
       6
       9
       5
      11
       7
      11
       6
       9
       6
       4
       7
       6
       3
       4
       8
       7
       5
       3
      13
       3
       3
       5
       5
      11
       5
       2
       7
       9
       6
       1
       3
       3
       7
       6
       1
       1
       9
       4
       8
       2
       7
       1
       8
       3
       1
       6
       1
       4
       5
       4
       4
       2
       1
       7
       1
       6
       6
       5
      11
       4
       7
       6
       4
       4
       2
       4
       4
       3
       4
       4
       5
       5
       1
       4
       1
      10
       6
       3
       6
      10
       3
       3
       3
       4
       6
       3
       4
       4
       3
       2
       6
       4
       7
       3
       3
       6
       4
       5
       2
       2
       4
       1
       7
       3
       3
       3
      11
       4
       2
       3
       7
       3
       1
       1
       2
       5
       1
       2
       3
       0
       5
       2
       3
       2
       4
       6
       6
       3
       6
       3
       4
       3
       6
       1
       3
       2
       6
       0
       1
       5
       1
       3
       1
       4
       4
       6
       2
       1
       4
       4
       4
       3
       5
       4
       1
       3
       3
       3
       3
       2
       4
       4
       4
       5
       3
       4
       3
       5
       4
       4
       6
       3
       5
       5
       2
       2
       5
       4
       2
       2
       4
       2
       2
       3
       1
       3
       3
       2
       2
       1
       5
       5
       3
       6
       3
       2
       7
       6
       4
       6
       3
       3
       4
       1
       4
       2
       3
       5
       3
       1
       1
       4
       1
       2
       4
       4
       3
       2
       6
       4
       3
       1
       4
       3
       2
       2
       4
       3
       6
       1
       2
       5
       7
       2
       2
       3
       0
       2
       2
       2
       3
       1
       4
       4
       6
       6
       7
       2
       1
       7
       7
       2
       2
       1
       3
       5
       5
       2
       3
       5
       6
       1
       2
       2
       1
       1
       2
       1
       3
       6
       3
       4
       7
       3
       4
       3
       4
       3
       2
       9
       5
       0
       3
       1
       7
       4
       3
       4
       1
       4
       4
       4
       0
       6
       3
       0
       3
       6
       5
       1
       4
       2
       5
       3
       3
       7
       1
       3
       1
       7
       2
       1
       2
       5
       3
       3
       5
       3
       3
       3
       3
       0
       2
       4
       1
       2
       5
       3
       5
       3
       5
       3
       5
       3
       4
       6
       3
       5
       3
       3
       2
       5
       2
       2
       3
       7
       5
       4
       5
       2
       2
      10
       2
       3
       3
       1
       1
       6
       8
       3
       3
       5
       4
       3
       4
       9
       4
       4
       1
       0
       2
       2
       4
       3
       2
       7
       2
       3
       4
       2
       5
       3
       3
       1
       5
       5
       2
       0
       5
       1
       3
       2
       6
       3
       4
       4
       1
       2
       1
       4
       2
       1
       3
       5
       4
       5
       3
       3
       1
       5
       3
       6
       2
       1
       2
       3
       2
       3
       4
       4
       1
       0
       5
       4
       4
       3
       2
       2
       0
       6
       2
       4
       1
       1
       4
       7
       4
       1
       1
       5
       2
       2
       5
       5
       3
       1
       3
       2
       6
       2
       3
       3
       4
       2
       3
       4
       3
       5
       3
       3
       5
       2
       4
       3
       3
       2
       6
       3
       6
       0
       3
       5
       3
       6
       4
       1
       5
       1
       4
       3
       3
       1
       3
       2
       6
       9
       2
       0
       4
       2
       1
       2
       3
       2
       3
       3
       4
       3
       6
       1
       7
       2
       2
       0
       3
       6
       4
       4
       3
       5
       1
       3
       1
       2
       3
       2
       0
       3
       3
       9
       6
       0
       6
       3
       5
       1
       3
       2
       3
       4
       6
       2
       6
       3
       2
       4
       4
       7
       2
       2
       4
       3
       3
       3
       3
       1
       2
       1
       3
       7
       3
       3
       5
       1
       1
       2
       2
       5
       1
       3
       1
       8
       2
       4
       2
       4
       3
       2
       3
       1
       0
       2
       6
       2
       5
       4
       2
       0
       5
       4
       2
       3
       2
       1
       3
       2
       1
       1
       2
       3
       5
       2
       2
       3
       1
       3
       2
       1
       3
       7
       3
       2
       5
       3
       3
       2
       6
       4
       2
       1
       3
       4
       3
       3
       7
       1
       2
       4
       4
       1
       6
       3
       1
       3
       3
       1
       2
       3
       3
       1
       2
       3
       3
       3
       1
       2
       0
       4
       3
       5
       4
       1
       4
       2
       0
       3
       1
       6
       5
       3
       4
       3
       1
       1
       2
       3
       6
       4
       2
       1
       2
       2
       3
       2
       2
       2
       1
       4
       5
       3
       2
       2
       8
       1
       1
       2
       1
       2
       5
       5
       3
       7
       3
       1
       3
       2
       1
       2
       1
       3
       5
       6
       6
       1
       4
       2
       5
       1
       5
       1
       2
       2
       3
       1
       3
       3
       2
       4
       3
       1
       2
       3
       1
       4
       4
       4
       1
       0
       4
       2
       2
       0
       3
       3
       2
       3
       5
       5
       1
       4
       0
       5
       5
       5
       2
       1
       2
       3
       1
       3
       5
       3
       3
       1
       1
       2
       0
       2
       4
       3
       3
       4
       2
       3
       5
       4
       3
       3
       3
       7
       1
       0
       4
       8
       2
       2
       2
       2
       6
       5
       5
       5
       0
       1
       1
       2
       2
       1
       1
       0
       1
       1
       6
       2
       2
       2
       7
       4
       2
       2
       1
       1
       1
       5
       4
       2
       2
       1
       2
       3
       2
       4
       4
       3
       4
       1
       2
       4
       2
       5
       2
       2
       4
       4
       2
       4
       1
       0
       1
       4
       2
       2
       1
       3
       4
       2
       2
       4
       3
       0
       2
       0
       1
       2
       2
       4
       2
       2
       6
       4
       7
       1
       2
       2
       3
       0
       4
       4
       4
       5
       3
       4
       2
       4
       2
       2
       2
       4
       2
       4
       2
       1
       5
       4
       1
       2
       9
       4
       2
       3
       1
       3
       3
       5
       4
       0
       1
       3
       4
       3
       0
       5
       1
       4
       5
       2
       0
       3
       1
       1
       3
       1
       1
       0
       3
       4
       2
       1
       1
       3
       3
       4
       4
       2
       5
       1
       4
       2
       2
       2
       3
       3
       3
       3
       4
       4
       5
       2
       5
       1
       2
       3
       4
       1
       2
       3
       3
       1
       5
       2
       3
       2
       5
       4
       3
       2
       2
       2
       4
       3
       2
       3
       3
       1
       1
       2
       1
       3
       6
       3
       2
       2
       2
       3
       2
       3
       3
       3
       4
       3
       3
       2
       2
       4
       2
       2
       0
       1
       2
       2
       3
       2
       6
       2
       1
       0
       4
       4
       2
       4
       2
       2
       3
       3
       2
       3
       1
       1
       3
       3
       2
       4
       0
       2
       1
       1
       3
       0
       3
       2
       1
       3
       4
       3
       3
       2
       7
       2
       4
       2
       6
       2
       3
       2
       1
       2
       2
       1
       1
       4
       2
       4
       2
       1
       1
       1
       3
       2
       1
       4
       1
       2
       4
       2
       3
       4
       4
       1
       0
       2
       3
       1
       0
       7
       2
       2
       2
       1
       2
       1
       0
       3
       1
       2
       0
       4
       3
       4
       3
       3
       4
       1
       1
       3
       3
       5
       2
       3
       0
       3
       2
       2
       1
       3
       2
       5
       2
       2
       1
       3
       2
       5
       1
       0
       2
       2
       2
       3
       4
       4
       6
       1
       0
       4
       1
       0
       1
       2
       3
       1
       1
       2
       1
       1
       4
       4
       1
       3
       2
       4
       2
       2
       2
       1
       4
       2
       4
       0
       2
       2
       2
       0
       3
       2
       2
       2
       0
       2
       1
       3
       2
       4
       2
       3
       1
       4
       6
       1
       2
       2
       2
       5
       2
       1
       2
       4
       3
       0
       2
       3
       3
       2
       1
       2
       1
       2
       3
       5
       4
       2
       1
       3
       1
       3
       3
       1
       2
       5
       3
       4
       1
       2
       7
       0
       3
       0
       3
       2
       1
       4
       3
       1
       4
       1
       3
       2
       2
       2
       0
       7
       1
       1
       1
       3
       4
       4
       1
       1
       1
       2
       1
       2
       2
       0
       5
       1
       5
       3
       4
       2
       4
       0
       3
       0
       3
       1
       1
       2
       2
       1
       2
       6
       8
       1
       2
       3
       2
       5
       0
       0
       1
       4
       1
       1
       1
       4
       1
       3
       2
       1
       4
       0
       4
       3
       1
       2
       1
       4
       5
       1
       2
       2
       2
       1
       3
       0
       4
       3
       6
       2
       1
       4
       4
       3
       4
       2
       1
       5
       1
       2
       3
       3
       1
       4
       6
       1
       3
       3
       2
       3
       3
       2
       2
       1
       2
       2
       1
       3
       2
       3
       2
       0
       3
       3
       1
       5
       1
       2
       2
       3
       2
       6
       3
       2
       2
       2
       0
       4
       3
       2
       2
       3
       0
       2
       1
       1
       8
       5
       2
       2
       1
       3
       1
       2
       0
       3
       1
       1
       3
       3
       2
       2
       1
       2
       3
       1
       2
       3
       2
       2
       3
       0
       1
       4
       6
       0
       4
       4
       3
       2
       1
       2
       3
       2
       0
       4
       4
       5
       1
       2
       3
       0
       5
       2
       2
       1
       1
       2
       2
       4
       2
       0
       4
       3
       4
       1
       0
       2
       2
       2
       3
       1
       1
       2
       2
       1
       3
       0
       2
       1
       2
       2
       8
       3
       4
       1
       2
       0
       2
       2
       2
       1
       1
       1
       4
       1
       1
       1
       3
       2
       3
       2
       0
       0
       3
       3
       1
       1
       3
       4
       1
       1
       1
       3
       3
       4
       0
       6
       3
       6
       4
       5
       1
       3
       1
       3
       4
       1
       3
       5
       2
       1
       2
       2
       3
       4
       4
       1
       1
       0
       0
       1
       0
       1
       0
       1
       2
       1
       1
       1
       4
       3
       2
       6
       1
       3
       4
       1
       2
       3
       2
       2
       3
       1
       2
       1
       2
       0
       1
       0
       1
       2
       5
       2
       3
       2
       2
       0
       4
       1
       0
       2
       3
       2
       3
       2
       1
       5
       3
       1
       2
       4
       3
       2
       1
       5
       2
       4
       6
       2
       2
       4
       0
       2
       3
       5
       0
       2
       3
       4
       4
       0
       2
       4
       3
       3
       0
       2
       0
       2
       2
       1
       3
       3
       0
       4
       0
       3
       5
       2
       0
       3
       1
       4
       2
       3
       1
       1
       1
       4
       3
       3
       4
       5
       5
       2
       4
       3
       1
       5
       3
       1
       0
       0
       4
       1
       3
       6
       1
       4
       0
       4
       3
       2
       3
       5
       3
       3
       5
       3
       2
       1
       2
       1
       1
       4
       0
       1
       0
       0
       2
       2
       2
       2
       1
       1
       3
       3
       1
       3
       1
       2
       3
       3
       3
       3
       3
       1
       1
       3
       0
       2
       5
       3
       6
       2
       3
       1
       5
       3
       5
       1
       4
       3
       2
       1
       0
       3
       2
       3
       4
       3
       3
       3
       6
       2
       0
       1
       0
       2
       1
       2
       1
       1
       3
       0
       1
       4
       2
       0
       0
       1
       2
       0
       0
       2
       2
       0
       3
       1
       0
       2
       3
       3
       4
       1
       1
       2
       2
       2
       3
       1
       6
       3
       2
       6
       3
       2
       1
       1
       1
       3
       4
       1
       2
       1
       0
       2
       0
       4
       2
       1
       2
       0
       1
       3
       1
       5
       7
       4
       2
       0
       5
       1
       2
       2
       6
       5
       4
       0
       3
       2
       2
       2
       2
       2
       3
       2
       5
       1
       2
       5
       0
       3
       1
       1
       1
       3
       1
       0
       1
       0
       1
       1
       2
       4
       0
       1
       1
       4
       3
       3
       0
       4
       3
       5
       2
       0
       2
       2
       2
       2
       2
       3
       2
       5
       3
       3
       2
       5
       3
       4
       0
       4
       7
       4
       5
       0
       0
       2
       1
       3
       3
       2
       4
       4
       3
       2
       3
       1
       0
       4
       3
       2
       2
       4
       2
       2
       3
       0
       2
       1
       3
       3
       3
       2
       4
       1
       3
       3
       2
       7
       2
       3
       1
       2
       2
       2
       4
       1
       3
       0
       1
       3
       3
       2
       4
       1
       3
       2
       5
       4
       1
       1
       1
       0
       2
       4
       0
       4
       0
       2
       1
       3
       0
       1
       2
       1
       1
       0
       2
       0
       1
       2
       1
       1
       2
       2
       3
       3
       1
       2
       3
       3
       4
       4
       2
       1
       1
       4
       6
       1
       1
       3
       4
       0
       3
       3
       4
       5
       2
       3
       2
       2
       4
       3
       4
       3
       3
       2
       0
       2
       0
       4
       2
       4
       3
       2
       1
       1
       3
       2
       4
       2
       3
       2
       3
       1
       3
       1
       1
       3
       4
       4
       1
       2
       4
       3
       2
       1
       0
       5
       2
       0
       1
       0
       2
       2
       0
       2
       2
       1
       0
       3
       2
       2
       1
       4
       2
       2
       2
       0
       1
       1
       3
       0
       4
       1
       1
       3
       2
       1
       2
       2
       2
       3
       3
       3
       2
       4
       0
       1
       1
       1
       2
       1
       1
       4
       1
       4
       0
       3
       2
       3
       3
       1
       4
       4
       3
       1
       1
       2
       1
       3
       1
       2
       6
       5
       3
       1
       0
       1
       3
       4
       6
       3
       0
       2
       1
       0
       0
       3
       1
       2
       4
       3
       2
       7
       2
       7
       4
       1
       2
       1
       2
       1
       2
       4
       1
       4
       2
       1
       1
       2
       1
       1
       2
       6
       7
       2
       0
       2
       3
       2
       3
       1
       5
       4
       4
       2
       4
       4
       3
       3
       5
       2
       2
       1
       3
       4
       3
       1
       1
       2
       0
       1
       1
       4
       2
       1
       3
       2
       0
       0
       3
       4
       1
       0
       1
       5
       5
       0
       2
       1
       3
       0
       2
       3
       3
       2
       5
       1
       3
       0
       2
       3
       1
       0
       2
       3
       2
       0
       4
       2
       0
       4
       1
       1
       3
       1
       4
       2
       4
       8
       2
       3
       2
       1
       1
       1
       1
       2
       2
       0
       0
       4
       0
       2
       1
       1
       2
       2
       0
       1
       4
       0
       0
       1
       6
       2
       4
       3
       1
       4
       3
       0
       3
       3
       3
       2
       0
       2
       3
       0
       2
       1
       2
       0
       1
       0
       3
       1
       1
       0
       1
       5
       7
       2
       4
       2
       3
       2
       9
       0
       1
       3
       5
       5
       3
       1
       3
       2
       2
       1
       4
       0
       0
       3
       4
       2
       2
       2
       3
       0
       1
       3
       1
       3
       1
       1
       1
       2
       1
       3
       2
       1
       2
       2
       1
       2
       4
       2
       3
       3
       2
       0
       0
       1
       3
       2
       3
       0
       2
       2
       1
       2
       1
       2
       3
       3
       2
       3
       1
       1
       1
       1
       1
       1
       2
       2
       2
       2
       2
       2
       0
       4
       2
       3
       4
       4
       1
       1
       2
       3
       1
       4
       4
       5
       2
       1
       1
       0
       0
       0
       3
       0
       4
       3
       1
       0
       0
       4
       2
       0
       1
       4
       1
       2
       2
       1
       3
       3
       2
       9
       0
       2
       2
       4
       2
       5
       2
       5
       1
       1
       4
       2
       0
       1
       5
       0
       4
       4
       2
       3
       1
       3
       2
       2
       4
       2
       4
       3
       0
       2
       5
       0
       3
       2
       2
       3
       3
       1
       6
       1
       1
       5
       3
       0
       2
       4
       2
       1
       1
       4
       4
       1
       3
       2
       4
       0
       2
       2
       3
       1
       1
       1
       3
       1
       1
       6
       1
       5
       2
       3
       1
       5
       1
       4
       2
       1
       4
       1
       2
       3
       3
       0
       5
       3
       3
       4
       2
       0
       1
       3
       2
       2
       1
       4
       6
       5
       1
       3
       2
       4
       2
       2
       2
       4
       1
       2
       1
       1
       3
       3
       3
       2
       1
       3
       2
       1
       6
       1
       1
       1
       1
       0
       1
       3
       4
       0
       2
       1
       0
       1
       3
       3
       0
       3
       0
       3
       4
       3
       2
       0
       0
       3
       4
       1
       1
       1
       1
       4
       6
       1
       0
       2
       1
       3
       4
       3
       5
       1
       2
       2
       1
       2
       2
       2
       1
       3
       1
       1
       3
       4
       2
       0
       3
       4
       3
       1
       3
       2
       0
       3
       1
       2
       4
       1
       2
       2
       2
       2
       0
       1
       1
       3
       2
       1
       0
       3
       2
       1
       3
       2
       4
       1
       2
       3
       0
       2
       2
       2
       4
       2
       2
       2
       0
       2
       2
       2
       0
       1
       1
       3
       3
       1
       3
       3
       3
       1
       3
       0
       1
       0
       2
       4
       2
       4
       2
       2
       3
       0
       3
       4
       0
       1
       2
       2
       5
       1
       2
       1
       1
       2
       3
       2
       1
       2
       1
       1
       2
       1
       4
       2
       0
       1
       3
       0
       2
       0
       2
       1
       1
       3
       2
       5
       4
       2
       0
       3
       1
       2
       0
       0
       1
       1
       2
       1
       0
       3
       2
       0
       4
       4
       2
       0
       2
       3
       2
       4
       3
       1
       2
       2
       4
       1
       3
       0
       1
       4
       3
       1
       1
       3
       3
       1
       1
       0
       5
       1
       3
       0
       2
       0
       2
       1
       0
       3
       0
       1
       0
       5
       5
       6
       1
       1
       2
       4
       2
       2
       0
       1
       3
       2
       3
       2
       2
       6
       1
       1
       2
       2
       3
       2
       3
       1
       0
       2
       1
       0
       0
       1
       1
       3
       2
       3
       1
       3
       3
       3
       1
       2
       1
       5
       1
       1
       2
       4
       2
       5
       1
       1
       3
       6
       1
       2
       3
       1
       3
       1
       2
       0
       2
       2
       2
       5
       2
       3
       3
       2
       3
       3
       1
       0
       0
       2
       1
       3
       1
       2
       1
       4
       3
       3
       4
       1
       2
       2
       0
       1
       1
       2
       1
       0
       2
       2
       0
       6
       4
       2
       1
       2
       2
       4
       4
       0
       0
       1
       1
       1
       3
       1
       2
       3
       4
       3
       0
       4
       0
       2
       1
       3
       2
       1
       1
       1
       5
       0
       0
       2
       7
       1
       0
       3
       3
       1
       2
       1
       2
       4
       2
       0
       1
       1
       4
       2
       3
       2
       4
       3
       2
       4
       2
       3
       0
       2
       1
       2
       1
       0
       1
       4
       1
       3
       2
       0
       1
       2
       2
       0
       1
       3
       2
       1
       2
       2
       5
       0
       2
       0
       2
       1
       3
       1
       4
       1
       1
       2
       2
       3
       2
       4
       1
       1
       0
       0
       1
       0
       2
       1
       2
       2
       1
       2
       0
       2
       9
       2
       4
       4
       1
       2
       5
       1
       2
       1
       2
       2
       0
       0
       2
       1
       0
       1
       2
       2
       2
       1
       0
       2
       3
       1
       0
       1
       1
       1
       3
       2
       5
       3
       4
       1
       2
       1
       4
       1
       2
       4
       4
       1
       1
       2
       3
       0
       0
       2
       3
       2
       0
       2
       4
       0
       3
       1
       1
       3
       2
       0
       1
       2
       1
       1
       2
       3
       5
       1
       3
       2
       3
       2
       2
       3
       1
       0
       6
       3
       1
       2
       1
       3
       1
       3
       0
       7
       2
       3
       0
       3
       1
       1
       1
       4
       2
       0
       5
       1
       3
       1
       3
       1
       1
       1
       2
       1
       2
       3
       4
       1
       2
       4
       3
       4
       3
       1
       1
       3
       0
       3
       4
       2
       2
       3
       2
       2
       6
       1
       1
       3
       1
       1
       2
       3
       2
       1
       3
       3
       0
       2
       5
       1
       3
       3
       2
       0
       1
       0
       1
       0
       4
       4
       0
       1
       0
       3
       0
       2
       2
       0
       0
       5
       0
       2
       0
       2
       3
       0
       1
       3
       2
       3
       2
       1
       1
       2
       1
       1
       2
       0
       6
       4
       3
       2
       3
       4
       2
       3
       2
       0
       2
       0
       1
       3
       3
       5
       2
       0
       3
       2
       2
       1
       2
       1
       2
       1
       1
       1
       1
       1
       2
       1
       2
       2
       5
       2
       1
       2
       0
       2
       0
       1
       1
       2
       3
       3
       2
       5
       3
       0
       2
       1
       3
       1
       4
       0
       0
       1
       3
       1
       1
       4
       0
       1
       1
       2
       2
       2
       3
       2
       3
       0
       3
       2
       2
       2
       2
       3
       0
       2
       1
       1
       2
       1
       4
       1
       5
       0
       1
       1
       1
       1
       2
       3
       1
       2
       5
       1
       2
       0
       0
       1
       0
       3
       0
       1
       0
       3
       2
       2
       2
       1
       3
       1
       0
       0
       2
       2
       1
       2
       1
       3
       1
       3
       3
       1
       1
       1
       2
       2
       0
       1
       3
       3
       2
       3
       0
       1
       1
       4
       0
       1
       1
       4
       3
       1
       3
       2
       2
       2
       2
       3
       1
       2
       2
       0
       3
       1
       2
       3
       3
       0
       2
       0
       2
       1
       3
       2
       2
       2
       2
       2
       2
       2
       2
       5
       5
       1
       1
       3
       1
       1
       2
       2
       0
       1
       1
       2
       5
       4
       4
       0
       0
       2
       2
       3
       3
       2
       2
       3
       2
       1
       1
       5
       6
       1
       0
       3
       2
       2
       2
       2
       1
       3
       0
       3
       2
       1
       2
       2
       1
       1
       0
       3
       3
       3
       1
       0
       0
       2
       1
       1
       3
       3
       1
       2
       0
       1
       3
       1
       4
       0
       1
       0
       0
       0
       2
       1
       1
       1
       6
       2
       2
       3
       0
       3
       2
       3
       3
       5
       2
       2
       3
       3
       5
       0
       1
       1
       1
       2
       1
       4
       1
       1
       2
       1
       2
       2
       1
       1
       2
       1
       1
       0
       2
       4
       2
       2
       3
       1
       2
       0
       0
       2
       2
       4
       1
       4
       0
       0
       2
       2
       1
       1
       3
       1
       3
       3
       1
       1
       1
       1
       1
       1
       0
       0
       2
       1
       0
       3
       0
       4
       2
       3
       1
       1
       0
       1
       0
       3
       2
       0
       1
       2
       2
       0
       4
       1
       2
       1
       2
       1
       0
       0
       1
       2
       2
       1
       2
       1
       1
       4
       1
       2
       0
       3
       2
       1
       4
       1
       1
       1
       5
       1
       2
       2
       0
       0
       2
       2
       0
       0
       2
       1
       2
       2
       2
       0
       2
       3
       4
       4
       1
       0
       3
       2
       1
       2
       4
       1
       0
       0
       1
       4
       1
       2
       1
       3
       2
       3
       1
       1
       3
       0
       6
       2
       1
       3
       1
       2
       2
       0
       3
       2
       1
       2
       0
       1
       2
       2
       0
       2
       2
       3
       4
       1
       3
       8
       6
       1
       3
       2
       1
       2
       2
       3
       1
       0
       1
       2
       0
       3
       5
       1
       0
       4
       2
       2
       0
       2
       2
       2
       3
       1
       3
       2
       5
       3
       1
       2
       1
       4
       2
       2
       3
       2
       3
       0
       2
       5
       2
       4
       0
       1
       0
       0
       3
       4
       2
       2
       0
       2
       0
       6
       1
       0
       4
       1
       2
       1
       2
       4
       3
       1
       1
       2
       2
       2
       1
       2
       0
       2
       2
       1
       5
       4
       3
       3
       1
       2
       0
       4
       1
       3
       3
       2
       2
       0
       0
       3
       0
       1
       1
       2
       3
       3
       2
       1
       3
       2
       0
       2
       2
       3
       0
       1
       0
       1
       3
       1
       4
       2
       2
       0
       3
       2
       2
       3
       1
       1
       1
       1
       3
       2
       2
       2
       4
       1
       1
       3
       4
       0
       2
       3
       1
       2
       1
       2
       3
       2
       0
       2
       1
       3
       2
       3
       2
       2
       0
       1
       1
       2
       1
       1
       2
       3
       2
       3
       0
       2
       0
       2
       4
       1
       0
       0
       1
       1
       2
       4
       1
       1
       0
       1
       0
       1
       2
       2
       1
       2
       1
       3
       5
       1
       1
       0
       3
       5
       2
       2
       1
       2
       1
       1
       1
       0
       2
       2
       0
       5
       2
       1
       0
       1
       1
       1
       1
       3
       2
       2
       2
       5
       4
       2
       1
       1
       1
       2
       3
       0
       2
       1
       1
       1
       0
       1
       2
       3
       1
       3
       2
       2
       0
       1
       4
       1
       0
       0
       0
       4
       3
       1
       1
       1
       3
       0
       1
       1
       2
       1
       0
       0
       3
       0
       1
       3
       1
       4
       1
       2
       3
       0
       1
       2
       2
       1
       3
       5
       4
       2
       1
       1
       0
       1
       2
       2
       1
       1
       1
       2
       2
       1
       1
       1
       2
       3
       2
       2
       0
       0
       6
       1
       0
       0
       0
       1
       1
       1
       0
       2
       1
       4
       3
       1
       3
       0
       0
       2
       2
       1
       3
       0
       3
       2
       1
       2
       4
       1
       0
       1
       2
       2
       5
       5
       1
       4
       1
       1
       1
       4
       2
       1
       2
       3
       3
       3
       3
       2
       2
       0
       2
       1
       3
       1
       0
       3
       4
       2
       3
       1
       1
       2
       4
       1
       3
       3
       3
       0
       3
       3
       4
       2
       2
       4
       2
       3
       2
       1
       3
       2
       2
       3
       1
       0
       0
       0
       1
       1
       0
       2
       4
       3
       0
       1
       2
       0
       3
       0
       0
       1
       3
       3
       2
       2
       0
       6
       1
       0
       1
       4
       1
       2
       2
       0
       2
       1
       2
       1
       2
       2
       2
       0
       2
       0
       1
       1
       1
       1
       2
       1
       2
       1
       2
       2
       5
       1
       1
       2
       2
       3
       1
       1
       1
       1
       2
       0
       2
       1
       4
       4
       3
       1
       4
       2
       3
       4
       2
       2
       0
       1
       0
       2
       0
       3
       0
       1
       3
       3
       2
       2
       1
       2
       0
       2
       2
       1
       5
       4
       3
       4
       0
       3
       3
       0
       3
       4
       2
       1
       2
       1
       4
       1
       3
       0
       1
       2
       2
       4
       2
       2
       4
       2
       2
       1
       1
       0
       0
       4
       6
       1
       5
       2
       3
       0
       2
       4
       2
       1
       2
       0
       1
       1
       0
       4
       3
       4
       1
       2
       4
       1
       2
       2
       1
       4
       0
       1
       2
       1
       2
       3
       0
       3
       2
       0
       3
       2
       2
       1
       1
       4
       1
       2
       2
       1
       2
       2
       1
       0
       1
       3
       0
       2
       1
       2
       2
       4
       3
       4
       1
       1
       2
       2
       4
       2
       1
       1
       2
       5
       1
       1
       0
       2
       0
       2
       4
       3
       3
       2
       0
       0
       0
       1
       0
       1
       1
       1
       0
       0
       4
       7
       3
       1
       0
       1
       4
       0
       2
       4
       1
       1
       1
       2
       1
       2
       1
       2
       3
       0
       2
       2
       2
       1
       5
       3
       3
       1
       3
       3
       3
       1
       5
       1
       2
       3
       1
       1
       1
       1
       2
       0
       1
       0
       2
       1
       2
       2
       2
       0
       1
       1
       2
       3
       0
       3
       2
       2
       2
       3
       4
       0
       0
       1
       5
       3
       2
       2
       6
       3
       2
       3
       1
       1
       4
       0
       3
       1
       0
       0
       3
       2
       4
       2
       1
       3
       0
       2
       1
       1
       4
       0
       1
       2
       1
       1
       4
       1
       4
       0
       1
       0
       3
       0
       1
       0
       3
       2
       0
       1
       2
       2
       1
       0
       1
       3
       0
       2
       2
       0
       2
       3
       0
       0
       2
       2
       1
       0
       1
       4
       0
       4
       2
       2
       0
       1
       3
       3
       1
       1
       3
       1
       4
       0
       2
       2
       0
       2
       1
       2
       0
       0
       1
       2
       2
       1
       4
       2
       1
       0
       4
       0
       3
       0
       2
       2
       1
       2
       1
       2
       1
       3
       3
       0
       0
       2
       1
       2
       1
       0
       2
       2
       4
       2
       2
       1
       4
       0
       2
       0
       2
       2
       2
       2
       2
       2
       1
       2
       1
       2
       1
       1
       0
       0
       2
       2
       1
       0
       2
       4
       2
       0
       1
       2
       3
       3
       1
       0
       5
       1
       1
       2
       1
       3
       1
       4
       4
       1
       0
       0
       1
       4
       2
       0
       3
       2
       3
       1
       5
       0
       0
       2
       1
       5
       0
       5
       2
       1
       1
       1
       3
       1
       1
       2
       1
       1
       1
       0
       1
       2
       2
       2
       0
       3
       2
       2
       2
       2
       3
       3
       1
       1
       1
       0
       0
       1
       0
       2
       1
       1
       6
       1
       4
       2
       1
       2
       3
       2
       1
       1
       4
       1
       5
       5
       1
       0
       2
       2
       2
       1
       0
       1
       1
       2
       5
       1
       0
       3
       0
       1
       2
       0
       1
       3
       1
       3
       2
       2
       2
       1
       3
       2
       2
       2
       2
       2
       0
       1
       0
       2
       0
       0
       1
       1
       2
       3
       1
       2
       3
       1
       1
       3
       4
       1
       5
       0
       2
       1
       3
       3
       2
       0
       3
       2
       1
       2
       3
       2
       1
       1
       2
       1
       2
       2
       2
       6
       3
       4
       0
       1
       5
       2
       1
       1
       2
       3
       0
       5
       2
       1
       0
       4
       0
       2
       1
       5
       0
       2
       1
       1
       2
       1
       1
       0
       5
       2
       2
       3
       1
       3
       2
       3
       1
       0
       1
       2
       0
       2
       1
       0
       2
       4
       0
       2
       2
       2
       5
       3
       3
       2
       2
       1
       2
       4
       0
       0
       0
       1
       1
       3
       2
       1
       4
       1
       1
       1
       1
       1
       2
       2
       1
       0
       0
       1
       0
       1
       1
       4
       2
       1
       3
       1
       1
       1
       3
       0
       3
       1
       1
       4
       1
       1
       1
       0
       3
       2
       2
       3
       2
       3
       1
       2
       0
       0
       1
       6
       5
       2
       3
       1
       2
       2
       1
       3
       3
       0
       2
       2
       2
       0
       4
       1
       1
       2
       1
       0
       0
       2
       0
       3
       0
       3
       0
       2
       3
       3
       2
       1
       1
       2
       3
       3
       0
       3
       0
       3
       1
       4
       2
       5
       2
       4
       2
       6
       0
       2
       3
       2
       1
       3
       2
       2
       1
       1
       1
       1
       1
       4
       2
       2
       1
       0
       3
       1
       3
       1
       4
       2
       2
       1
       1
       1
       3
       1
       5
       0
       0
       0
       1
       1
       1
       3
       1
       1
       0
       2
       2
       2
       3
       1
       1
       2
       1
       1
       2
       1
       2
       2
       0
       0
       3
       2
       3
       2
       0
       1
       3
       3
       3
       3
       2
       4
       1
       2
       1
       0
       3
       0
       0
       4
       3
       1
       1
       1
       0
       0
       0
       3
       2
       0
       2
       0
       1
       0
       1
       0
       2
       2
       1
       2
       1
       2
       2
       1
       3
       0
       1
       2
       3
       2
       0
       0
       3
       1
       2
       1
       4
       1
       1
       1
       2
       1
       2
       2
       3
       3
       1
       3
       3
       1
       1
       2
       2
       3
       2
       1
       1
       1
       1
       2
       3
       1
       2
       1
       1
       1
       3
       0
       1
       0
       0
       1
       1
       0
       3
       0
       2
       0
       1
       1
       2
       1
       2
       0
       4
       2
       3
       1
       1
       1
       0
       2
       2
       1
       2
       2
       0
       0
       0
       3
       2
       1
       0
       1
       0
       1
       1
       2
       1
       3
       2
       0
       0
       3
       0
       2
       2
       1
       0
       4
       2
       3
       2
       2
       0
       1
       4
       1
       0
       2
       1
       2
       2
       1
       5
       1
       1
       1
       4
       2
       1
       1
       1
       3
       1
       2
       0
       1
       1
       2
       2
       0
       3
       1
       1
       1
       1
       1
       1
       1
       0
       4
       1
       1
       0
       3
       0
       2
       0
       1
       3
       3
       1
       1
       1
       0
       1
       0
       1
       2
       0
       1
       2
       2
       2
       1
       1
       0
       0
       0
       1
       2
       1
       1
       1
       1
       1
       0
       1
       2
       4
       4
       1
       3
       5
       0
       1
       0
       1
       2
       0
       1
       1
       1
       0
       2
       3
       3
       3
       2
       1
       1
       1
       0
       1
       1
       0
       1
       1
       1
       0
       0
       0
       2
       1
       1
       3
       5
       3
       1
       2
       1
       1
       1
       1
       1
       1
       1
       0
       1
       1
       2
       1
       2
       0
       1
       1
       2
       2
       0
       2
       3
       1
       3
       2
       1
       0
       2
       2
       2
       1
       1
       1
       2
       0
       1
       0
       2
       0
       2
       2
       2
       3
       1
       1
       6
       0
       2
       1
       2
       1
       2
       2
       1
       0
       2
       1
       1
       1
       3
       2
       1
       1
       1
       4
       0
       1
       0
       2
       2
       2
       0
       1
       1
       1
       0
       0
       2
       1
       2
       1
       2
       1
       2
       1
       1
       0
       2
       1
       1
       0
       2
       4
       0
       5
       3
       2
       0
       1
       2
       3
       2
       2
       1
       0
       3
       0
       1
       2
       2
       2
       0
       3
       2
       3
       1
       0
       3
       1
       0
       2
       3
       1
       1
       1
       3
       1
       4
       1
       1
       2
       1
       1
       1
       2
       1
       0
       1
       0
       0
       2
       1
       1
       2
       3
       0
       1
       1
       3
       4
       0
       0
       1
       3
       5
       1
       3
       3
       1
       4
       2
       2
       3
       3
       2
       0
       3
       4
       0
       1
       0
       6
       0
       1
       0
       2
       2
       2
       2
       2
       5
       3
       1
       2
       1
       2
       0
       5
       3
       4
       0
       0
       1
       0
       2
       1
       1
       4
       1
       4
       1
       1
       3
       4
       0
       1
       1
       2
       2
       2
       2
       1
       2
       3
       1
       2
       2
       2
       1
       1
       2
       0
       2
       0
       4
       2
       1
       0
       1
       3
       1
       1
       3
       1
       1
       2
       3
       0
       2
       0
       1
       5
       2
       3
       2
       1
       2
       0
       0
       0
       2
       1
       0
       2
       3
       2
       4
       0
       2
       1
       0
       3
       1
       3
       1
       2
       1
       0
       1
       1
       1
       0
       1
       2
       3
       1
       4
       3
       1
       0
       1
       1
       3
       0
       3
       2
       2
       0
       2
       3
       5
       0
       4
       3
       3
       4
       3
       2
       1
       2
       1
       1
       1
       3
       1
       4
       3
       4
       0
       1
       3
       0
       3
       0
       2
       1
       3
       4
       1
       1
       1
       0
       2
       0
       1
       2
       1
       3
       0
       4
       0
       0
       3
       1
       2
       4
       3
       1
       0
       1
       2
       1
       4
       2
       3
       3
       3
       0
       2
       0
       0
       3
       2
       1
       3
       1
       2
       2
       3
       3
       0
       0
       2
       1
       2
       2
       2
       3
       0
       5
       1
       1
       2
       4
       4
       2
       1
       3
       1
       4
       2
       2
       2
       3
       2
       2
       2
       3
       4
       2
       3
       4
       1
       1
       0
       1
       1
       0
       2
       2
       1
       1
       3
       2
       1
       1
       2
       0
       3
       2
       0
       4
       6
       3
       1
       1
       0
       1
       0
       3
       0
       1
       3
       3
       2
       0
       0
       4
       4
       4
       2
       0
       2
       1
       1
       0
       4
       1
       3
       2
       2
       2
       0
       1
       2
       6
       1
       1
       4
       0
       2
       2
       1
       1
       3
       3
       1
       3
       3
       1
       0
       0
       3
       1
       1
       2
       1
       0
       2
       4
       2
       1
       4
       1
       2
       3
       3
       0
       3
       4
       0
       2
       0
       0
       0
       1
       1
       3
       1
       0
       1
       1
       1
       0
       0
       1
       2
       1
       1
       1
       1
       0
       1
       0
       3
       1
       0
       1
       2
       0
       1
       1
       2
       4
       2
       2
       1
       0
       1
       4
       2
       1
       2
       1
       0
       1
       1
       4
       2
       0
       1
       1
       2
       2
       3
       1
       1
       4
       1
       2
       3
       2
       1
       2
       1
       1
       2
       0
       0
       3
       2
       2
       3
       2
       2
       2
       2
       0
       1
       3
       2
       4
       2
       0
       2
       2
       1
       2
       1
       0
       1
       0
       2
       2
       1
       0
       2
       0
       0
       1
       2
       3
       0
       1
       1
       2
       2
       3
       1
       1
       3
       1
       1
       2
       1
       3
       2
       1
       2
       4
       1
       2
       1
       1
       0
       3
       3
       2
       1
       1
       0
       2
       3
       1
       2
       2
       1
       2
       2
       1
       1
       2
       0
       3
       1
       2
       2
       1
       2
       0
       1
       1
       1
       2
       0
       4
       0
       1
       1
       1
       4
       1
       5
       1
       1
       3
       1
       3
       1
       0
       4
       3
       2
       2
       0
       1
       3
       3
       0
       0
       3
       4
       4
       1
       2
       1
       1
       0
       1
       0
       3
       3
       1
       3
       1
       2
       1
       1
       3
       1
       1
       1
       3
       3
       0
       1
       3
       0
       1
       4
       0
       2
       0
       2
       2
       0
       1
       2
       1
       2
       2
       3
       0
       0
       1
       1
       2
       1
       1
       0
       0
       2
       2
       3
       1
       4
       1
       0
       0
       3
       1
       1
       4
       1
       2
       1
       0
       3
       1
       3
       1
       2
       3
       1
       1
       0
       2
       2
       0
       2
       0
       1
       1
       1
       0
       0
       1
       2
       1
       1
       0
       0
       4
       3
       0
       1
       1
       2
       1
       0
       1
       1
       3
       1
       3
       3
       0
       2
       3
       2
       2
       2
       1
       4
       0
       6
       1
       2
       1
       4
       1
       0
       3
       1
       1
       1
       2
       0
       0
       1
       2
       4
       1
       1
       1
       1
       5
       2
       3
       2
       3
       0
       1
       1
       1
       0
       1
       1
       0
       1
       1
       1
       1
       2
       3
       1
       0
       0
       2
       2
       3
       1
       0
       2
       2
       1
       2
       1
       2
       2
       0
       3
       2
       2
       2
       3
       2
       3
       1
       0
       2
       6
       1
       4
       1
       2
       4
       5
       1
       0
       2
       1
       4
       1
       3
       4
       2
       2
       2
       0
       1
       3
       2
       1
       1
       1
       1
       1
       1
       3
       0
       2
       0
       0
       1
       0
       2
       3
       3
       1
       0
       2
       1
       3
       1
       3
       1
       1
       1
       2
       3
       2
       0
       2
       1
       1
       1
       1
       3
       2
       1
       1
       0
       2
       1
       4
       2
       0
       3
       0
       3
       3
       1
       1
       4
       2
       6
       2
       0
       4
       1
       1
       5
       1
       0
       1
       4
       0
       0
       1
       2
       1
       1
       2
       1
       1
       3
       1
       5
       2
       3
       2
       0
       2
       0
       2
       3
       1
       0
       1
       0
       2
       2
       2
       2
       4
       2
       3
       2
       2
       2
       2
       1
       1
       2
       1
       1
       3
       1
       0
       4
       4
       0
       1
       5
       1
       4
       3
       4
       2
       1
       1
       1
       2
       1
       1
       3
       0
       1
       1
       1
       2
       1
       2
       3
       0
       1
       3
       3
       1
       2
       3
       1
       2
       2
       3
       1
       3
       0
       3
       0
       1
       1
       2
       0
       0
       1
       1
       1
       0
       1
       1
       3
       2
       3
       2
       1
       1
       0
       3
       2
       1
       0
       1
       2
       1
       1
       1
       0
       1
       0
       3
       1
       0
       1
       5
       3
       2
       1
       2
       2
       1
       2
       0
       1
       0
       1
       0
       0
       2
       2
       1
       2
       0
       1
       3
       0
       0
       1
       1
       2
       2
       2
       2
       1
       0
       1
       5
       2
       2
       3
       1
       1
       1
       0
       0
       2
       1
       2
       1
       1
       3
       2
       4
       1
       1
       2
       3
       1
       1
       1
       0
       0
       0
       1
       2
       2
       1
       3
       0
       0
       0
       1
       0
       1
       0
       0
       0
       1
       1
       2
       1
       1
       2
       1
       0
       2
       0
       1
       1
       2
       0
       2
       3
       0
       1
       3
       1
       2
       0
       1
       3
       2
       0
       1
       2
       0
       1
       1
       4
       2
       3
       0
       1
       4
       0
       1
       1
       1
       1
       2
       1
       4
       0
       2
       3
       2
       1
       1
       3
       1
       0
       1
       0
       4
       3
       1
       2
       1
       2
       2
       2
       1
       0
       1
       1
       1
       2
       1
       1
       3
       2
       1
       3
       1
       4
       1
       0
       2
       3
       2
       0
       1
       1
       3
       4
       0
       1
       1
       1
       3
       2
       1
       3
       3
       0
       1
       2
       3
       1
       0
       2
       1
       0
       2
       0
       2
       2
       2
       1
       2
       1
       0
       1
       1
       0
       3
       1
       3
       1
       2
       0
       0
       3
       1
       1
       1
       0
       0
       2
       0
       1
       0
       1
       0
       2
       3
       0
       4
       2
       1
       1
       2
       1
       3
       0
       0
       2
       1
       0
       1
       4
       4
       2
       1
       3
       0
       1
       1
       2
       1
       1
       3
       0
       0
       1
       2
       3
       0
       0
       2
       2
       6
       2
       1
       0
       2
       3
       1
       1
       1
       1
       1
       3
       3
       0
       1
       1
       1
       3
       0
       1
       2
       0
       2
       3
       1
       2
       2
       1
       2
       0
       0
       0
       2
       2
       0
       3
       4
       1
       4
       2
       1
       3
       1
       1
       2
       1
       1
       1
       1
       2
       2
       3
       4
       1
       4
       3
       1
       1
       2
       0
       2
       1
       1
       1
       1
       0
       1
       1
       2
       3
       4
       0
       2
       1
       1
       1
       0
       1
       1
       2
       3
       1
       4
       1
       1
       3
       1
       1
       3
       0
       1
       1
       2
       2
       0
       2
       0
       3
       1
       2
       3
       3
       3
       0
       0
       2
       0
       4
       1
       1
       1
       0
       0
       1
       1
       2
       1
       2
       0
       0
       0
       0
       1
       2
       2
       0
       2
       2
       2
       5
       1
       1
       1
       0
       0
       5
       2
       1
       1
       1
       2
       2
       3
       2
       1
       2
       2
       0
       2
       0
       2
       0
       2
       3
       1
       0
       2
       3
       0
       7
       3
       1
       3
       0
       3
       0
       1
       3
       0
       1
       1
       1
       3
       4
       1
       2
       0
       2
       1
       1
       3
       2
       2
       2
       0
       1
       3
       0
       0
       3
       0
       2
       1
       1
       1
       3
       1
       2
       2
       1
       0
       1
       1
       1
       4
       1
       2
       3
       3
       1
       4
       0
       0
       1
       1
       2
       1
       3
       1
       2
       2
       2
       3
       1
       3
       2
       1
       0
       2
       2
       2
       0
       1
       1
       1
       0
       2
       1
       0
       0
       3
       0
       1
       2
       0
       2
       0
       0
       3
       3
       2
       1
       3
       2
       2
       1
       1
       1
       2
       3
       0
       1
       2
       2
       1
       0
       2
       2
       0
       3
       0
       1
       0
       1
       2
       0
       2
       1
       1
       2
       2
       0
       1
       0
       0
       0
       2
       0
       1
       1
       0
       2
       2
       2
       2
       0
       2
       1
       1
       3
       0
       2
       1
       2
       0
       3
       0
       1
       1
       1
       1
       2
       3
       2
       0
       4
       0
       3
       0
       4
       1
       3
       2
       2
       0
       0
       2
       1
       0
       3
       1
       0
       0
       0
       1
       2
       2
       1
       1
       1
       4
       2
       2
       1
       2
       3
       2
       0
       1
       2
       0
       1
       2
       1
       0
       1
       1
       1
       0
       1
       3
       1
       3
       1
       1
       1
       2
       2
       1
       2
       0
       0
       1
       0
       1
       4
       1
       2
       0
       1
       2
       1
       2
       0
       0
       3
       1
       1
       1
       0
       1
       1
       1
       2
       0
       3
       3
       1
       3
       0
       1
       0
       3
       3
       1
       2
       1
       3
       3
       1
       0
       0
       1
       1
       2
       0
       3
       0
       1
       2
       2
       1
       1
       3
       1
       2
       2
       1
       1
       2
       5
       2
       2
       1
       0
       1
       1
       1
       0
       4
       1
       2
       2
       2
       2
       2
       1
       0
       0
       2
       0
       1
       1
       1
       2
       1
       1
       1
       2
       2
       0
       2
       1
       0
       1
       3
       3
       2
       2
       1
       1
       1
       0
       3
       0
       3
       1
       1
       0
       0
       2
       1
       3
       1
       4
       0
       2
       5
       0
       2
       2
       2
       1
       2
       1
       2
       1
       2
       2
       2
       1
       2
       1
       2
       2
       0
       2
       1
       1
       1
       1
       3
       1
       0
       2
       1
       0
       2
       1
       1
       1
       0
       1
       1
       1
       3
       1
       2
       1
       1
       3
       3
       0
       2
       1
       2
       1
       1
       2
       2
       0
       0
       3
       1
       1
       2
       0
       1
       1
       2
       0
       3
       1
       1
       3
       0
       0
       1
       2
       1
       0
       1
       0
       3
       2
       1
       2
       0
       3
       1
       0
       2
       4
       2
       0
       0
       3
       3
       2
       0
       2
       2
       0
       0
       1
       1
       0
       1
       3
       0
       0
       0
       3
       0
       1
       3
       3
       4
       0
       0
       3
       2
       0
       0
       2
       1
       1
       2
       0
       1
       0
       0
       2
       1
       1
       1
       1
       0
       0
       1
       0
       4
       2
       0
       0
       2
       2
       1
       0
       0
       1
       0
       3
       2
       3
       0
       1
       1
       2
       1
       0
       3
       1
       0
       1
       1
       1
       4
       0
       3
       3
       1
       4
       2
       2
       2
       1
       0
       0
       2
       4
       0
       1
       3
       3
       0
       2
       2
       1
       0
       1
       3
       2
       1
       1
       3
       1
       3
       0
       0
       1
       2
       2
       1
       1
       2
       2
       1
       2
       0
       2
       2
       1
       2
       2
       0
       1
       2
       1
       2
       2
       2
       0
       2
       0
       1
       0
       1
       0
       0
       2
       1
       0
       1
       0
       1
       0
       4
       2
       2
       0
       1
       0
       0
       3
       2
       1
       0
       1
       2
       2
       0
       0
       2
       1
       2
       0
       0
       2
       1
       4
       2
       0
       2
       2
       1
       0
       1
       0
       0
       4
       2
       0
       0
       2
       1
       0
       1
       2
       4
       1
       0
       0
       0
       0
       1
       0
       2
       4
       1
       2
       1
       2
       1
       1
       2
       2
       0
       1
       1
       0
       0
       2
       1
       0
       1
       1
       2
       1
       2
       0
       2
       1
       1
       3
       2
       1
       0
       0
       2
       2
       0
       5
       1
       2
       0
       0
       0
       2
       4
       1
       1
       1
       2
       3
       0
       1
       0
       1
       3
       1
       0
       2
       2
       1
       0
       0
       1
       0
       2
       1
       1
       1
       1
       2
       0
       4
       1
       1
       2
       1
       1
       1
       0
       1
       2
       1
       0
       1
       1
       1
       3
       1
       4
       0
       0
       2
       0
       4
       3
       2
       1
       2
       1
       0
       1
       2
       1
       0
       2
       3
       3
       3
       1
       3
       0
       0
       0
       1
       2
       2
       0
       2
       2
       3
       1
       0
       1
       2
       0
       1
       2
       0
       2
       1
       1
       4
       2
       1
       1
       0
       3
       3
       1
       0
       2
       3
       1
       0
       3
       4
       0
       2
       0
       0
       3
       3
       1
       0
       0
       2
       1
       2
       1
       1
       2
       1
       2
       0
       1
       1
       1
       2
       3
       4
       3
       2
       1
       0
       0
       0
       2
       0
       2
       0
       1
       5
       1
       2
       2
       0
       1
       3
       1
       2
       4
       0
       3
       0
       4
       1
       0
       2
       1
       1
       2
       1
       2
       0
       1
       1
       3
       2
       1
       3
       3
       2
       1
       0
       4
       4
       3
       1
       1
       0
       1
       1
       1
       1
       0
       4
       0
       0
       3
       2
       1
       2
       1
       0
       1
       1
       2
       0
       0
       0
       2
       1
       2
       1
       1
       0
       1
       0
       1
       1
       3
       3
       4
       1
       2
       0
       1
       0
       1
       3
       1
       1
       1
       1
       1
       1
       3
       2
       0
       0
       3
       2
       1
       0
       2
       2
       1
       0
       3
       1
       1
       0
       1
       2
       1
       1
       1
       0
       0
       0
       2
       1
       2
       1
       4
       1
       2
       0
       0
       0
       0
       2
       1
       1
       1
       1
       2
       0
       0
       1
       1
       1
       2
       0
       2
       2
       1
       3
       1
       2
       1
       2
       0
       0
       2
       1
       2
       0
       1
       1
       1
       1
       1
       1
       0
       1
       1
       1
       2
       1
       0
       1
       3
       1
       3
       4
       0
       0
       2
       3
       2
       1
       0
       2
       0
       2
       0
       2
       1
       2
       2
       2
       2
       0
       1
       1
       0
       2
       0
       0
       0
       6
       0
       2
       1
       1
       2
       1
       1
       1
       2
       0
       2
       1
       2
       0
       3
       1
       2
       6
       2
       0
       1
       1
       1
       1
       0
       2
       0
       2
       0
       2
       2
       0
       2
       2
       3
       2
       0
       3
       0
       1
       1
       1
       2
       0
       3
       2
       2
       1
       1
       0
       1
       3
       1
       2
       1
       3
       4
       1
       5
       0
       2
       1
       3
       0
       1
       0
       0
       3
       0
       0
       1
       1
       0
       3
       3
       0
       1
       1
       1
       0
       5
       1
       2
       1
       0
       0
       1
       1
       1
       1
       1
       1
       2
       0
       0
       1
       0
       4
       0
       0
       0
       2
       3
       0
       1
       1
       0
       2
       1
       2
       1
       2
       2
       0
       0
       0
       2
       1
       1
       2
       2
       3
       1
       2
       0
       1
       1
       1
       2
       2
       1
       3
       0
       1
       1
       0
       1
       1
       1
       1
       4
       0
       2
       1
       1
       1
       0
       3
       1
       1
       3
       2
       2
       0
       1
       1
       0
       3
       2
       0
       1
       0
       0
       2
       2
       3
       0
       1
       0
       1
       2
       0
       2
       3
       3
       1
       2
       2
       0
       1
       2
       5
       2
       1
       1
       1
       1
       3
       1
       0
       3
       1
       3
       1
       1
       0
       1
       0
       1
       0
       4
       2
       2
       3
       3
       0
       2
       2
       2
       3
       1
       1
       5
       1
       1
       0
       2
       2
       0
       1
       1
       3
       0
       1
       2
       2
       1
       2
       2
       3
       2
       1
       2
       1
       0
       0
       1
       2
       1
       0
       2
       0
       1
       1
       0
       1
       0
       0
       2
       0
       4
       2
       2
       1
       1
       2
       1
       2
       1
       2
       0
       2
       2
       2
       0
       1
       2
       4
       2
       2
       0
       1
       0
       0
       0
       0
       2
       3
       3
       2
       2
       2
       1
       4
       3
       4
       3
       1
       2
       0
       2
       0
       1
       0
       2
       0
       2
       1
       2
       0
       0
       1
       1
       2
       2
       0
       2
       0
       2
       2
       2
       1
       0
       1
       1
       2
       3
       4
       1
       2
       2
       1
       0
       1
       0
       1
       2
       2
       1
       4
       2
       2
       1
       2
       1
       3
       1
       0
       2
       0
       3
       1
       1
       3
       0
       1
       1
       5
       0
       1
       1
       3
       1
       0
       1
       2
       0
       0
       1
       1
       1
       2
       0
       5
       2
       1
       2
       2
       0
       2
       2
       0
       2
       1
       2
       1
       1
       0
       1
       1
       1
       1
       0
       0
       2
       2
       1
       2
       0
       0
       0
       3
       1
       2
       2
       2
       1
       1
       2
       0
       1
       3
       2
       2
       4
       0
       2
       2
       3
       0
       3
       2
       0
       0
       3
       1
       0
       2
       3
       1
       0
       2
       1
       2
       2
       2
       0
       1
       1
       2
       1
       0
       1
       0
       3
       2
       2
       2
       2
       1
       3
       2
       2
       2
       0
       0
       0
       4
       3
       0
       1
       3
       2
       1
       1
       0
       2
       1
       3
       2
       1
       0
       4
       0
       1
       1
       0
       2
       2
       1
       0
       1
       0
       0
       1
       3
       1
       3
       2
       2
       4
       0
       2
       1
       2
       0
       3
       2
       3
       0
       0
       1
       1
       1
       0
       5
       0
       2
       3
       1
       1
       2
       1
       0
       2
       1
       1
       2
       1
       4
       4
       2
       0
       2
       2
       0
       2
       1
       2
       0
       3
       1
       1
       1
       0
       1
       1
       1
       0
       1
       0
       0
       2
       1
       2
       0
       0
       2
       2
       1
       1
       2
       2
       2
       0
       0
       0
       0
       2
       2
       2
       0
       4
       2
       1
       0
       0
       2
       0
       0
       5
       1
       1
       2
       4
       2
       1
       1
       4
       0
       2
       1
       1
       2
       1
       3
       0
       1
       0
       0
       2
       1
       1
       4
       1
       1
       0
       1
       1
       0
       2
       2
       2
       2
       1
       1
       2
       1
       0
       0
       2
       1
       0
       3
       2
       1
       0
       0
       2
       3
       1
       0
       0
       0
       2
       0
       1
       2
       1
       1
       1
       1
       3
       0
       2
       0
       3
       0
       1
       3
       3
       3
       3
       2
       3
       3
       3
       1
       1
       0
       3
       1
       2
       0
       4
       3
       2
       0
       0
       1
       3
       1
       1
       2
       1
       0
       2
       2
       2
       2
       1
       1
       2
       0
       0
       1
       1
       0
       0
       2
       0
       0
       3
       1
       2
       0
       3
       1
       0
       0
       1
       4
       0
       2
       3
       1
       1
       3
       1
       3
       1
       1
       1
       0
       0
       1
       1
       1
       1
       4
       1
       3
       3
       1
       0
       1
       0
       2
       0
       2
       0
       1
       0
       2
       1
       2
       2
       1
       2
       4
       1
       1
       1
       0
       0
       1
       3
       0
       0
       2
       2
       1
       0
       0
       0
       2
       2
       1
       1
       2
       1
       1
       3
       1
       1
       1
       0
       2
       1
       2
       0
       1
       3
       3
       1
       1
       1
       2
       2
       2
       1
       0
       1
       2
       2
       0
       1
       2
       3
       0
       1
       0
       0
       1
       1
       1
       1
       0
       1
       0
       2
       0
       2
       1
       3
       2
       1
       0
       3
       1
       2
       3
       2
       0
       1
       3
       1
       0
       3
       1
       0
       2
       2
       2
       1
       1
       1
       2
       1
       1
       3
       2
       1
       1
       3
       1
       2
       1
       2
       1
       0
       4
       2
       1
       1
       2
       3
       2
       1
       0
       1
       1
       1
       0
       3
       0
       1
       0
       0
       0
       2
       1
       0
       1
       1
       1
       0
       1
       0
       3
       1
       1
       0
       1
       4
       0
       0
       3
       0
       0
       2
       0
       2
       3
       0
       2
       1
       2
       0
       0
       2
       0
       2
       1
       3
       2
       1
       1
       0
       2
       3
       0
       1
       2
       2
       6
       2
       0
       1
       2
       0
       0
       0
       1
       1
       3
       3
       2
       1
       3
       1
       0
       1
       0
       0
       2
       1
       0
       2
       0
       2
       1
       0
       2
       0
       3
       0
       2
       0
       3
       1
       0
       1
       1
       1
       4
       2
       0
       0
       0
       2
       2
       1
       4
       0
       1
       1
       2
       0
       1
       0
       2
       1
       1
       5
       0
       1
       2
       2
       1
       2
       1
       2
       0
       0
       1
       0
       1
       2
       1
       3
       1
       0
       1
       1
       4
       0
       0
       3
       2
       0
       2
       1
       2
       1
       4
       1
       1
       0
       3
       2
       2
       2
       2
       2
       2
       1
       0
       1
       0
       2
       3
       2
       1
       1
       2
       0
       4
       3
       0
       0
       2
       0
       2
       2
       0
       1
       3
       0
       1
       1
       1
       0
       0
       2
       0
       1
       1
       2
       2
       0
       4
       1
       0
       1
       0
       1
       0
       0
       0
       1
       1
       0
       0
       0
       3
       1
       2
       0
       2
       3
       2
       1
       2
       0
       0
       2
       1
       1
       1
       0
       1
       0
       2
       0
       1
       3
       4
       1
       1
       4
       0
       1
       3
       3
       2
       1
       1
       2
       3
       3
       0
       0
       0
       1
       0
       2
       0
       2
       3
       1
       0
       1
       3
       1
       0
       0
       1
       0
       1
       1
       0
       1
       1
       1
       1
       4
       2
       2
       3
       3
       1
       4
       1
       1
       0
       0
       4
       2
       0
       1
       0
       2
       0
       1
       0
       0
       0
       3
       2
       1
       1
       0
       1
       1
       3
       3
       3
       0
       0
       2
       0
       1
       0
       1
       1
       3
       1
       2
       3
       1
       3
       2
       3
       1
       0
       2
       1
       3
       2
       1
       1
       1
       3
       1
       0
       1
       1
       1
       2
       2
       2
       1
       1
       0
       0
       0
       2
       1
       1
       3
       2
       3
       2
       0
       3
       0
       0
       1
       1
       3
       0
       0
       2
       0
       2
       3
       3
       2
       1
       0
       1
       1
       2
       1
       1
       3
       1
       2
       1
       3
       1
       1
       3
       0
       1
       2
       1
       1
       1
       0
       1
       1
       0
       1
       2
       3
       1
       1
       0
       0
       1
       0
       0
       1
       2
       1
       2
       0
       1
       2
       0
       2
       2
       1
       2
       0
       0
       2
       0
       0
       1
       0
       4
       1
       4
       0
       0
       0
       1
       0
       2
       0
       2
       2
       1
       3
       0
       1
       3
       2
       2
       0
       0
       0
       1
       3
       3
       3
       3
       1
       2
       1
       1
       3
       0
       2
       2
       1
       0
       0
       1
       3
       4
       2
       3
       2
       2
       2
       3
       1
       2
       0
       0
       2
       1
       0
       0
       2
       2
       2
       1
       3
       1
       0
       0
       1
       3
       1
       1
       2
       1
       1
       1
       2
       0
       2
       0
       2
       0
       1
       0
       1
       3
       1
       3
       1
       1
       2
       4
       0
       0
       1
       1
       2
       3
       1
       2
       0
       0
       1
       2
       2
       0
       2
       3
       2
       3
       0
       1
       3
       0
       1
       1
       2
       1
       1
       0
       1
       1
       2
       2
       2
       0
       0
       1
       1
       2
       1
       2
       2
       2
       2
       3
       4
       2
       0
       0
       1
       4
       2
       1
       1
       0
       1
       0
       2
       2
       1
       3
       4
       0
       1
       0
       1
       1
       0
       1
       1
       0
       0
       1
       1
       1
       0
       1
       1
       3
       1
       2
       1
       3
       5
       5
       0
       1
       0
       2
       0
       0
       2
       0
       0
       1
       3
       1
       0
       1
       0
       2
       1
       1
       2
       0
       1
       0
       1
       2
       0
       2
       0
       2
       1
       2
       2
       1
       0
       0
       1
       0
       3
       1
       1
       2
       0
       0
       0
       1
       1
       2
       0
       1
       2
       2
       3
       2
       2
       0
       6
       2
       2
       1
       0
       0
       1
       0
       1
       1
       0
       1
       3
       1
       1
       0
       2
       1
       3
       2
       1
       1
       1
       2
       1
       1
       0
       0
       3
       1
       1
       2
       1
       6
       3
       2
       2
       1
       1
       0
       2
       1
       1
       2
       1
       4
       2
       0
       1
       3
       3
       0
       0
       3
       3
       0
       0
       0
       1
       2
       0
       2
       2
       1
       1
       2
       0
       2
       2
       2
       3
       3
       2
       3
       2
       1
       2
       2
       3
       0
       0
       2
       2
       2
       2
       2
       0
       2
       3
       0
       1
       2
       3
       1
       0
       1
       1
       1
       1
       0
       1
       2
       0
       2
       1
       1
       1
       1
       2
       1
       2
       0
       1
       3
       4
       0
       4
       0
       1
       2
       2
       2
       0
       1
       4
       0
       1
       1
       1
       1
       1
       4
       1
       1
       1
       1
       1
       1
       1
       4
       1
       1
       1
       0
       0
       1
       1
       4
       0
       3
       0
       2
       2
       1
       0
       0
       5
       1
       0
       0
       2
       3
       0
       1
       0
       1
       1
       3
       2
       1
       3
       4
       3
       1
       3
       1
       1
       1
       2
       1
       3
       1
       1
       2
       4
       0
       1
       0
       2
       2
       1
       3
       1
       2
       1
       0
       1
       2
       3
       1
       2
       2
       0
       1
       1
       0
       1
       5
       0
       0
       2
       0
       2
       4
       1
       3
       1
       0
       1
       0
       0
       1
       0
       1
       2
       2
       1
       1
       1
       5
       1
       0
       1
       1
       2
       1
       3
       1
       2
       0
       1
       3
       2
       0
       2
       0
       0
       1
       2
       2
       1
       1
       2
       2
       0
       0
       1
       2
       2
       0
       1
       1
       2
       1
       2
       1
       0
       1
       0
       1
       4
       1
       0
       3
       2
       3
       0
       2
       2
       0
       0
       1
       1
       3
       2
       0
       5
       1
       0
       0
       1
       2
       1
       0
       3
       2
       3
       1
       2
       1
       0
       2
       2
       0
       2
       0
       4
       0
       0
       2
       2
       1
       1
       3
       1
       3
       0
       0
       1
       0
       1
       1
       0
       1
       2
       1
       2
       2
       0
       3
       3
       0
       0
       4
       0
       2
       0
       0
       1
       5
       1
       0
       0
       1
       1
       3
       0
       0
       2
       0
       3
       0
       4
       2
       1
       1
       0
       0
       2
       0
       1
       0
       1
       1
       2
       0
       1
       2
       2
       1
       0
       0
       0
       2
       1
       1
       1
       1
       1
       2
       2
       2
       1
       1
       1
       6
       1
       0
       0
       2
       0
       2
       1
       0
       0
       0
       1
       0
       0
       4
       1
       0
       1
       1
       0
       1
       1
       1
       1
       1
       2
       1
       2
       1
       2
       0
       1
       1
       1
       1
       1
       2
       0
       2
       2
       0
       2
       1
       0
       0
       0
       1
       1
       0
       1
       1
       2
       1
       1
       0
       2
       0
       1
       2
       1
       4
       0
       1
       1
       1
       1
       0
       1
       2
       0
       0
       1
       0
       2
       0
       1
       1
       0
       2
       1
       1
       1
       4
       2
       1
       1
       2
       4
       1
       1
       0
       0
       1
       5
       1
       0
       0
       1
       1
       1
       1
       1
       2
       1
       1
       0
       1
       2
       0
       1
       2
       0
       0
       0
       2
       1
       3
       3
       0
       1
       1
       1
       1
       0
       1
       1
       1
       3
       1
       0
       2
       2
       1
       2
       4
       2
       1
       0
       2
       3
       1
       0
       0
       2
       0
       0
       2
       4
       0
       1
       0
       0
       1
       0
       2
       0
       2
       1
       1
       0
       1
       1
       0
       1
       1
       0
       1
       2
       2
       1
       0
       1
       1
       1
       1
       2
       2
       2
       1
       0
       0
       0
       1
       1
       2
       0
       1
       1
       0
       0
       1
       1
       3
       1
       2
       3
       1
       1
       1
       3
       0
       2
       0
       0
       1
       3
       0
       0
       1
       0
       1
       2
       1
       0
       0
       1
       0
       0
       1
       0
       1
       0
       1
       0
       1
       2
       2
       1
       1
       0
       1
       2
       3
       5
       1
       0
       1
       0
       0
       2
       1
       1
       2
       1
       0
       2
       0
       0
       1
       2
       0
       0
       1
       1
       1
       0
       0
       2
       4
       1
       0
       0
       0
       3
       2
       0
       0
       2
       1
       1
       3
       2
       0
       1
       1
       0
       2
       0
       0
       1
       0
       1
       1
       1
       1
       0
       1
       0
       1
       0
       0
       3
       2
       2
       0
       1
       2
       2
       0
       1
       2
       3
       1
       1
       1
       1
       3
       0
       2
       4
       2
       1
       1
       2
       0
       1
       0
       1
       3
       2
       0
       1
       2
       1
       2
       0
       2
       1
       0
       5
       0
       1
       1
       2
       1
       2
       0
       1
       2
       1
       1
       0
       1
       1
       1
       1
       1
       2
       0
       4
       4
       0
       0
       1
       2
       1
       3
       1
       1
       3
       1
       0
       1
       1
       4
       1
       2
       2
       1
       1
       2
       2
       3
       1
       1
       2
       0
       2
       3
       0
       1
       3
       2
       2
       4
       0
       1
       2
       1
       0
       3
       0
       0
       1
       4
       2
       2
       0
       1
       1
       2
       1
       3
       2
       2
       0
       0
       1
       2
       0
       1
       0
       3
       1
       1
       1
       1
       1
       2
       2
       1
       1
       2
       0
       2
       2
       1
       1
       1
       2
       2
       0
       0
       0
       1
       2
       1
       0
       1
       0
       1
       0
       2
       0
       2
       2
       2
       1
       2
       1
       2
       2
       3
       1
       3
       0
       1
       2
       1
       1
       2
       1
       0
       1
       1
       0
       0
       2
       0
       2
       1
       0
       4
       0
       1
       2
       2
       3
       4
       0
       2
       1
       0
       1
       1
       0
       0
       1
       1
       2
       0
       2
       2
       1
       0
       2
       1
       0
       2
       1
       3
       0
       1
       1
       2
       1
       2
       1
       1
       2
       0
       0
       0
       1
       1
       2
       3
       2
       1
       1
       0
       2
       0
       4
       2
       1
       2
       1
       1
       0
       1
       1
       1
       2
       1
       2
       0
       2
       1
       3
       0
       0
       0
       1
       1
       3
       1
       0
       3
       1
       0
       1
       1
       1
       6
       1
       1
       2
       3
       0
       2
       1
       0
       0
       1
       0
       2
       1
       1
       1
       1
       0
       0
       1
       0
       1
       2
       2
       0
       3
       1
       1
       1
       0
       0
       2
       1
       1
       0
       0
       0
       1
       1
       0
       0
       1
       1
       2
       1
       0
       1
       1
       1
       2
       0
       0
       0
       1
       0
       3
       2
       1
       3
       1
       3
       1
       0
       1
       2
       2
       1
       4
       2
       1
       0
       1
       4
       0
       1
       1
       0
       2
       0
       1
       0
       1
       1
       3
       1
       1
       0
       1
       2
       4
       0
       3
       2
       1
       2
       2
       1
       0
       2
       1
       2
       3
       2
       1
       0
       1
       2
       0
       4
       1
       3
       2
       1
       0
       1
       1
       1
       1
       0
       0
       2
       0
       1
       1
       3
       0
       0
       1
       0
       2
       0
       1
       1
       1
       3
       1
       2
       1
       0
       2
       2
       0
       2
       0
       2
       2
       2
       1
       1
       1
       2
       1
       3
       3
       1
       1
       2
       1
       1
       1
       1
       1
       0
       1
       1
       1
       2
       1
       0
       2
       0
       0
       1
       1
       2
       2
       0
       0
       0
       2
       1
       0
       0
       2
       0
       2
       1
       1
       2
       1
       2
       1
       4
       1
       0
       1
       0
       1
       3
       0
       0
       3
       0
       1
       0
       0
       1
       0
       1
       1
       1
       4
       0
       1
       0
       0
       1
       2
       2
       1
       1
       0
       4
       0
       1
       1
       2
       0
       1
       0
       2
       1
       2
       2
       2
       3
       0
       2
       0
       0
       2
       2
       1
       2
       0
       3
       2
       1
       1
       2
       3
       1
       0
       5
       2
       1
       5
       0
       1
       0
       1
       1
       2
       0
       2
       1
       0
       1
       1
       1
       1
       0
       0
       3
       0
       0
       1
       0
       3
       0
       1
       1
       2
       1
       1
       1
       0
       0
       3
       1
       1
       2
       1
       2
       0
       0
       3
       1
       2
       0
       0
       4
       2
       0
       0
       0
       0
       2
       2
       0
       0
       0
       1
       2
       1
       0
       2
       1
       0
       1
       2
       2
       2
       0
       1
       1
       0
       1
       3
       0
       1
       1
       0
       1
       1
       0
       0
       2
       0
       2
       2
       2
       1
       1
       0
       0
       3
       1
       2
       0
       0
       1
       1
       0
       2
       2
       2
       0
       2
       1
       3
       1
       1
       1
       1
       1
       1
       0
       1
       2
       0
       1
       1
       1
       1
       1
       1
       3
       1
       2
       1
       1
       2
       2
       1
       0
       1
       1
       1
       1
       0
       1
       2
       4
       1
       2
       0
       0
       1
       1
       1
       1
       0
       1
       3
       3
       1
       1
       1
       1
       1
       1
       2
       2
       2
       0
       2
       2
       1
       0
       1
       0
       3
       1
       0
       2
       0
       2
       1
       0
       1
       2
       1
       2
       1
       1
       2
       2
       0
       2
       1
       1
       2
       0
       2
       1
       1
       0
       0
       3
       3
       1
       0
       0
       0
       2
       0
       3
       4
       2
       0
       2
       1
       2
       1
       2
       1
       0
       1
       1
       1
       2
       1
       0
       3
       3
       3
       0
       0
       2
       1
       1
       2
       3
       1
       0
       1
       1
       1
       0
       2
       4
       1
       1
       3
       1
       1
       1
       3
       2
       0
       2
       1
       3
       1
       2
       0
       1
       2
       2
       1
       1
       0
       1
       0
       1
       2
       1
       2
       0
       1
       0
       0
       1
       1
       1
       1
       0
       0
       1
       2
       3
       4
       3
       0
       2
       0
       0
       1
       1
       2
       1
       2
       2
       0
       0
       1
       0
       3
       0
       1
       1
       1
       0
       1
       3
       0
       1
       2
       2
       2
       2
       2
       1
       0
       0
       1
       1
       3
       2
       0
       0
       1
       0
       1
       1
       1
       1
       3
       5
       3
       4
       1
       1
       1
       0
       0
       1
       0
       0
       3
       0
       2
       2
       2
       1
       2
       2
       3
       0
       0
       0
       1
       2
       0
       1
       2
       0
       2
       0
       2
       3
       0
       2
       1
       0
       0
       2
       2
       1
       3
       2
       0
       0
       2
       1
       2
       2
       0
       4
       0
       1
       0
       0
       2
       1
       0
       1
       1
       3
       4
       0
       0
       0
       1
       0
       3
       0
       1
       1
       0
       1
       3
       1
       0
       0
       0
       0
       0
       2
       2
       3
       2
       0
       1
       2
       2
       2
       1
       0
       1
       1
       3
       0
       1
       0
       2
       1
       0
       2
       0
       1
       0
       1
       1
       2
       0
       0
       0
       0
       1
       2
       0
       1
       1
       0
       0
       1
       2
       1
       2
       1
       1
       3
       3
       2
       1
       1
       2
       1
       0
       1
       0
       1
       2
       0
       2
       0
       3
       1
       0
       0
       2
       2
       3
       1
       0
       0
       0
       0
       0
       0
       2
       1
       1
       0
       2
       0
       1
       1
       2
       1
       0
       3
       2
       0
       0
       0
       2
       1
       0
       2
       0
       4
       0
       2
       3
       0
       0
       0
       0
       1
       0
       2
       0
       1
       2
       3
       2
       1
       1
       4
       2
       0
       2
       3
       2
       0
       1
       1
       1
       0
       1
       3
       0
       3
       2
       1
       3
       0
       2
       1
       0
       1
       0
       1
       0
       1
       3
       0
       1
       0
       0
       1
       0
       1
       2
       2
       1
       1
       5
       0
       0
       2
       2
       2
       0
       2
       1
       1
       2
       2
       1
       2
       0
       1
       0
       0
       2
       2
       1
       0
       1
       0
       1
       1
       1
       1
       0
       1
       1
       1
       1
       1
       1
       1
       2
       2
       0
       4
       2
       0
       2
       1
       1
       4
       1
       2
       1
       3
       1
       2
       2
       1
       0
       3
       0
       1
       0
       1
       1
       1
       0
       2
       0
       0
       0
       1
       1
       2
       0
       1
       1
       1
       2
       1
       1
       1
       1
       2
       2
       1
       2
       3
       2
       0
       0
       2
       1
       6
       0
       0
       1
       0
       0
       0
       0
       2
       1
       0
       0
       1
       1
       0
       0
       1
       1
       1
       3
       1
       1
       1
       0
       1
       4
       0
       2
       0
       1
       2
       2
       4
       2
       2
       2
       1
       2
       0
       3
       1
       0
       3
       2
       0
       0
       0
       0
       1
       1
       1
       1
       0
       1
       2
       2
       1
       0
       1
       1
       0
       2
       6
       3
       2
       2
       1
       0
       0
       2
       2
       1
       1
       2
       2
       3
       0
       0
       2
       1
       1
       0
       0
       1
       3
       2
       1
       0
       1
       0
       0
       2
       0
       0
       0
       1
       1
       1
       2
       2
       2
       2
       2
       5
       2
       1
       2
       1
       2
       1
       1
       1
       3
       3
       0
       1
       0
       0
       1
       0
       1
       0
       1
       1
       0
       2
       1
       1
       0
       1
       1
       1
       2
       4
       0
       1
       0
       0
       1
       2
       0
       2
       1
       2
       0
       1
       2
       2
       1
       1
       0
       3
       1
       1
       3
       2
       2
       2
       1
       1
       1
       0
       0
       0
       1
       2
       0
       0
       2
       1
       2
       2
       3
       0
       1
       3
       1
       1
       0
       0
       1
       1
       0
       1
       1
       0
       0
       1
       2
       3
       1
       2
       1
       1
       1
       1
       1
       2
       2
       2
       1
       0
       2
       1
       1
       1
       2
       0
       2
       2
       1
       2
       2
       0
       0
       2
       1
       1
       0
       3
       3
       2
       1
       0
       1
       3
       1
       0
       1
       1
       1
       0
       1
       0
       1
       5
       2
       5
       1
       0
       3
       2
       0
       1
       1
       1
       0
       2
       2
       2
       2
       1
       1
       1
       2
       2
       1
       1
       4
       0
       1
       2
       0
       1
       1
       0
       0
       1
       2
       1
       0
       0
       2
       1
       1
       2
       1
       2
       0
       0
       1
       3
       0
       0
       1
       4
       1
       1
       2
       0
       4
       1
       3
       1
       0
       0
       1
       2
       2
       0
       3
       2
       0
       2
       2
       2
       1
       0
       0
       1
       0
       2
       0
       2
       2
       1
       2
       2
       1
       0
       0
       2
       1
       2
       1
       0
       0
       4
       1
       1
       1
       0
       3
       2
       2
       1
       0
       0
       0
       1
       0
       0
       0
       2
       2
       1
       2
       1
       6
       0
       1
       2
       1
       2
       2
       1
       1
       1
       2
       0
       0
       1
       5
       1
       1
       1
       0
       0
       1
       0
       0
       0
       0
       3
       2
       1
       1
       4
       1
       0
       1
       1
       1
       1
       2
       2
       4
       1
       2
       2
       1
       1
       1
       4
       0
       0
       0
       0
       2
       2
       1
       0
       1
       1
       2
       1
       0
       0
       0
       0
       0
       3
       0
       0
       1
       1
       0
       1
       1
       3
       0
       1
       3
       1
       1
       1
       0
       1
       2
       0
       2
       2
       1
       2
       1
       0
       1
       2
       1
       1
       0
       2
       0
       1
       1
       1
       1
       3
       3
       0
       2
       1
       0
       0
       1
       1
       0
       3
       1
       1
       2
       3
       2
       0
       2
       0
       0
       0
       1
       0
       1
       0
       0
       2
       1
       0
       0
       0
       0
       2
       1
       1
       0
       1
       0
       1
       1
       2
       0
       1
       1
       0
       1
       2
       2
       4
       1
       4
       3
       0
       1
       0
       0
       1
       2
       1
       3
       3
       0
       2
       2
       2
       0
       2
       1
       1
       1
       0
       1
       1
       2
       1
       3
       2
       2
       0
       2
       1
       1
       0
       1
       1
       1
       1
       2
       1
       0
       1
       1
       2
       3
       0
       1
       0
       0
       3
       3
       2
       2
       1
       0
       2
       1
       0
       1
       1
       1
       3
       0
       0
       1
       0
       1
       5
       0
       0
       1
       2
       1
       1
       0
       3
       1
       0
       0
       1
       1
       1
       0
       0
       0
       0
       1
       0
       1
       0
       0
       2
       1
       1
       2
       0
       2
       2
       0
       1
       0
       2
       0
       1
       1
       0
       0
       1
       2
       1
       3
       0
       1
       2
       2
       0
       1
       1
       1
       1
       1
       2
       0
       0
       0
       0
       0
       0
       0
       0
       0
       0
       0
       0
       0
       0
       0
       0
       0
       0
       0
       0
       0
       0
       0
       0
       0
       0
       0
       0
       0
       0
       0
       0
       0
       0
       0
       0
       0
       0
       0
       0
       0
       0
       0
       0
       0
       0
       0
       0
       0
       0
       0
       0
       0
       0
       0
       0
       0
       0
       0
       0
       0
       0
       0
       0
       0
       0
       0
       0
       0
       0
       0
       0
       0
       0
       0
       0
       0
       0
       0
       0
       0
       0
       0
       0
       0
       0
       0
       0
       0
       0
       0
       0
       0
       0
       0
       0
       0
       0
       0
       0
       0
       0
       0
       0
       0
       0
       0
       0
       0
       0
       0
       0
       0
       0
       0
       0
       0
       0
       0
       0
       0
       0
       0
       0
       0
       0
       0
       0
       0
       0
       0
       0
       0
       0
       0
       0
       0
       0
       0
       0
       0
       0
       0
       0
       0
       0
       0
       0
       0
       0
       0
       0
       0
       0
       0
       0
       0
       0
       0
       0
       0
       0
       0
       0
       0
       0
       0
       0
       0
       0
       0
       0
       0
       0
       0
       0
       0
       0
       0
       0
       0
       0
       0
       0
       0
       0
       0
       0
       0
       0
       0
       0
       0
       0
       0
       0
       0
       0
       0
       0
       0
       0
       0
       0
       0
       0
       0
       0
       0
       0
       0
       0
       0
       0
       0
       0
       0
       0
       0
       0
       0
       0
       0
       0
       0
       0
       0
       0
       0
       0
       0
       0
       0
       0
       0
       0
       0
       0
       0
       0
       0
       0
       0
       0
       0
       0
       0
       0
       0
       0
       0
       0
       0
       0
       0
       0
$ROI:
0
$PRESETS:
None
0
0
$ENER_FIT:
0.000000 0.533053
$MCA_CAL:
3
0.000000E+000 5.330531E-001 0.000000E+000 keV
$SHAPE_CAL:
3
0.000000E+000 0.000000E+000 0.000000E+000
